file,exists,session_count,hits,sessions,sample
.env,True,20,476,rollout-2026-07-31T11-06-09-019fb659-d8c8-7971-aa5f-6125546bafd1.jsonl;rollout-2026-08-02T17-29-48-019fc205-cd55-7a50-950b-2f6a196b5dee.jsonl;rollout-2026-08-03T11-06-38-019fc5cd-5f39-7863-a5b2-93a372b3a4ab.jsonl;rollout-2026-08-04T08-03-01-019fca4b-9f33-7ca2-beed-c0a735c6d12c.jsonl;rollout-2026-08-04T08-35-38-019fca69-7aad-7c81-a41b-21d9b9b7a3a6.jsonl;rollout-2026-08-04T10-15-17-019fcac4-b895-7d41-8678-b7e083a63a7c.jsonl;rollout-2026-08-04T10-19-37-019fcac8-aef6-7891-b93f-98ea184a621a.jsonl;rollout-2026-08-04T10-21-58-019fcaca-d45c-71e2-b106-bf99705f2352.jsonl;rollout-2026-08-04T10-34-18-019fcad6-1ecd-7850-99bb-3c6de4e50875.jsonl;rollout-2026-08-04T11-16-01-019fcafc-52a7-7192-8947-b6108df3e0a0.jsonl;rollout-2026-08-04T11-30-54-019fcb09-f095-73f0-a684-f990ae1268d9.jsonl;rollout-2026-08-04T12-04-05-019fcb28-5502-7851-a2a2-04d6af5ebca0.jsonl;rollout-2026-08-04T12-06-35-019fcb2a-9ce7-77a0-883d-13f05394caa9.jsonl;rollout-2026-08-04T13-25-53-019fcb73-38aa-7dc1-a0e8-ba0bbda0b211.jsonl;rollout-2026-08-04T13-46-54-019fcb86-7621-7113-8c34-e9e4bbbbcec9.jsonl;rollout-2026-08-04T14-54-53-019fcbc4-b3f2-77f3-b7c1-a06a5366e820.jsonl;rollout-2026-08-04T15-01-41-019fcbca-eaed-74d1-bf45-177cdb3f3491.jsonl;rollout-2026-08-04T15-07-44-019fcbd0-75f1-73c3-a828-838aa341eb82.jsonl;rollout-2026-08-04T16-25-55-019fcc18-0915-78d0-ba2c-e6b7a07eb9f1.jsonl;rollout-2026-08-04T20-47-31-019fcd07-8c5b-7af3-b9ec-87cb36d7a952.jsonl,-a----         7/10/2026  14:54 PM           1597 .env                                                                 
.env.backup,False,1,1,rollout-2026-08-04T08-35-38-019fca69-7aad-7c81-a41b-21d9b9b7a3a6.jsonl,.env.backup
.env.before_restore_railway_2047,False,1,18,rollout-2026-08-04T20-47-31-019fcd07-8c5b-7af3-b9ec-87cb36d7a952.jsonl,"{""command"":""$current='D:\\luanvancuoiky\\.env'; $old='D:\\_recovered_luanvancuoiky_artifacts_20260804-205718\\vscode_history_latest\\.env'; $fallback='C:\\Users\\vu minh\\AppData\\Roaming\\Code\\User\\History\\-169fa2f3\\Qrix'; $backupDir='C:\\Recovered_luanva"
.env.current_restored_old_backup,False,1,4,rollout-2026-08-04T20-47-31-019fcd07-8c5b-7af3-b9ec-87cb36d7a952.jsonl,"{""command"":""$main='C:\\Recovered_luanvancuoiky_before_antigravity_20260804\\pre_antigravity_codex_best_effort_212858'; $root='C:\\Recovered_luanvancuoiky_before_antigravity_20260804'; robocopy (Join-Path $root 'current_survivors_before_2027') $main /E /NFL /ND"
.env.example,True,21,128,rollout-2026-07-31T11-06-09-019fb659-d8c8-7971-aa5f-6125546bafd1.jsonl;rollout-2026-08-02T17-29-48-019fc205-cd55-7a50-950b-2f6a196b5dee.jsonl;rollout-2026-08-03T11-06-38-019fc5cd-5f39-7863-a5b2-93a372b3a4ab.jsonl;rollout-2026-08-04T08-03-01-019fca4b-9f33-7ca2-beed-c0a735c6d12c.jsonl;rollout-2026-08-04T08-35-38-019fca69-7aad-7c81-a41b-21d9b9b7a3a6.jsonl;rollout-2026-08-04T10-12-03-019fcac1-c2c1-7fa1-9025-75f407e5c17d.jsonl;rollout-2026-08-04T10-15-17-019fcac4-b895-7d41-8678-b7e083a63a7c.jsonl;rollout-2026-08-04T10-19-37-019fcac8-aef6-7891-b93f-98ea184a621a.jsonl;rollout-2026-08-04T10-21-58-019fcaca-d45c-71e2-b106-bf99705f2352.jsonl;rollout-2026-08-04T10-34-18-019fcad6-1ecd-7850-99bb-3c6de4e50875.jsonl;rollout-2026-08-04T11-16-01-019fcafc-52a7-7192-8947-b6108df3e0a0.jsonl;rollout-2026-08-04T11-30-54-019fcb09-f095-73f0-a684-f990ae1268d9.jsonl;rollout-2026-08-04T12-04-05-019fcb28-5502-7851-a2a2-04d6af5ebca0.jsonl;rollout-2026-08-04T12-06-35-019fcb2a-9ce7-77a0-883d-13f05394caa9.jsonl;rollout-2026-08-04T13-25-53-019fcb73-38aa-7dc1-a0e8-ba0bbda0b211.jsonl;rollout-2026-08-04T13-46-54-019fcb86-7621-7113-8c34-e9e4bbbbcec9.jsonl;rollout-2026-08-04T14-54-53-019fcbc4-b3f2-77f3-b7c1-a06a5366e820.jsonl;rollout-2026-08-04T15-01-41-019fcbca-eaed-74d1-bf45-177cdb3f3491.jsonl;rollout-2026-08-04T15-07-44-019fcbd0-75f1-73c3-a828-838aa341eb82.jsonl;rollout-2026-08-04T16-25-55-019fcc18-0915-78d0-ba2c-e6b7a07eb9f1.jsonl;rollout-2026-08-04T20-47-31-019fcd07-8c5b-7af3-b9ec-87cb36d7a952.jsonl,-a----         7/14/2026  21:33 PM           1506 .env.example                                                         
.env.git,False,1,4,rollout-2026-08-04T20-47-31-019fcd07-8c5b-7af3-b9ec-87cb36d7a952.jsonl,C:\Users\vu minh\AppData\Roaming\Antigravity\logs\20260804T202159\window1\exthost\vscode.git\Git.log:241:2026-08-04 20:46:08.209 [warning] [GitFileSystemProvider][readFile] File not found - git:/d%3A/luanvancuoiky/.env.git?%7B%22path%22%3A%22d%3A%5C%5Cluanvanc
.env.production,False,1,1,rollout-2026-08-04T08-35-38-019fca69-7aad-7c81-a41b-21d9b9b7a3a6.jsonl,.env.production
.env.railway_2047_backup,True,1,16,rollout-2026-08-04T20-47-31-019fcd07-8c5b-7af3-b9ec-87cb36d7a952.jsonl,"{""command"":""$main='C:\\Recovered_luanvancuoiky_before_antigravity_20260804\\pre_antigravity_codex_best_effort_212858'; $root='C:\\Recovered_luanvancuoiky_before_antigravity_20260804'; robocopy (Join-Path $root 'current_survivors_before_2027') $main /E /NFL /ND"
.env.restored_source_vscode_history_20260710,False,1,7,rollout-2026-08-04T20-47-31-019fcd07-8c5b-7af3-b9ec-87cb36d7a952.jsonl,"{""command"":""$current='D:\\luanvancuoiky\\.env'; $old='D:\\_recovered_luanvancuoiky_artifacts_20260804-205718\\vscode_history_latest\\.env'; $fallback='C:\\Users\\vu minh\\AppData\\Roaming\\Code\\User\\History\\-169fa2f3\\Qrix'; $backupDir='C:\\Recovered_luanva"
.railwayignore,True,21,102,rollout-2026-07-31T11-06-09-019fb659-d8c8-7971-aa5f-6125546bafd1.jsonl;rollout-2026-08-02T17-29-48-019fc205-cd55-7a50-950b-2f6a196b5dee.jsonl;rollout-2026-08-03T11-06-38-019fc5cd-5f39-7863-a5b2-93a372b3a4ab.jsonl;rollout-2026-08-04T08-03-01-019fca4b-9f33-7ca2-beed-c0a735c6d12c.jsonl;rollout-2026-08-04T08-35-38-019fca69-7aad-7c81-a41b-21d9b9b7a3a6.jsonl;rollout-2026-08-04T10-12-03-019fcac1-c2c1-7fa1-9025-75f407e5c17d.jsonl;rollout-2026-08-04T10-15-17-019fcac4-b895-7d41-8678-b7e083a63a7c.jsonl;rollout-2026-08-04T10-19-37-019fcac8-aef6-7891-b93f-98ea184a621a.jsonl;rollout-2026-08-04T10-21-58-019fcaca-d45c-71e2-b106-bf99705f2352.jsonl;rollout-2026-08-04T10-34-18-019fcad6-1ecd-7850-99bb-3c6de4e50875.jsonl;rollout-2026-08-04T11-16-01-019fcafc-52a7-7192-8947-b6108df3e0a0.jsonl;rollout-2026-08-04T11-30-54-019fcb09-f095-73f0-a684-f990ae1268d9.jsonl;rollout-2026-08-04T12-04-05-019fcb28-5502-7851-a2a2-04d6af5ebca0.jsonl;rollout-2026-08-04T12-06-35-019fcb2a-9ce7-77a0-883d-13f05394caa9.jsonl;rollout-2026-08-04T13-25-53-019fcb73-38aa-7dc1-a0e8-ba0bbda0b211.jsonl;rollout-2026-08-04T13-46-54-019fcb86-7621-7113-8c34-e9e4bbbbcec9.jsonl;rollout-2026-08-04T14-54-53-019fcbc4-b3f2-77f3-b7c1-a06a5366e820.jsonl;rollout-2026-08-04T15-01-41-019fcbca-eaed-74d1-bf45-177cdb3f3491.jsonl;rollout-2026-08-04T15-07-44-019fcbd0-75f1-73c3-a828-838aa341eb82.jsonl;rollout-2026-08-04T16-25-55-019fcc18-0915-78d0-ba2c-e6b7a07eb9f1.jsonl;rollout-2026-08-04T20-47-31-019fcd07-8c5b-7af3-b9ec-87cb36d7a952.jsonl,-a----         7/26/2026  21:23 PM            210 .railwayignore                                                       
app\Actions\Fortify\CreateNewUser.php,True,16,37,rollout-2026-07-31T11-06-09-019fb659-d8c8-7971-aa5f-6125546bafd1.jsonl;rollout-2026-08-04T08-35-38-019fca69-7aad-7c81-a41b-21d9b9b7a3a6.jsonl;rollout-2026-08-04T09-20-33-019fca92-996a-7fb0-beea-942596ee66ef.jsonl;rollout-2026-08-04T10-12-03-019fcac1-c2c1-7fa1-9025-75f407e5c17d.jsonl;rollout-2026-08-04T10-21-58-019fcaca-d45c-71e2-b106-bf99705f2352.jsonl;rollout-2026-08-04T10-34-18-019fcad6-1ecd-7850-99bb-3c6de4e50875.jsonl;rollout-2026-08-04T10-48-23-019fcae3-056d-75d1-92ad-eb777da35982.jsonl;rollout-2026-08-04T11-16-01-019fcafc-52a7-7192-8947-b6108df3e0a0.jsonl;rollout-2026-08-04T12-04-05-019fcb28-5502-7851-a2a2-04d6af5ebca0.jsonl;rollout-2026-08-04T12-06-35-019fcb2a-9ce7-77a0-883d-13f05394caa9.jsonl;rollout-2026-08-04T13-25-53-019fcb73-38aa-7dc1-a0e8-ba0bbda0b211.jsonl;rollout-2026-08-04T13-46-54-019fcb86-7621-7113-8c34-e9e4bbbbcec9.jsonl;rollout-2026-08-04T14-54-53-019fcbc4-b3f2-77f3-b7c1-a06a5366e820.jsonl;rollout-2026-08-04T15-07-44-019fcbd0-75f1-73c3-a828-838aa341eb82.jsonl;rollout-2026-08-04T16-25-55-019fcc18-0915-78d0-ba2c-e6b7a07eb9f1.jsonl;rollout-2026-08-04T20-47-31-019fcd07-8c5b-7af3-b9ec-87cb36d7a952.jsonl,app\Actions\Fortify\CreateNewUser.php
app\Actions\Fortify\PasswordValidationRules.php,True,15,26,rollout-2026-07-31T11-06-09-019fb659-d8c8-7971-aa5f-6125546bafd1.jsonl;rollout-2026-08-04T09-20-33-019fca92-996a-7fb0-beea-942596ee66ef.jsonl;rollout-2026-08-04T10-12-03-019fcac1-c2c1-7fa1-9025-75f407e5c17d.jsonl;rollout-2026-08-04T10-21-58-019fcaca-d45c-71e2-b106-bf99705f2352.jsonl;rollout-2026-08-04T10-34-18-019fcad6-1ecd-7850-99bb-3c6de4e50875.jsonl;rollout-2026-08-04T10-48-23-019fcae3-056d-75d1-92ad-eb777da35982.jsonl;rollout-2026-08-04T11-16-01-019fcafc-52a7-7192-8947-b6108df3e0a0.jsonl;rollout-2026-08-04T12-04-05-019fcb28-5502-7851-a2a2-04d6af5ebca0.jsonl;rollout-2026-08-04T12-06-35-019fcb2a-9ce7-77a0-883d-13f05394caa9.jsonl;rollout-2026-08-04T13-25-53-019fcb73-38aa-7dc1-a0e8-ba0bbda0b211.jsonl;rollout-2026-08-04T13-46-54-019fcb86-7621-7113-8c34-e9e4bbbbcec9.jsonl;rollout-2026-08-04T14-54-53-019fcbc4-b3f2-77f3-b7c1-a06a5366e820.jsonl;rollout-2026-08-04T15-07-44-019fcbd0-75f1-73c3-a828-838aa341eb82.jsonl;rollout-2026-08-04T16-25-55-019fcc18-0915-78d0-ba2c-e6b7a07eb9f1.jsonl;rollout-2026-08-04T20-47-31-019fcd07-8c5b-7af3-b9ec-87cb36d7a952.jsonl,app\Actions\Fortify\PasswordValidationRules.php
app\Actions\Fortify\ResetUserPassword.php,True,14,29,rollout-2026-07-31T11-06-09-019fb659-d8c8-7971-aa5f-6125546bafd1.jsonl;rollout-2026-08-04T09-20-33-019fca92-996a-7fb0-beea-942596ee66ef.jsonl;rollout-2026-08-04T10-12-03-019fcac1-c2c1-7fa1-9025-75f407e5c17d.jsonl;rollout-2026-08-04T10-21-58-019fcaca-d45c-71e2-b106-bf99705f2352.jsonl;rollout-2026-08-04T10-34-18-019fcad6-1ecd-7850-99bb-3c6de4e50875.jsonl;rollout-2026-08-04T10-48-23-019fcae3-056d-75d1-92ad-eb777da35982.jsonl;rollout-2026-08-04T11-16-01-019fcafc-52a7-7192-8947-b6108df3e0a0.jsonl;rollout-2026-08-04T12-06-35-019fcb2a-9ce7-77a0-883d-13f05394caa9.jsonl;rollout-2026-08-04T13-25-53-019fcb73-38aa-7dc1-a0e8-ba0bbda0b211.jsonl;rollout-2026-08-04T13-46-54-019fcb86-7621-7113-8c34-e9e4bbbbcec9.jsonl;rollout-2026-08-04T14-54-53-019fcbc4-b3f2-77f3-b7c1-a06a5366e820.jsonl;rollout-2026-08-04T15-07-44-019fcbd0-75f1-73c3-a828-838aa341eb82.jsonl;rollout-2026-08-04T16-25-55-019fcc18-0915-78d0-ba2c-e6b7a07eb9f1.jsonl;rollout-2026-08-04T20-47-31-019fcd07-8c5b-7af3-b9ec-87cb36d7a952.jsonl,app\Actions\Fortify\ResetUserPassword.php
app\Actions\Fortify\UpdateUserPassword.php,True,14,38,rollout-2026-07-31T11-06-09-019fb659-d8c8-7971-aa5f-6125546bafd1.jsonl;rollout-2026-08-04T09-20-33-019fca92-996a-7fb0-beea-942596ee66ef.jsonl;rollout-2026-08-04T10-12-03-019fcac1-c2c1-7fa1-9025-75f407e5c17d.jsonl;rollout-2026-08-04T10-21-58-019fcaca-d45c-71e2-b106-bf99705f2352.jsonl;rollout-2026-08-04T10-34-18-019fcad6-1ecd-7850-99bb-3c6de4e50875.jsonl;rollout-2026-08-04T10-48-23-019fcae3-056d-75d1-92ad-eb777da35982.jsonl;rollout-2026-08-04T11-16-01-019fcafc-52a7-7192-8947-b6108df3e0a0.jsonl;rollout-2026-08-04T12-06-35-019fcb2a-9ce7-77a0-883d-13f05394caa9.jsonl;rollout-2026-08-04T13-25-53-019fcb73-38aa-7dc1-a0e8-ba0bbda0b211.jsonl;rollout-2026-08-04T13-46-54-019fcb86-7621-7113-8c34-e9e4bbbbcec9.jsonl;rollout-2026-08-04T14-54-53-019fcbc4-b3f2-77f3-b7c1-a06a5366e820.jsonl;rollout-2026-08-04T15-07-44-019fcbd0-75f1-73c3-a828-838aa341eb82.jsonl;rollout-2026-08-04T16-25-55-019fcc18-0915-78d0-ba2c-e6b7a07eb9f1.jsonl;rollout-2026-08-04T20-47-31-019fcd07-8c5b-7af3-b9ec-87cb36d7a952.jsonl,app\Actions\Fortify\UpdateUserPassword.php
app\Actions\Fortify\UpdateUserProfileInformation.php,True,15,32,rollout-2026-07-31T11-06-09-019fb659-d8c8-7971-aa5f-6125546bafd1.jsonl;rollout-2026-08-04T08-35-38-019fca69-7aad-7c81-a41b-21d9b9b7a3a6.jsonl;rollout-2026-08-04T09-20-33-019fca92-996a-7fb0-beea-942596ee66ef.jsonl;rollout-2026-08-04T10-12-03-019fcac1-c2c1-7fa1-9025-75f407e5c17d.jsonl;rollout-2026-08-04T10-15-17-019fcac4-b895-7d41-8678-b7e083a63a7c.jsonl;rollout-2026-08-04T10-21-58-019fcaca-d45c-71e2-b106-bf99705f2352.jsonl;rollout-2026-08-04T10-34-18-019fcad6-1ecd-7850-99bb-3c6de4e50875.jsonl;rollout-2026-08-04T10-48-23-019fcae3-056d-75d1-92ad-eb777da35982.jsonl;rollout-2026-08-04T11-16-01-019fcafc-52a7-7192-8947-b6108df3e0a0.jsonl;rollout-2026-08-04T12-06-35-019fcb2a-9ce7-77a0-883d-13f05394caa9.jsonl;rollout-2026-08-04T13-25-53-019fcb73-38aa-7dc1-a0e8-ba0bbda0b211.jsonl;rollout-2026-08-04T14-54-53-019fcbc4-b3f2-77f3-b7c1-a06a5366e820.jsonl;rollout-2026-08-04T15-07-44-019fcbd0-75f1-73c3-a828-838aa341eb82.jsonl;rollout-2026-08-04T16-25-55-019fcc18-0915-78d0-ba2c-e6b7a07eb9f1.jsonl;rollout-2026-08-04T20-47-31-019fcd07-8c5b-7af3-b9ec-87cb36d7a952.jsonl,app\Actions\Fortify\UpdateUserProfileInformation.php
app\Actions\Jetstream\DeleteUser.php,True,14,14,rollout-2026-07-31T11-06-09-019fb659-d8c8-7971-aa5f-6125546bafd1.jsonl;rollout-2026-08-03T11-06-38-019fc5cd-5f39-7863-a5b2-93a372b3a4ab.jsonl;rollout-2026-08-04T09-20-33-019fca92-996a-7fb0-beea-942596ee66ef.jsonl;rollout-2026-08-04T10-12-03-019fcac1-c2c1-7fa1-9025-75f407e5c17d.jsonl;rollout-2026-08-04T10-21-58-019fcaca-d45c-71e2-b106-bf99705f2352.jsonl;rollout-2026-08-04T10-34-18-019fcad6-1ecd-7850-99bb-3c6de4e50875.jsonl;rollout-2026-08-04T10-48-23-019fcae3-056d-75d1-92ad-eb777da35982.jsonl;rollout-2026-08-04T11-16-01-019fcafc-52a7-7192-8947-b6108df3e0a0.jsonl;rollout-2026-08-04T12-06-35-019fcb2a-9ce7-77a0-883d-13f05394caa9.jsonl;rollout-2026-08-04T13-25-53-019fcb73-38aa-7dc1-a0e8-ba0bbda0b211.jsonl;rollout-2026-08-04T14-54-53-019fcbc4-b3f2-77f3-b7c1-a06a5366e820.jsonl;rollout-2026-08-04T15-07-44-019fcbd0-75f1-73c3-a828-838aa341eb82.jsonl;rollout-2026-08-04T16-25-55-019fcc18-0915-78d0-ba2c-e6b7a07eb9f1.jsonl;rollout-2026-08-04T20-47-31-019fcd07-8c5b-7af3-b9ec-87cb36d7a952.jsonl,app\Actions\Jetstream\DeleteUser.php
app\app\Http\Middleware\SecurityHeaders.php,False,1,1,rollout-2026-08-04T08-35-38-019fca69-7aad-7c81-a41b-21d9b9b7a3a6.jsonl,#18 /app/app/Http/Middleware/SecurityHeaders.php(19): Illuminate\\Pipeline\\Pipeline->{closure:Illuminate\\Pipeline\\Pipeline::prepareDestination():178}()
app\app\Http\Middleware\ValidateRequestInput.php,False,1,1,rollout-2026-08-04T08-35-38-019fca69-7aad-7c81-a41b-21d9b9b7a3a6.jsonl,#20 /app/app/Http/Middleware/ValidateRequestInput.php(44): Illuminate\\Pipeline\\Pipeline->{closure:{closure:Illuminate\\Pipeline\\Pipeline::carry():194}:195}()
app\bootstrap.php,False,1,1,rollout-2026-08-04T20-47-31-019fcd07-8c5b-7af3-b9ec-87cb36d7a952.jsonl,-a---- 1522   6/29/2026 15:22:36 PM C:\wamp64\www\DUAN_MATKINH\admin\app\bootstrap.php                             
app\Http\Controllers\AccountController.php,True,23,484,rollout-2026-07-31T11-06-09-019fb659-d8c8-7971-aa5f-6125546bafd1.jsonl;rollout-2026-08-02T17-29-48-019fc205-cd55-7a50-950b-2f6a196b5dee.jsonl;rollout-2026-08-03T11-06-38-019fc5cd-5f39-7863-a5b2-93a372b3a4ab.jsonl;rollout-2026-08-04T08-03-01-019fca4b-9f33-7ca2-beed-c0a735c6d12c.jsonl;rollout-2026-08-04T08-35-38-019fca69-7aad-7c81-a41b-21d9b9b7a3a6.jsonl;rollout-2026-08-04T09-20-33-019fca92-996a-7fb0-beea-942596ee66ef.jsonl;rollout-2026-08-04T10-12-03-019fcac1-c2c1-7fa1-9025-75f407e5c17d.jsonl;rollout-2026-08-04T10-15-17-019fcac4-b895-7d41-8678-b7e083a63a7c.jsonl;rollout-2026-08-04T10-19-37-019fcac8-aef6-7891-b93f-98ea184a621a.jsonl;rollout-2026-08-04T10-21-58-019fcaca-d45c-71e2-b106-bf99705f2352.jsonl;rollout-2026-08-04T10-34-18-019fcad6-1ecd-7850-99bb-3c6de4e50875.jsonl;rollout-2026-08-04T10-48-23-019fcae3-056d-75d1-92ad-eb777da35982.jsonl;rollout-2026-08-04T11-16-01-019fcafc-52a7-7192-8947-b6108df3e0a0.jsonl;rollout-2026-08-04T11-30-54-019fcb09-f095-73f0-a684-f990ae1268d9.jsonl;rollout-2026-08-04T12-04-05-019fcb28-5502-7851-a2a2-04d6af5ebca0.jsonl;rollout-2026-08-04T12-06-35-019fcb2a-9ce7-77a0-883d-13f05394caa9.jsonl;rollout-2026-08-04T13-25-53-019fcb73-38aa-7dc1-a0e8-ba0bbda0b211.jsonl;rollout-2026-08-04T13-46-54-019fcb86-7621-7113-8c34-e9e4bbbbcec9.jsonl;rollout-2026-08-04T14-54-53-019fcbc4-b3f2-77f3-b7c1-a06a5366e820.jsonl;rollout-2026-08-04T15-01-41-019fcbca-eaed-74d1-bf45-177cdb3f3491.jsonl;rollout-2026-08-04T15-07-44-019fcbd0-75f1-73c3-a828-838aa341eb82.jsonl;rollout-2026-08-04T16-25-55-019fcc18-0915-78d0-ba2c-e6b7a07eb9f1.jsonl;rollout-2026-08-04T20-47-31-019fcd07-8c5b-7af3-b9ec-87cb36d7a952.jsonl,app\Http\Controllers\AccountController.php
app\Http\Controllers\Admin\AdminAuthController.php,True,23,239,rollout-2026-07-31T11-06-09-019fb659-d8c8-7971-aa5f-6125546bafd1.jsonl;rollout-2026-08-02T17-29-48-019fc205-cd55-7a50-950b-2f6a196b5dee.jsonl;rollout-2026-08-03T11-06-38-019fc5cd-5f39-7863-a5b2-93a372b3a4ab.jsonl;rollout-2026-08-04T08-03-01-019fca4b-9f33-7ca2-beed-c0a735c6d12c.jsonl;rollout-2026-08-04T08-35-38-019fca69-7aad-7c81-a41b-21d9b9b7a3a6.jsonl;rollout-2026-08-04T09-20-33-019fca92-996a-7fb0-beea-942596ee66ef.jsonl;rollout-2026-08-04T10-12-03-019fcac1-c2c1-7fa1-9025-75f407e5c17d.jsonl;rollout-2026-08-04T10-15-17-019fcac4-b895-7d41-8678-b7e083a63a7c.jsonl;rollout-2026-08-04T10-19-37-019fcac8-aef6-7891-b93f-98ea184a621a.jsonl;rollout-2026-08-04T10-21-58-019fcaca-d45c-71e2-b106-bf99705f2352.jsonl;rollout-2026-08-04T10-34-18-019fcad6-1ecd-7850-99bb-3c6de4e50875.jsonl;rollout-2026-08-04T10-48-23-019fcae3-056d-75d1-92ad-eb777da35982.jsonl;rollout-2026-08-04T11-16-01-019fcafc-52a7-7192-8947-b6108df3e0a0.jsonl;rollout-2026-08-04T11-30-54-019fcb09-f095-73f0-a684-f990ae1268d9.jsonl;rollout-2026-08-04T12-04-05-019fcb28-5502-7851-a2a2-04d6af5ebca0.jsonl;rollout-2026-08-04T12-06-35-019fcb2a-9ce7-77a0-883d-13f05394caa9.jsonl;rollout-2026-08-04T13-25-53-019fcb73-38aa-7dc1-a0e8-ba0bbda0b211.jsonl;rollout-2026-08-04T13-46-54-019fcb86-7621-7113-8c34-e9e4bbbbcec9.jsonl;rollout-2026-08-04T14-54-53-019fcbc4-b3f2-77f3-b7c1-a06a5366e820.jsonl;rollout-2026-08-04T15-01-41-019fcbca-eaed-74d1-bf45-177cdb3f3491.jsonl;rollout-2026-08-04T15-07-44-019fcbd0-75f1-73c3-a828-838aa341eb82.jsonl;rollout-2026-08-04T16-25-55-019fcc18-0915-78d0-ba2c-e6b7a07eb9f1.jsonl;rollout-2026-08-04T20-47-31-019fcd07-8c5b-7af3-b9ec-87cb36d7a952.jsonl,app\Http\Controllers\Admin\AdminAuthController.php
app\Http\Controllers\Admin\AdminRouteAliasController.php,True,23,148,rollout-2026-07-31T11-06-09-019fb659-d8c8-7971-aa5f-6125546bafd1.jsonl;rollout-2026-08-02T17-29-48-019fc205-cd55-7a50-950b-2f6a196b5dee.jsonl;rollout-2026-08-03T11-06-38-019fc5cd-5f39-7863-a5b2-93a372b3a4ab.jsonl;rollout-2026-08-04T08-03-01-019fca4b-9f33-7ca2-beed-c0a735c6d12c.jsonl;rollout-2026-08-04T08-35-38-019fca69-7aad-7c81-a41b-21d9b9b7a3a6.jsonl;rollout-2026-08-04T09-20-33-019fca92-996a-7fb0-beea-942596ee66ef.jsonl;rollout-2026-08-04T10-12-03-019fcac1-c2c1-7fa1-9025-75f407e5c17d.jsonl;rollout-2026-08-04T10-15-17-019fcac4-b895-7d41-8678-b7e083a63a7c.jsonl;rollout-2026-08-04T10-19-37-019fcac8-aef6-7891-b93f-98ea184a621a.jsonl;rollout-2026-08-04T10-21-58-019fcaca-d45c-71e2-b106-bf99705f2352.jsonl;rollout-2026-08-04T10-34-18-019fcad6-1ecd-7850-99bb-3c6de4e50875.jsonl;rollout-2026-08-04T10-48-23-019fcae3-056d-75d1-92ad-eb777da35982.jsonl;rollout-2026-08-04T11-16-01-019fcafc-52a7-7192-8947-b6108df3e0a0.jsonl;rollout-2026-08-04T11-30-54-019fcb09-f095-73f0-a684-f990ae1268d9.jsonl;rollout-2026-08-04T12-04-05-019fcb28-5502-7851-a2a2-04d6af5ebca0.jsonl;rollout-2026-08-04T12-06-35-019fcb2a-9ce7-77a0-883d-13f05394caa9.jsonl;rollout-2026-08-04T13-25-53-019fcb73-38aa-7dc1-a0e8-ba0bbda0b211.jsonl;rollout-2026-08-04T13-46-54-019fcb86-7621-7113-8c34-e9e4bbbbcec9.jsonl;rollout-2026-08-04T14-54-53-019fcbc4-b3f2-77f3-b7c1-a06a5366e820.jsonl;rollout-2026-08-04T15-01-41-019fcbca-eaed-74d1-bf45-177cdb3f3491.jsonl;rollout-2026-08-04T15-07-44-019fcbd0-75f1-73c3-a828-838aa341eb82.jsonl;rollout-2026-08-04T16-25-55-019fcc18-0915-78d0-ba2c-e6b7a07eb9f1.jsonl;rollout-2026-08-04T20-47-31-019fcd07-8c5b-7af3-b9ec-87cb36d7a952.jsonl,app\Http\Controllers\Admin\AdminRouteAliasController.php
app\Http\Controllers\Admin\BannerAdminController.php,True,22,142,rollout-2026-07-31T11-06-09-019fb659-d8c8-7971-aa5f-6125546bafd1.jsonl;rollout-2026-08-03T11-06-38-019fc5cd-5f39-7863-a5b2-93a372b3a4ab.jsonl;rollout-2026-08-04T08-03-01-019fca4b-9f33-7ca2-beed-c0a735c6d12c.jsonl;rollout-2026-08-04T08-35-38-019fca69-7aad-7c81-a41b-21d9b9b7a3a6.jsonl;rollout-2026-08-04T09-20-33-019fca92-996a-7fb0-beea-942596ee66ef.jsonl;rollout-2026-08-04T10-12-03-019fcac1-c2c1-7fa1-9025-75f407e5c17d.jsonl;rollout-2026-08-04T10-15-17-019fcac4-b895-7d41-8678-b7e083a63a7c.jsonl;rollout-2026-08-04T10-19-37-019fcac8-aef6-7891-b93f-98ea184a621a.jsonl;rollout-2026-08-04T10-21-58-019fcaca-d45c-71e2-b106-bf99705f2352.jsonl;rollout-2026-08-04T10-34-18-019fcad6-1ecd-7850-99bb-3c6de4e50875.jsonl;rollout-2026-08-04T10-48-23-019fcae3-056d-75d1-92ad-eb777da35982.jsonl;rollout-2026-08-04T11-16-01-019fcafc-52a7-7192-8947-b6108df3e0a0.jsonl;rollout-2026-08-04T11-30-54-019fcb09-f095-73f0-a684-f990ae1268d9.jsonl;rollout-2026-08-04T12-04-05-019fcb28-5502-7851-a2a2-04d6af5ebca0.jsonl;rollout-2026-08-04T12-06-35-019fcb2a-9ce7-77a0-883d-13f05394caa9.jsonl;rollout-2026-08-04T13-25-53-019fcb73-38aa-7dc1-a0e8-ba0bbda0b211.jsonl;rollout-2026-08-04T13-46-54-019fcb86-7621-7113-8c34-e9e4bbbbcec9.jsonl;rollout-2026-08-04T14-54-53-019fcbc4-b3f2-77f3-b7c1-a06a5366e820.jsonl;rollout-2026-08-04T15-01-41-019fcbca-eaed-74d1-bf45-177cdb3f3491.jsonl;rollout-2026-08-04T15-07-44-019fcbd0-75f1-73c3-a828-838aa341eb82.jsonl;rollout-2026-08-04T16-25-55-019fcc18-0915-78d0-ba2c-e6b7a07eb9f1.jsonl;rollout-2026-08-04T20-47-31-019fcd07-8c5b-7af3-b9ec-87cb36d7a952.jsonl,app\Http\Controllers\Admin\BannerAdminController.php
app\Http\Controllers\Admin\BusinessAdminController.php,True,22,272,rollout-2026-07-31T11-06-09-019fb659-d8c8-7971-aa5f-6125546bafd1.jsonl;rollout-2026-08-02T17-29-48-019fc205-cd55-7a50-950b-2f6a196b5dee.jsonl;rollout-2026-08-04T08-03-01-019fca4b-9f33-7ca2-beed-c0a735c6d12c.jsonl;rollout-2026-08-04T08-35-38-019fca69-7aad-7c81-a41b-21d9b9b7a3a6.jsonl;rollout-2026-08-04T09-20-33-019fca92-996a-7fb0-beea-942596ee66ef.jsonl;rollout-2026-08-04T10-12-03-019fcac1-c2c1-7fa1-9025-75f407e5c17d.jsonl;rollout-2026-08-04T10-15-17-019fcac4-b895-7d41-8678-b7e083a63a7c.jsonl;rollout-2026-08-04T10-19-37-019fcac8-aef6-7891-b93f-98ea184a621a.jsonl;rollout-2026-08-04T10-21-58-019fcaca-d45c-71e2-b106-bf99705f2352.jsonl;rollout-2026-08-04T10-34-18-019fcad6-1ecd-7850-99bb-3c6de4e50875.jsonl;rollout-2026-08-04T10-48-23-019fcae3-056d-75d1-92ad-eb777da35982.jsonl;rollout-2026-08-04T11-16-01-019fcafc-52a7-7192-8947-b6108df3e0a0.jsonl;rollout-2026-08-04T11-30-54-019fcb09-f095-73f0-a684-f990ae1268d9.jsonl;rollout-2026-08-04T12-04-05-019fcb28-5502-7851-a2a2-04d6af5ebca0.jsonl;rollout-2026-08-04T12-06-35-019fcb2a-9ce7-77a0-883d-13f05394caa9.jsonl;rollout-2026-08-04T13-25-53-019fcb73-38aa-7dc1-a0e8-ba0bbda0b211.jsonl;rollout-2026-08-04T13-46-54-019fcb86-7621-7113-8c34-e9e4bbbbcec9.jsonl;rollout-2026-08-04T14-54-53-019fcbc4-b3f2-77f3-b7c1-a06a5366e820.jsonl;rollout-2026-08-04T15-01-41-019fcbca-eaed-74d1-bf45-177cdb3f3491.jsonl;rollout-2026-08-04T15-07-44-019fcbd0-75f1-73c3-a828-838aa341eb82.jsonl;rollout-2026-08-04T16-25-55-019fcc18-0915-78d0-ba2c-e6b7a07eb9f1.jsonl;rollout-2026-08-04T20-47-31-019fcd07-8c5b-7af3-b9ec-87cb36d7a952.jsonl,app\Http\Controllers\Admin\BusinessAdminController.php
app\Http\Controllers\Admin\CategoryAdminController.php,True,22,77,rollout-2026-07-31T11-06-09-019fb659-d8c8-7971-aa5f-6125546bafd1.jsonl;rollout-2026-08-03T11-06-38-019fc5cd-5f39-7863-a5b2-93a372b3a4ab.jsonl;rollout-2026-08-04T08-03-01-019fca4b-9f33-7ca2-beed-c0a735c6d12c.jsonl;rollout-2026-08-04T08-35-38-019fca69-7aad-7c81-a41b-21d9b9b7a3a6.jsonl;rollout-2026-08-04T09-20-33-019fca92-996a-7fb0-beea-942596ee66ef.jsonl;rollout-2026-08-04T10-12-03-019fcac1-c2c1-7fa1-9025-75f407e5c17d.jsonl;rollout-2026-08-04T10-15-17-019fcac4-b895-7d41-8678-b7e083a63a7c.jsonl;rollout-2026-08-04T10-19-37-019fcac8-aef6-7891-b93f-98ea184a621a.jsonl;rollout-2026-08-04T10-21-58-019fcaca-d45c-71e2-b106-bf99705f2352.jsonl;rollout-2026-08-04T10-34-18-019fcad6-1ecd-7850-99bb-3c6de4e50875.jsonl;rollout-2026-08-04T10-48-23-019fcae3-056d-75d1-92ad-eb777da35982.jsonl;rollout-2026-08-04T11-16-01-019fcafc-52a7-7192-8947-b6108df3e0a0.jsonl;rollout-2026-08-04T11-30-54-019fcb09-f095-73f0-a684-f990ae1268d9.jsonl;rollout-2026-08-04T12-04-05-019fcb28-5502-7851-a2a2-04d6af5ebca0.jsonl;rollout-2026-08-04T12-06-35-019fcb2a-9ce7-77a0-883d-13f05394caa9.jsonl;rollout-2026-08-04T13-25-53-019fcb73-38aa-7dc1-a0e8-ba0bbda0b211.jsonl;rollout-2026-08-04T13-46-54-019fcb86-7621-7113-8c34-e9e4bbbbcec9.jsonl;rollout-2026-08-04T14-54-53-019fcbc4-b3f2-77f3-b7c1-a06a5366e820.jsonl;rollout-2026-08-04T15-01-41-019fcbca-eaed-74d1-bf45-177cdb3f3491.jsonl;rollout-2026-08-04T15-07-44-019fcbd0-75f1-73c3-a828-838aa341eb82.jsonl;rollout-2026-08-04T16-25-55-019fcc18-0915-78d0-ba2c-e6b7a07eb9f1.jsonl;rollout-2026-08-04T20-47-31-019fcd07-8c5b-7af3-b9ec-87cb36d7a952.jsonl,app\Http\Controllers\Admin\CategoryAdminController.php
app\Http\Controllers\Admin\CustomerAdminController.php,True,22,377,rollout-2026-07-31T11-06-09-019fb659-d8c8-7971-aa5f-6125546bafd1.jsonl;rollout-2026-08-03T11-06-38-019fc5cd-5f39-7863-a5b2-93a372b3a4ab.jsonl;rollout-2026-08-04T08-03-01-019fca4b-9f33-7ca2-beed-c0a735c6d12c.jsonl;rollout-2026-08-04T08-35-38-019fca69-7aad-7c81-a41b-21d9b9b7a3a6.jsonl;rollout-2026-08-04T09-20-33-019fca92-996a-7fb0-beea-942596ee66ef.jsonl;rollout-2026-08-04T10-12-03-019fcac1-c2c1-7fa1-9025-75f407e5c17d.jsonl;rollout-2026-08-04T10-15-17-019fcac4-b895-7d41-8678-b7e083a63a7c.jsonl;rollout-2026-08-04T10-19-37-019fcac8-aef6-7891-b93f-98ea184a621a.jsonl;rollout-2026-08-04T10-21-58-019fcaca-d45c-71e2-b106-bf99705f2352.jsonl;rollout-2026-08-04T10-34-18-019fcad6-1ecd-7850-99bb-3c6de4e50875.jsonl;rollout-2026-08-04T10-48-23-019fcae3-056d-75d1-92ad-eb777da35982.jsonl;rollout-2026-08-04T11-16-01-019fcafc-52a7-7192-8947-b6108df3e0a0.jsonl;rollout-2026-08-04T11-30-54-019fcb09-f095-73f0-a684-f990ae1268d9.jsonl;rollout-2026-08-04T12-04-05-019fcb28-5502-7851-a2a2-04d6af5ebca0.jsonl;rollout-2026-08-04T12-06-35-019fcb2a-9ce7-77a0-883d-13f05394caa9.jsonl;rollout-2026-08-04T13-25-53-019fcb73-38aa-7dc1-a0e8-ba0bbda0b211.jsonl;rollout-2026-08-04T13-46-54-019fcb86-7621-7113-8c34-e9e4bbbbcec9.jsonl;rollout-2026-08-04T14-54-53-019fcbc4-b3f2-77f3-b7c1-a06a5366e820.jsonl;rollout-2026-08-04T15-01-41-019fcbca-eaed-74d1-bf45-177cdb3f3491.jsonl;rollout-2026-08-04T15-07-44-019fcbd0-75f1-73c3-a828-838aa341eb82.jsonl;rollout-2026-08-04T16-25-55-019fcc18-0915-78d0-ba2c-e6b7a07eb9f1.jsonl;rollout-2026-08-04T20-47-31-019fcd07-8c5b-7af3-b9ec-87cb36d7a952.jsonl,app\Http\Controllers\Admin\CustomerAdminController.php
app\Http\Controllers\Admin\DashboardController.php,True,22,295,rollout-2026-07-31T11-06-09-019fb659-d8c8-7971-aa5f-6125546bafd1.jsonl;rollout-2026-08-03T11-06-38-019fc5cd-5f39-7863-a5b2-93a372b3a4ab.jsonl;rollout-2026-08-04T08-03-01-019fca4b-9f33-7ca2-beed-c0a735c6d12c.jsonl;rollout-2026-08-04T08-35-38-019fca69-7aad-7c81-a41b-21d9b9b7a3a6.jsonl;rollout-2026-08-04T09-20-33-019fca92-996a-7fb0-beea-942596ee66ef.jsonl;rollout-2026-08-04T10-12-03-019fcac1-c2c1-7fa1-9025-75f407e5c17d.jsonl;rollout-2026-08-04T10-15-17-019fcac4-b895-7d41-8678-b7e083a63a7c.jsonl;rollout-2026-08-04T10-19-37-019fcac8-aef6-7891-b93f-98ea184a621a.jsonl;rollout-2026-08-04T10-21-58-019fcaca-d45c-71e2-b106-bf99705f2352.jsonl;rollout-2026-08-04T10-34-18-019fcad6-1ecd-7850-99bb-3c6de4e50875.jsonl;rollout-2026-08-04T10-48-23-019fcae3-056d-75d1-92ad-eb777da35982.jsonl;rollout-2026-08-04T11-16-01-019fcafc-52a7-7192-8947-b6108df3e0a0.jsonl;rollout-2026-08-04T11-30-54-019fcb09-f095-73f0-a684-f990ae1268d9.jsonl;rollout-2026-08-04T12-04-05-019fcb28-5502-7851-a2a2-04d6af5ebca0.jsonl;rollout-2026-08-04T12-06-35-019fcb2a-9ce7-77a0-883d-13f05394caa9.jsonl;rollout-2026-08-04T13-25-53-019fcb73-38aa-7dc1-a0e8-ba0bbda0b211.jsonl;rollout-2026-08-04T13-46-54-019fcb86-7621-7113-8c34-e9e4bbbbcec9.jsonl;rollout-2026-08-04T14-54-53-019fcbc4-b3f2-77f3-b7c1-a06a5366e820.jsonl;rollout-2026-08-04T15-01-41-019fcbca-eaed-74d1-bf45-177cdb3f3491.jsonl;rollout-2026-08-04T15-07-44-019fcbd0-75f1-73c3-a828-838aa341eb82.jsonl;rollout-2026-08-04T16-25-55-019fcc18-0915-78d0-ba2c-e6b7a07eb9f1.jsonl;rollout-2026-08-04T20-47-31-019fcd07-8c5b-7af3-b9ec-87cb36d7a952.jsonl,app\Http\Controllers\Admin\DashboardController.php
app\Http\Controllers\Admin\HomeLayoutAdminController.php,True,21,73,rollout-2026-07-31T11-06-09-019fb659-d8c8-7971-aa5f-6125546bafd1.jsonl;rollout-2026-08-04T08-03-01-019fca4b-9f33-7ca2-beed-c0a735c6d12c.jsonl;rollout-2026-08-04T08-35-38-019fca69-7aad-7c81-a41b-21d9b9b7a3a6.jsonl;rollout-2026-08-04T09-20-33-019fca92-996a-7fb0-beea-942596ee66ef.jsonl;rollout-2026-08-04T10-12-03-019fcac1-c2c1-7fa1-9025-75f407e5c17d.jsonl;rollout-2026-08-04T10-15-17-019fcac4-b895-7d41-8678-b7e083a63a7c.jsonl;rollout-2026-08-04T10-19-37-019fcac8-aef6-7891-b93f-98ea184a621a.jsonl;rollout-2026-08-04T10-21-58-019fcaca-d45c-71e2-b106-bf99705f2352.jsonl;rollout-2026-08-04T10-34-18-019fcad6-1ecd-7850-99bb-3c6de4e50875.jsonl;rollout-2026-08-04T10-48-23-019fcae3-056d-75d1-92ad-eb777da35982.jsonl;rollout-2026-08-04T11-16-01-019fcafc-52a7-7192-8947-b6108df3e0a0.jsonl;rollout-2026-08-04T11-30-54-019fcb09-f095-73f0-a684-f990ae1268d9.jsonl;rollout-2026-08-04T12-04-05-019fcb28-5502-7851-a2a2-04d6af5ebca0.jsonl;rollout-2026-08-04T12-06-35-019fcb2a-9ce7-77a0-883d-13f05394caa9.jsonl;rollout-2026-08-04T13-25-53-019fcb73-38aa-7dc1-a0e8-ba0bbda0b211.jsonl;rollout-2026-08-04T13-46-54-019fcb86-7621-7113-8c34-e9e4bbbbcec9.jsonl;rollout-2026-08-04T14-54-53-019fcbc4-b3f2-77f3-b7c1-a06a5366e820.jsonl;rollout-2026-08-04T15-01-41-019fcbca-eaed-74d1-bf45-177cdb3f3491.jsonl;rollout-2026-08-04T15-07-44-019fcbd0-75f1-73c3-a828-838aa341eb82.jsonl;rollout-2026-08-04T16-25-55-019fcc18-0915-78d0-ba2c-e6b7a07eb9f1.jsonl;rollout-2026-08-04T20-47-31-019fcd07-8c5b-7af3-b9ec-87cb36d7a952.jsonl,app\Http\Controllers\Admin\HomeLayoutAdminController.php
app\Http\Controllers\Admin\OrderAdminController.php,True,22,873,rollout-2026-07-31T11-06-09-019fb659-d8c8-7971-aa5f-6125546bafd1.jsonl;rollout-2026-08-03T11-06-38-019fc5cd-5f39-7863-a5b2-93a372b3a4ab.jsonl;rollout-2026-08-04T08-03-01-019fca4b-9f33-7ca2-beed-c0a735c6d12c.jsonl;rollout-2026-08-04T08-35-38-019fca69-7aad-7c81-a41b-21d9b9b7a3a6.jsonl;rollout-2026-08-04T09-20-33-019fca92-996a-7fb0-beea-942596ee66ef.jsonl;rollout-2026-08-04T10-12-03-019fcac1-c2c1-7fa1-9025-75f407e5c17d.jsonl;rollout-2026-08-04T10-15-17-019fcac4-b895-7d41-8678-b7e083a63a7c.jsonl;rollout-2026-08-04T10-19-37-019fcac8-aef6-7891-b93f-98ea184a621a.jsonl;rollout-2026-08-04T10-21-58-019fcaca-d45c-71e2-b106-bf99705f2352.jsonl;rollout-2026-08-04T10-34-18-019fcad6-1ecd-7850-99bb-3c6de4e50875.jsonl;rollout-2026-08-04T10-48-23-019fcae3-056d-75d1-92ad-eb777da35982.jsonl;rollout-2026-08-04T11-16-01-019fcafc-52a7-7192-8947-b6108df3e0a0.jsonl;rollout-2026-08-04T11-30-54-019fcb09-f095-73f0-a684-f990ae1268d9.jsonl;rollout-2026-08-04T12-04-05-019fcb28-5502-7851-a2a2-04d6af5ebca0.jsonl;rollout-2026-08-04T12-06-35-019fcb2a-9ce7-77a0-883d-13f05394caa9.jsonl;rollout-2026-08-04T13-25-53-019fcb73-38aa-7dc1-a0e8-ba0bbda0b211.jsonl;rollout-2026-08-04T13-46-54-019fcb86-7621-7113-8c34-e9e4bbbbcec9.jsonl;rollout-2026-08-04T14-54-53-019fcbc4-b3f2-77f3-b7c1-a06a5366e820.jsonl;rollout-2026-08-04T15-01-41-019fcbca-eaed-74d1-bf45-177cdb3f3491.jsonl;rollout-2026-08-04T15-07-44-019fcbd0-75f1-73c3-a828-838aa341eb82.jsonl;rollout-2026-08-04T16-25-55-019fcc18-0915-78d0-ba2c-e6b7a07eb9f1.jsonl;rollout-2026-08-04T20-47-31-019fcd07-8c5b-7af3-b9ec-87cb36d7a952.jsonl,app\Http\Controllers\Admin\OrderAdminController.php
app\Http\Controllers\Admin\PostAdminController.php,True,22,123,rollout-2026-07-31T11-06-09-019fb659-d8c8-7971-aa5f-6125546bafd1.jsonl;rollout-2026-08-03T11-06-38-019fc5cd-5f39-7863-a5b2-93a372b3a4ab.jsonl;rollout-2026-08-04T08-03-01-019fca4b-9f33-7ca2-beed-c0a735c6d12c.jsonl;rollout-2026-08-04T08-35-38-019fca69-7aad-7c81-a41b-21d9b9b7a3a6.jsonl;rollout-2026-08-04T09-20-33-019fca92-996a-7fb0-beea-942596ee66ef.jsonl;rollout-2026-08-04T10-12-03-019fcac1-c2c1-7fa1-9025-75f407e5c17d.jsonl;rollout-2026-08-04T10-15-17-019fcac4-b895-7d41-8678-b7e083a63a7c.jsonl;rollout-2026-08-04T10-19-37-019fcac8-aef6-7891-b93f-98ea184a621a.jsonl;rollout-2026-08-04T10-21-58-019fcaca-d45c-71e2-b106-bf99705f2352.jsonl;rollout-2026-08-04T10-34-18-019fcad6-1ecd-7850-99bb-3c6de4e50875.jsonl;rollout-2026-08-04T10-48-23-019fcae3-056d-75d1-92ad-eb777da35982.jsonl;rollout-2026-08-04T11-16-01-019fcafc-52a7-7192-8947-b6108df3e0a0.jsonl;rollout-2026-08-04T11-30-54-019fcb09-f095-73f0-a684-f990ae1268d9.jsonl;rollout-2026-08-04T12-04-05-019fcb28-5502-7851-a2a2-04d6af5ebca0.jsonl;rollout-2026-08-04T12-06-35-019fcb2a-9ce7-77a0-883d-13f05394caa9.jsonl;rollout-2026-08-04T13-25-53-019fcb73-38aa-7dc1-a0e8-ba0bbda0b211.jsonl;rollout-2026-08-04T13-46-54-019fcb86-7621-7113-8c34-e9e4bbbbcec9.jsonl;rollout-2026-08-04T14-54-53-019fcbc4-b3f2-77f3-b7c1-a06a5366e820.jsonl;rollout-2026-08-04T15-01-41-019fcbca-eaed-74d1-bf45-177cdb3f3491.jsonl;rollout-2026-08-04T15-07-44-019fcbd0-75f1-73c3-a828-838aa341eb82.jsonl;rollout-2026-08-04T16-25-55-019fcc18-0915-78d0-ba2c-e6b7a07eb9f1.jsonl;rollout-2026-08-04T20-47-31-019fcd07-8c5b-7af3-b9ec-87cb36d7a952.jsonl,app\Http\Controllers\Admin\PostAdminController.php
app\Http\Controllers\Admin\ProductAdminController.php,True,23,481,rollout-2026-07-31T11-06-09-019fb659-d8c8-7971-aa5f-6125546bafd1.jsonl;rollout-2026-08-02T17-29-48-019fc205-cd55-7a50-950b-2f6a196b5dee.jsonl;rollout-2026-08-03T11-06-38-019fc5cd-5f39-7863-a5b2-93a372b3a4ab.jsonl;rollout-2026-08-04T08-03-01-019fca4b-9f33-7ca2-beed-c0a735c6d12c.jsonl;rollout-2026-08-04T08-35-38-019fca69-7aad-7c81-a41b-21d9b9b7a3a6.jsonl;rollout-2026-08-04T09-20-33-019fca92-996a-7fb0-beea-942596ee66ef.jsonl;rollout-2026-08-04T10-12-03-019fcac1-c2c1-7fa1-9025-75f407e5c17d.jsonl;rollout-2026-08-04T10-15-17-019fcac4-b895-7d41-8678-b7e083a63a7c.jsonl;rollout-2026-08-04T10-19-37-019fcac8-aef6-7891-b93f-98ea184a621a.jsonl;rollout-2026-08-04T10-21-58-019fcaca-d45c-71e2-b106-bf99705f2352.jsonl;rollout-2026-08-04T10-34-18-019fcad6-1ecd-7850-99bb-3c6de4e50875.jsonl;rollout-2026-08-04T10-48-23-019fcae3-056d-75d1-92ad-eb777da35982.jsonl;rollout-2026-08-04T11-16-01-019fcafc-52a7-7192-8947-b6108df3e0a0.jsonl;rollout-2026-08-04T11-30-54-019fcb09-f095-73f0-a684-f990ae1268d9.jsonl;rollout-2026-08-04T12-04-05-019fcb28-5502-7851-a2a2-04d6af5ebca0.jsonl;rollout-2026-08-04T12-06-35-019fcb2a-9ce7-77a0-883d-13f05394caa9.jsonl;rollout-2026-08-04T13-25-53-019fcb73-38aa-7dc1-a0e8-ba0bbda0b211.jsonl;rollout-2026-08-04T13-46-54-019fcb86-7621-7113-8c34-e9e4bbbbcec9.jsonl;rollout-2026-08-04T14-54-53-019fcbc4-b3f2-77f3-b7c1-a06a5366e820.jsonl;rollout-2026-08-04T15-01-41-019fcbca-eaed-74d1-bf45-177cdb3f3491.jsonl;rollout-2026-08-04T15-07-44-019fcbd0-75f1-73c3-a828-838aa341eb82.jsonl;rollout-2026-08-04T16-25-55-019fcc18-0915-78d0-ba2c-e6b7a07eb9f1.jsonl;rollout-2026-08-04T20-47-31-019fcd07-8c5b-7af3-b9ec-87cb36d7a952.jsonl,app\Http\Controllers\Admin\ProductAdminController.php
app\Http\Controllers\Admin\PromotionAdminController.php,True,22,220,rollout-2026-07-31T11-06-09-019fb659-d8c8-7971-aa5f-6125546bafd1.jsonl;rollout-2026-08-02T17-29-48-019fc205-cd55-7a50-950b-2f6a196b5dee.jsonl;rollout-2026-08-04T08-03-01-019fca4b-9f33-7ca2-beed-c0a735c6d12c.jsonl;rollout-2026-08-04T08-35-38-019fca69-7aad-7c81-a41b-21d9b9b7a3a6.jsonl;rollout-2026-08-04T09-20-33-019fca92-996a-7fb0-beea-942596ee66ef.jsonl;rollout-2026-08-04T10-12-03-019fcac1-c2c1-7fa1-9025-75f407e5c17d.jsonl;rollout-2026-08-04T10-15-17-019fcac4-b895-7d41-8678-b7e083a63a7c.jsonl;rollout-2026-08-04T10-19-37-019fcac8-aef6-7891-b93f-98ea184a621a.jsonl;rollout-2026-08-04T10-21-58-019fcaca-d45c-71e2-b106-bf99705f2352.jsonl;rollout-2026-08-04T10-34-18-019fcad6-1ecd-7850-99bb-3c6de4e50875.jsonl;rollout-2026-08-04T10-48-23-019fcae3-056d-75d1-92ad-eb777da35982.jsonl;rollout-2026-08-04T11-16-01-019fcafc-52a7-7192-8947-b6108df3e0a0.jsonl;rollout-2026-08-04T11-30-54-019fcb09-f095-73f0-a684-f990ae1268d9.jsonl;rollout-2026-08-04T12-04-05-019fcb28-5502-7851-a2a2-04d6af5ebca0.jsonl;rollout-2026-08-04T12-06-35-019fcb2a-9ce7-77a0-883d-13f05394caa9.jsonl;rollout-2026-08-04T13-25-53-019fcb73-38aa-7dc1-a0e8-ba0bbda0b211.jsonl;rollout-2026-08-04T13-46-54-019fcb86-7621-7113-8c34-e9e4bbbbcec9.jsonl;rollout-2026-08-04T14-54-53-019fcbc4-b3f2-77f3-b7c1-a06a5366e820.jsonl;rollout-2026-08-04T15-01-41-019fcbca-eaed-74d1-bf45-177cdb3f3491.jsonl;rollout-2026-08-04T15-07-44-019fcbd0-75f1-73c3-a828-838aa341eb82.jsonl;rollout-2026-08-04T16-25-55-019fcc18-0915-78d0-ba2c-e6b7a07eb9f1.jsonl;rollout-2026-08-04T20-47-31-019fcd07-8c5b-7af3-b9ec-87cb36d7a952.jsonl,app\Http\Controllers\Admin\PromotionAdminController.php
app\Http\Controllers\Admin\ReportAdminController.php,True,22,605,rollout-2026-07-31T11-06-09-019fb659-d8c8-7971-aa5f-6125546bafd1.jsonl;rollout-2026-08-03T11-06-38-019fc5cd-5f39-7863-a5b2-93a372b3a4ab.jsonl;rollout-2026-08-04T08-03-01-019fca4b-9f33-7ca2-beed-c0a735c6d12c.jsonl;rollout-2026-08-04T08-35-38-019fca69-7aad-7c81-a41b-21d9b9b7a3a6.jsonl;rollout-2026-08-04T09-20-33-019fca92-996a-7fb0-beea-942596ee66ef.jsonl;rollout-2026-08-04T10-12-03-019fcac1-c2c1-7fa1-9025-75f407e5c17d.jsonl;rollout-2026-08-04T10-15-17-019fcac4-b895-7d41-8678-b7e083a63a7c.jsonl;rollout-2026-08-04T10-19-37-019fcac8-aef6-7891-b93f-98ea184a621a.jsonl;rollout-2026-08-04T10-21-58-019fcaca-d45c-71e2-b106-bf99705f2352.jsonl;rollout-2026-08-04T10-34-18-019fcad6-1ecd-7850-99bb-3c6de4e50875.jsonl;rollout-2026-08-04T10-48-23-019fcae3-056d-75d1-92ad-eb777da35982.jsonl;rollout-2026-08-04T11-16-01-019fcafc-52a7-7192-8947-b6108df3e0a0.jsonl;rollout-2026-08-04T11-30-54-019fcb09-f095-73f0-a684-f990ae1268d9.jsonl;rollout-2026-08-04T12-04-05-019fcb28-5502-7851-a2a2-04d6af5ebca0.jsonl;rollout-2026-08-04T12-06-35-019fcb2a-9ce7-77a0-883d-13f05394caa9.jsonl;rollout-2026-08-04T13-25-53-019fcb73-38aa-7dc1-a0e8-ba0bbda0b211.jsonl;rollout-2026-08-04T13-46-54-019fcb86-7621-7113-8c34-e9e4bbbbcec9.jsonl;rollout-2026-08-04T14-54-53-019fcbc4-b3f2-77f3-b7c1-a06a5366e820.jsonl;rollout-2026-08-04T15-01-41-019fcbca-eaed-74d1-bf45-177cdb3f3491.jsonl;rollout-2026-08-04T15-07-44-019fcbd0-75f1-73c3-a828-838aa341eb82.jsonl;rollout-2026-08-04T16-25-55-019fcc18-0915-78d0-ba2c-e6b7a07eb9f1.jsonl;rollout-2026-08-04T20-47-31-019fcd07-8c5b-7af3-b9ec-87cb36d7a952.jsonl,app\Http\Controllers\Admin\ReportAdminController.php
app\Http\Controllers\Admin\ReturnAdminController.php,True,23,1165,rollout-2026-07-31T11-06-09-019fb659-d8c8-7971-aa5f-6125546bafd1.jsonl;rollout-2026-08-02T17-29-48-019fc205-cd55-7a50-950b-2f6a196b5dee.jsonl;rollout-2026-08-03T11-06-38-019fc5cd-5f39-7863-a5b2-93a372b3a4ab.jsonl;rollout-2026-08-04T08-03-01-019fca4b-9f33-7ca2-beed-c0a735c6d12c.jsonl;rollout-2026-08-04T08-35-38-019fca69-7aad-7c81-a41b-21d9b9b7a3a6.jsonl;rollout-2026-08-04T09-20-33-019fca92-996a-7fb0-beea-942596ee66ef.jsonl;rollout-2026-08-04T10-12-03-019fcac1-c2c1-7fa1-9025-75f407e5c17d.jsonl;rollout-2026-08-04T10-15-17-019fcac4-b895-7d41-8678-b7e083a63a7c.jsonl;rollout-2026-08-04T10-19-37-019fcac8-aef6-7891-b93f-98ea184a621a.jsonl;rollout-2026-08-04T10-21-58-019fcaca-d45c-71e2-b106-bf99705f2352.jsonl;rollout-2026-08-04T10-34-18-019fcad6-1ecd-7850-99bb-3c6de4e50875.jsonl;rollout-2026-08-04T10-48-23-019fcae3-056d-75d1-92ad-eb777da35982.jsonl;rollout-2026-08-04T11-16-01-019fcafc-52a7-7192-8947-b6108df3e0a0.jsonl;rollout-2026-08-04T11-30-54-019fcb09-f095-73f0-a684-f990ae1268d9.jsonl;rollout-2026-08-04T12-04-05-019fcb28-5502-7851-a2a2-04d6af5ebca0.jsonl;rollout-2026-08-04T12-06-35-019fcb2a-9ce7-77a0-883d-13f05394caa9.jsonl;rollout-2026-08-04T13-25-53-019fcb73-38aa-7dc1-a0e8-ba0bbda0b211.jsonl;rollout-2026-08-04T13-46-54-019fcb86-7621-7113-8c34-e9e4bbbbcec9.jsonl;rollout-2026-08-04T14-54-53-019fcbc4-b3f2-77f3-b7c1-a06a5366e820.jsonl;rollout-2026-08-04T15-01-41-019fcbca-eaed-74d1-bf45-177cdb3f3491.jsonl;rollout-2026-08-04T15-07-44-019fcbd0-75f1-73c3-a828-838aa341eb82.jsonl;rollout-2026-08-04T16-25-55-019fcc18-0915-78d0-ba2c-e6b7a07eb9f1.jsonl;rollout-2026-08-04T20-47-31-019fcd07-8c5b-7af3-b9ec-87cb36d7a952.jsonl,app\Http\Controllers\Admin\ReturnAdminController.php
app\Http\Controllers\Admin\ReviewAdminController.php,True,22,104,rollout-2026-07-31T11-06-09-019fb659-d8c8-7971-aa5f-6125546bafd1.jsonl;rollout-2026-08-03T11-06-38-019fc5cd-5f39-7863-a5b2-93a372b3a4ab.jsonl;rollout-2026-08-04T08-03-01-019fca4b-9f33-7ca2-beed-c0a735c6d12c.jsonl;rollout-2026-08-04T08-35-38-019fca69-7aad-7c81-a41b-21d9b9b7a3a6.jsonl;rollout-2026-08-04T09-20-33-019fca92-996a-7fb0-beea-942596ee66ef.jsonl;rollout-2026-08-04T10-12-03-019fcac1-c2c1-7fa1-9025-75f407e5c17d.jsonl;rollout-2026-08-04T10-15-17-019fcac4-b895-7d41-8678-b7e083a63a7c.jsonl;rollout-2026-08-04T10-19-37-019fcac8-aef6-7891-b93f-98ea184a621a.jsonl;rollout-2026-08-04T10-21-58-019fcaca-d45c-71e2-b106-bf99705f2352.jsonl;rollout-2026-08-04T10-34-18-019fcad6-1ecd-7850-99bb-3c6de4e50875.jsonl;rollout-2026-08-04T10-48-23-019fcae3-056d-75d1-92ad-eb777da35982.jsonl;rollout-2026-08-04T11-16-01-019fcafc-52a7-7192-8947-b6108df3e0a0.jsonl;rollout-2026-08-04T11-30-54-019fcb09-f095-73f0-a684-f990ae1268d9.jsonl;rollout-2026-08-04T12-04-05-019fcb28-5502-7851-a2a2-04d6af5ebca0.jsonl;rollout-2026-08-04T12-06-35-019fcb2a-9ce7-77a0-883d-13f05394caa9.jsonl;rollout-2026-08-04T13-25-53-019fcb73-38aa-7dc1-a0e8-ba0bbda0b211.jsonl;rollout-2026-08-04T13-46-54-019fcb86-7621-7113-8c34-e9e4bbbbcec9.jsonl;rollout-2026-08-04T14-54-53-019fcbc4-b3f2-77f3-b7c1-a06a5366e820.jsonl;rollout-2026-08-04T15-01-41-019fcbca-eaed-74d1-bf45-177cdb3f3491.jsonl;rollout-2026-08-04T15-07-44-019fcbd0-75f1-73c3-a828-838aa341eb82.jsonl;rollout-2026-08-04T16-25-55-019fcc18-0915-78d0-ba2c-e6b7a07eb9f1.jsonl;rollout-2026-08-04T20-47-31-019fcd07-8c5b-7af3-b9ec-87cb36d7a952.jsonl,app\Http\Controllers\Admin\ReviewAdminController.php
app\Http\Controllers\Admin\TryOnSnapshotAdminController.php,True,11,80,rollout-2026-08-04T11-16-01-019fcafc-52a7-7192-8947-b6108df3e0a0.jsonl;rollout-2026-08-04T11-30-54-019fcb09-f095-73f0-a684-f990ae1268d9.jsonl;rollout-2026-08-04T12-04-05-019fcb28-5502-7851-a2a2-04d6af5ebca0.jsonl;rollout-2026-08-04T12-06-35-019fcb2a-9ce7-77a0-883d-13f05394caa9.jsonl;rollout-2026-08-04T13-25-53-019fcb73-38aa-7dc1-a0e8-ba0bbda0b211.jsonl;rollout-2026-08-04T13-46-54-019fcb86-7621-7113-8c34-e9e4bbbbcec9.jsonl;rollout-2026-08-04T14-54-53-019fcbc4-b3f2-77f3-b7c1-a06a5366e820.jsonl;rollout-2026-08-04T15-01-41-019fcbca-eaed-74d1-bf45-177cdb3f3491.jsonl;rollout-2026-08-04T15-07-44-019fcbd0-75f1-73c3-a828-838aa341eb82.jsonl;rollout-2026-08-04T16-25-55-019fcc18-0915-78d0-ba2c-e6b7a07eb9f1.jsonl;rollout-2026-08-04T20-47-31-019fcd07-8c5b-7af3-b9ec-87cb36d7a952.jsonl,*** Add File: app/Http/Controllers/Admin/TryOnSnapshotAdminController.php
app\Http\Controllers\Admin\WarehouseAdminController.php,True,23,1215,rollout-2026-07-31T11-06-09-019fb659-d8c8-7971-aa5f-6125546bafd1.jsonl;rollout-2026-08-02T17-29-48-019fc205-cd55-7a50-950b-2f6a196b5dee.jsonl;rollout-2026-08-03T11-06-38-019fc5cd-5f39-7863-a5b2-93a372b3a4ab.jsonl;rollout-2026-08-04T08-03-01-019fca4b-9f33-7ca2-beed-c0a735c6d12c.jsonl;rollout-2026-08-04T08-35-38-019fca69-7aad-7c81-a41b-21d9b9b7a3a6.jsonl;rollout-2026-08-04T09-20-33-019fca92-996a-7fb0-beea-942596ee66ef.jsonl;rollout-2026-08-04T10-12-03-019fcac1-c2c1-7fa1-9025-75f407e5c17d.jsonl;rollout-2026-08-04T10-15-17-019fcac4-b895-7d41-8678-b7e083a63a7c.jsonl;rollout-2026-08-04T10-19-37-019fcac8-aef6-7891-b93f-98ea184a621a.jsonl;rollout-2026-08-04T10-21-58-019fcaca-d45c-71e2-b106-bf99705f2352.jsonl;rollout-2026-08-04T10-34-18-019fcad6-1ecd-7850-99bb-3c6de4e50875.jsonl;rollout-2026-08-04T10-48-23-019fcae3-056d-75d1-92ad-eb777da35982.jsonl;rollout-2026-08-04T11-16-01-019fcafc-52a7-7192-8947-b6108df3e0a0.jsonl;rollout-2026-08-04T11-30-54-019fcb09-f095-73f0-a684-f990ae1268d9.jsonl;rollout-2026-08-04T12-04-05-019fcb28-5502-7851-a2a2-04d6af5ebca0.jsonl;rollout-2026-08-04T12-06-35-019fcb2a-9ce7-77a0-883d-13f05394caa9.jsonl;rollout-2026-08-04T13-25-53-019fcb73-38aa-7dc1-a0e8-ba0bbda0b211.jsonl;rollout-2026-08-04T13-46-54-019fcb86-7621-7113-8c34-e9e4bbbbcec9.jsonl;rollout-2026-08-04T14-54-53-019fcbc4-b3f2-77f3-b7c1-a06a5366e820.jsonl;rollout-2026-08-04T15-01-41-019fcbca-eaed-74d1-bf45-177cdb3f3491.jsonl;rollout-2026-08-04T15-07-44-019fcbd0-75f1-73c3-a828-838aa341eb82.jsonl;rollout-2026-08-04T16-25-55-019fcc18-0915-78d0-ba2c-e6b7a07eb9f1.jsonl;rollout-2026-08-04T20-47-31-019fcd07-8c5b-7af3-b9ec-87cb36d7a952.jsonl,app\Http\Controllers\Admin\WarehouseAdminController.php
app\Http\Controllers\AuthController.php,True,23,747,rollout-2026-07-31T11-06-09-019fb659-d8c8-7971-aa5f-6125546bafd1.jsonl;rollout-2026-08-02T17-29-48-019fc205-cd55-7a50-950b-2f6a196b5dee.jsonl;rollout-2026-08-03T11-06-38-019fc5cd-5f39-7863-a5b2-93a372b3a4ab.jsonl;rollout-2026-08-04T08-03-01-019fca4b-9f33-7ca2-beed-c0a735c6d12c.jsonl;rollout-2026-08-04T08-35-38-019fca69-7aad-7c81-a41b-21d9b9b7a3a6.jsonl;rollout-2026-08-04T09-20-33-019fca92-996a-7fb0-beea-942596ee66ef.jsonl;rollout-2026-08-04T10-12-03-019fcac1-c2c1-7fa1-9025-75f407e5c17d.jsonl;rollout-2026-08-04T10-15-17-019fcac4-b895-7d41-8678-b7e083a63a7c.jsonl;rollout-2026-08-04T10-19-37-019fcac8-aef6-7891-b93f-98ea184a621a.jsonl;rollout-2026-08-04T10-21-58-019fcaca-d45c-71e2-b106-bf99705f2352.jsonl;rollout-2026-08-04T10-34-18-019fcad6-1ecd-7850-99bb-3c6de4e50875.jsonl;rollout-2026-08-04T10-48-23-019fcae3-056d-75d1-92ad-eb777da35982.jsonl;rollout-2026-08-04T11-16-01-019fcafc-52a7-7192-8947-b6108df3e0a0.jsonl;rollout-2026-08-04T11-30-54-019fcb09-f095-73f0-a684-f990ae1268d9.jsonl;rollout-2026-08-04T12-04-05-019fcb28-5502-7851-a2a2-04d6af5ebca0.jsonl;rollout-2026-08-04T12-06-35-019fcb2a-9ce7-77a0-883d-13f05394caa9.jsonl;rollout-2026-08-04T13-25-53-019fcb73-38aa-7dc1-a0e8-ba0bbda0b211.jsonl;rollout-2026-08-04T13-46-54-019fcb86-7621-7113-8c34-e9e4bbbbcec9.jsonl;rollout-2026-08-04T14-54-53-019fcbc4-b3f2-77f3-b7c1-a06a5366e820.jsonl;rollout-2026-08-04T15-01-41-019fcbca-eaed-74d1-bf45-177cdb3f3491.jsonl;rollout-2026-08-04T15-07-44-019fcbd0-75f1-73c3-a828-838aa341eb82.jsonl;rollout-2026-08-04T16-25-55-019fcc18-0915-78d0-ba2c-e6b7a07eb9f1.jsonl;rollout-2026-08-04T20-47-31-019fcd07-8c5b-7af3-b9ec-87cb36d7a952.jsonl,app\Http\Controllers\AuthController.php
app\Http\Controllers\BlogController.php,True,21,78,rollout-2026-07-31T11-06-09-019fb659-d8c8-7971-aa5f-6125546bafd1.jsonl;rollout-2026-08-04T08-03-01-019fca4b-9f33-7ca2-beed-c0a735c6d12c.jsonl;rollout-2026-08-04T08-35-38-019fca69-7aad-7c81-a41b-21d9b9b7a3a6.jsonl;rollout-2026-08-04T09-20-33-019fca92-996a-7fb0-beea-942596ee66ef.jsonl;rollout-2026-08-04T10-12-03-019fcac1-c2c1-7fa1-9025-75f407e5c17d.jsonl;rollout-2026-08-04T10-15-17-019fcac4-b895-7d41-8678-b7e083a63a7c.jsonl;rollout-2026-08-04T10-19-37-019fcac8-aef6-7891-b93f-98ea184a621a.jsonl;rollout-2026-08-04T10-21-58-019fcaca-d45c-71e2-b106-bf99705f2352.jsonl;rollout-2026-08-04T10-34-18-019fcad6-1ecd-7850-99bb-3c6de4e50875.jsonl;rollout-2026-08-04T10-48-23-019fcae3-056d-75d1-92ad-eb777da35982.jsonl;rollout-2026-08-04T11-16-01-019fcafc-52a7-7192-8947-b6108df3e0a0.jsonl;rollout-2026-08-04T11-30-54-019fcb09-f095-73f0-a684-f990ae1268d9.jsonl;rollout-2026-08-04T12-04-05-019fcb28-5502-7851-a2a2-04d6af5ebca0.jsonl;rollout-2026-08-04T12-06-35-019fcb2a-9ce7-77a0-883d-13f05394caa9.jsonl;rollout-2026-08-04T13-25-53-019fcb73-38aa-7dc1-a0e8-ba0bbda0b211.jsonl;rollout-2026-08-04T13-46-54-019fcb86-7621-7113-8c34-e9e4bbbbcec9.jsonl;rollout-2026-08-04T14-54-53-019fcbc4-b3f2-77f3-b7c1-a06a5366e820.jsonl;rollout-2026-08-04T15-01-41-019fcbca-eaed-74d1-bf45-177cdb3f3491.jsonl;rollout-2026-08-04T15-07-44-019fcbd0-75f1-73c3-a828-838aa341eb82.jsonl;rollout-2026-08-04T16-25-55-019fcc18-0915-78d0-ba2c-e6b7a07eb9f1.jsonl;rollout-2026-08-04T20-47-31-019fcd07-8c5b-7af3-b9ec-87cb36d7a952.jsonl,app\Http\Controllers\BlogController.php
app\Http\Controllers\CartController.php,True,23,461,rollout-2026-07-31T11-06-09-019fb659-d8c8-7971-aa5f-6125546bafd1.jsonl;rollout-2026-08-02T17-29-48-019fc205-cd55-7a50-950b-2f6a196b5dee.jsonl;rollout-2026-08-03T11-06-38-019fc5cd-5f39-7863-a5b2-93a372b3a4ab.jsonl;rollout-2026-08-04T08-03-01-019fca4b-9f33-7ca2-beed-c0a735c6d12c.jsonl;rollout-2026-08-04T08-35-38-019fca69-7aad-7c81-a41b-21d9b9b7a3a6.jsonl;rollout-2026-08-04T09-20-33-019fca92-996a-7fb0-beea-942596ee66ef.jsonl;rollout-2026-08-04T10-12-03-019fcac1-c2c1-7fa1-9025-75f407e5c17d.jsonl;rollout-2026-08-04T10-15-17-019fcac4-b895-7d41-8678-b7e083a63a7c.jsonl;rollout-2026-08-04T10-19-37-019fcac8-aef6-7891-b93f-98ea184a621a.jsonl;rollout-2026-08-04T10-21-58-019fcaca-d45c-71e2-b106-bf99705f2352.jsonl;rollout-2026-08-04T10-34-18-019fcad6-1ecd-7850-99bb-3c6de4e50875.jsonl;rollout-2026-08-04T10-48-23-019fcae3-056d-75d1-92ad-eb777da35982.jsonl;rollout-2026-08-04T11-16-01-019fcafc-52a7-7192-8947-b6108df3e0a0.jsonl;rollout-2026-08-04T11-30-54-019fcb09-f095-73f0-a684-f990ae1268d9.jsonl;rollout-2026-08-04T12-04-05-019fcb28-5502-7851-a2a2-04d6af5ebca0.jsonl;rollout-2026-08-04T12-06-35-019fcb2a-9ce7-77a0-883d-13f05394caa9.jsonl;rollout-2026-08-04T13-25-53-019fcb73-38aa-7dc1-a0e8-ba0bbda0b211.jsonl;rollout-2026-08-04T13-46-54-019fcb86-7621-7113-8c34-e9e4bbbbcec9.jsonl;rollout-2026-08-04T14-54-53-019fcbc4-b3f2-77f3-b7c1-a06a5366e820.jsonl;rollout-2026-08-04T15-01-41-019fcbca-eaed-74d1-bf45-177cdb3f3491.jsonl;rollout-2026-08-04T15-07-44-019fcbd0-75f1-73c3-a828-838aa341eb82.jsonl;rollout-2026-08-04T16-25-55-019fcc18-0915-78d0-ba2c-e6b7a07eb9f1.jsonl;rollout-2026-08-04T20-47-31-019fcd07-8c5b-7af3-b9ec-87cb36d7a952.jsonl,app\Http\Controllers\CartController.php
app\Http\Controllers\CheckoutController.php,True,23,1081,rollout-2026-07-31T11-06-09-019fb659-d8c8-7971-aa5f-6125546bafd1.jsonl;rollout-2026-08-02T17-29-48-019fc205-cd55-7a50-950b-2f6a196b5dee.jsonl;rollout-2026-08-03T11-06-38-019fc5cd-5f39-7863-a5b2-93a372b3a4ab.jsonl;rollout-2026-08-04T08-03-01-019fca4b-9f33-7ca2-beed-c0a735c6d12c.jsonl;rollout-2026-08-04T08-35-38-019fca69-7aad-7c81-a41b-21d9b9b7a3a6.jsonl;rollout-2026-08-04T09-20-33-019fca92-996a-7fb0-beea-942596ee66ef.jsonl;rollout-2026-08-04T10-12-03-019fcac1-c2c1-7fa1-9025-75f407e5c17d.jsonl;rollout-2026-08-04T10-15-17-019fcac4-b895-7d41-8678-b7e083a63a7c.jsonl;rollout-2026-08-04T10-19-37-019fcac8-aef6-7891-b93f-98ea184a621a.jsonl;rollout-2026-08-04T10-21-58-019fcaca-d45c-71e2-b106-bf99705f2352.jsonl;rollout-2026-08-04T10-34-18-019fcad6-1ecd-7850-99bb-3c6de4e50875.jsonl;rollout-2026-08-04T10-48-23-019fcae3-056d-75d1-92ad-eb777da35982.jsonl;rollout-2026-08-04T11-16-01-019fcafc-52a7-7192-8947-b6108df3e0a0.jsonl;rollout-2026-08-04T11-30-54-019fcb09-f095-73f0-a684-f990ae1268d9.jsonl;rollout-2026-08-04T12-04-05-019fcb28-5502-7851-a2a2-04d6af5ebca0.jsonl;rollout-2026-08-04T12-06-35-019fcb2a-9ce7-77a0-883d-13f05394caa9.jsonl;rollout-2026-08-04T13-25-53-019fcb73-38aa-7dc1-a0e8-ba0bbda0b211.jsonl;rollout-2026-08-04T13-46-54-019fcb86-7621-7113-8c34-e9e4bbbbcec9.jsonl;rollout-2026-08-04T14-54-53-019fcbc4-b3f2-77f3-b7c1-a06a5366e820.jsonl;rollout-2026-08-04T15-01-41-019fcbca-eaed-74d1-bf45-177cdb3f3491.jsonl;rollout-2026-08-04T15-07-44-019fcbd0-75f1-73c3-a828-838aa341eb82.jsonl;rollout-2026-08-04T16-25-55-019fcc18-0915-78d0-ba2c-e6b7a07eb9f1.jsonl;rollout-2026-08-04T20-47-31-019fcd07-8c5b-7af3-b9ec-87cb36d7a952.jsonl,app\Http\Controllers\CheckoutController.php
app\Http\Controllers\ClientRouteAliasController.php,True,22,90,rollout-2026-07-31T11-06-09-019fb659-d8c8-7971-aa5f-6125546bafd1.jsonl;rollout-2026-08-02T17-29-48-019fc205-cd55-7a50-950b-2f6a196b5dee.jsonl;rollout-2026-08-04T08-03-01-019fca4b-9f33-7ca2-beed-c0a735c6d12c.jsonl;rollout-2026-08-04T08-35-38-019fca69-7aad-7c81-a41b-21d9b9b7a3a6.jsonl;rollout-2026-08-04T09-20-33-019fca92-996a-7fb0-beea-942596ee66ef.jsonl;rollout-2026-08-04T10-12-03-019fcac1-c2c1-7fa1-9025-75f407e5c17d.jsonl;rollout-2026-08-04T10-15-17-019fcac4-b895-7d41-8678-b7e083a63a7c.jsonl;rollout-2026-08-04T10-19-37-019fcac8-aef6-7891-b93f-98ea184a621a.jsonl;rollout-2026-08-04T10-21-58-019fcaca-d45c-71e2-b106-bf99705f2352.jsonl;rollout-2026-08-04T10-34-18-019fcad6-1ecd-7850-99bb-3c6de4e50875.jsonl;rollout-2026-08-04T10-48-23-019fcae3-056d-75d1-92ad-eb777da35982.jsonl;rollout-2026-08-04T11-16-01-019fcafc-52a7-7192-8947-b6108df3e0a0.jsonl;rollout-2026-08-04T11-30-54-019fcb09-f095-73f0-a684-f990ae1268d9.jsonl;rollout-2026-08-04T12-04-05-019fcb28-5502-7851-a2a2-04d6af5ebca0.jsonl;rollout-2026-08-04T12-06-35-019fcb2a-9ce7-77a0-883d-13f05394caa9.jsonl;rollout-2026-08-04T13-25-53-019fcb73-38aa-7dc1-a0e8-ba0bbda0b211.jsonl;rollout-2026-08-04T13-46-54-019fcb86-7621-7113-8c34-e9e4bbbbcec9.jsonl;rollout-2026-08-04T14-54-53-019fcbc4-b3f2-77f3-b7c1-a06a5366e820.jsonl;rollout-2026-08-04T15-01-41-019fcbca-eaed-74d1-bf45-177cdb3f3491.jsonl;rollout-2026-08-04T15-07-44-019fcbd0-75f1-73c3-a828-838aa341eb82.jsonl;rollout-2026-08-04T16-25-55-019fcc18-0915-78d0-ba2c-e6b7a07eb9f1.jsonl;rollout-2026-08-04T20-47-31-019fcd07-8c5b-7af3-b9ec-87cb36d7a952.jsonl,app\Http\Controllers\ClientRouteAliasController.php
app\Http\Controllers\Controller.php,True,14,15,rollout-2026-07-31T11-06-09-019fb659-d8c8-7971-aa5f-6125546bafd1.jsonl;rollout-2026-08-04T08-03-01-019fca4b-9f33-7ca2-beed-c0a735c6d12c.jsonl;rollout-2026-08-04T09-20-33-019fca92-996a-7fb0-beea-942596ee66ef.jsonl;rollout-2026-08-04T10-12-03-019fcac1-c2c1-7fa1-9025-75f407e5c17d.jsonl;rollout-2026-08-04T10-21-58-019fcaca-d45c-71e2-b106-bf99705f2352.jsonl;rollout-2026-08-04T10-34-18-019fcad6-1ecd-7850-99bb-3c6de4e50875.jsonl;rollout-2026-08-04T10-48-23-019fcae3-056d-75d1-92ad-eb777da35982.jsonl;rollout-2026-08-04T11-16-01-019fcafc-52a7-7192-8947-b6108df3e0a0.jsonl;rollout-2026-08-04T12-06-35-019fcb2a-9ce7-77a0-883d-13f05394caa9.jsonl;rollout-2026-08-04T13-25-53-019fcb73-38aa-7dc1-a0e8-ba0bbda0b211.jsonl;rollout-2026-08-04T14-54-53-019fcbc4-b3f2-77f3-b7c1-a06a5366e820.jsonl;rollout-2026-08-04T15-07-44-019fcbd0-75f1-73c3-a828-838aa341eb82.jsonl;rollout-2026-08-04T16-25-55-019fcc18-0915-78d0-ba2c-e6b7a07eb9f1.jsonl;rollout-2026-08-04T20-47-31-019fcd07-8c5b-7af3-b9ec-87cb36d7a952.jsonl,app\Http\Controllers\Controller.php
app\Http\Controllers\HomeController.php,True,21,92,rollout-2026-07-31T11-06-09-019fb659-d8c8-7971-aa5f-6125546bafd1.jsonl;rollout-2026-08-04T08-03-01-019fca4b-9f33-7ca2-beed-c0a735c6d12c.jsonl;rollout-2026-08-04T08-35-38-019fca69-7aad-7c81-a41b-21d9b9b7a3a6.jsonl;rollout-2026-08-04T09-20-33-019fca92-996a-7fb0-beea-942596ee66ef.jsonl;rollout-2026-08-04T10-12-03-019fcac1-c2c1-7fa1-9025-75f407e5c17d.jsonl;rollout-2026-08-04T10-15-17-019fcac4-b895-7d41-8678-b7e083a63a7c.jsonl;rollout-2026-08-04T10-19-37-019fcac8-aef6-7891-b93f-98ea184a621a.jsonl;rollout-2026-08-04T10-21-58-019fcaca-d45c-71e2-b106-bf99705f2352.jsonl;rollout-2026-08-04T10-34-18-019fcad6-1ecd-7850-99bb-3c6de4e50875.jsonl;rollout-2026-08-04T10-48-23-019fcae3-056d-75d1-92ad-eb777da35982.jsonl;rollout-2026-08-04T11-16-01-019fcafc-52a7-7192-8947-b6108df3e0a0.jsonl;rollout-2026-08-04T11-30-54-019fcb09-f095-73f0-a684-f990ae1268d9.jsonl;rollout-2026-08-04T12-04-05-019fcb28-5502-7851-a2a2-04d6af5ebca0.jsonl;rollout-2026-08-04T12-06-35-019fcb2a-9ce7-77a0-883d-13f05394caa9.jsonl;rollout-2026-08-04T13-25-53-019fcb73-38aa-7dc1-a0e8-ba0bbda0b211.jsonl;rollout-2026-08-04T13-46-54-019fcb86-7621-7113-8c34-e9e4bbbbcec9.jsonl;rollout-2026-08-04T14-54-53-019fcbc4-b3f2-77f3-b7c1-a06a5366e820.jsonl;rollout-2026-08-04T15-01-41-019fcbca-eaed-74d1-bf45-177cdb3f3491.jsonl;rollout-2026-08-04T15-07-44-019fcbd0-75f1-73c3-a828-838aa341eb82.jsonl;rollout-2026-08-04T16-25-55-019fcc18-0915-78d0-ba2c-e6b7a07eb9f1.jsonl;rollout-2026-08-04T20-47-31-019fcd07-8c5b-7af3-b9ec-87cb36d7a952.jsonl,app\Http\Controllers\HomeController.php
app\Http\Controllers\OrderCancellationController.php,True,13,80,rollout-2026-08-04T10-34-18-019fcad6-1ecd-7850-99bb-3c6de4e50875.jsonl;rollout-2026-08-04T10-48-23-019fcae3-056d-75d1-92ad-eb777da35982.jsonl;rollout-2026-08-04T11-16-01-019fcafc-52a7-7192-8947-b6108df3e0a0.jsonl;rollout-2026-08-04T11-30-54-019fcb09-f095-73f0-a684-f990ae1268d9.jsonl;rollout-2026-08-04T12-04-05-019fcb28-5502-7851-a2a2-04d6af5ebca0.jsonl;rollout-2026-08-04T12-06-35-019fcb2a-9ce7-77a0-883d-13f05394caa9.jsonl;rollout-2026-08-04T13-25-53-019fcb73-38aa-7dc1-a0e8-ba0bbda0b211.jsonl;rollout-2026-08-04T13-46-54-019fcb86-7621-7113-8c34-e9e4bbbbcec9.jsonl;rollout-2026-08-04T14-54-53-019fcbc4-b3f2-77f3-b7c1-a06a5366e820.jsonl;rollout-2026-08-04T15-01-41-019fcbca-eaed-74d1-bf45-177cdb3f3491.jsonl;rollout-2026-08-04T15-07-44-019fcbd0-75f1-73c3-a828-838aa341eb82.jsonl;rollout-2026-08-04T16-25-55-019fcc18-0915-78d0-ba2c-e6b7a07eb9f1.jsonl;rollout-2026-08-04T20-47-31-019fcd07-8c5b-7af3-b9ec-87cb36d7a952.jsonl,*** Add File: app/Http/Controllers/OrderCancellationController.php
app\Http\Controllers\PageController.php,True,23,90,rollout-2026-07-31T11-06-09-019fb659-d8c8-7971-aa5f-6125546bafd1.jsonl;rollout-2026-08-02T17-29-48-019fc205-cd55-7a50-950b-2f6a196b5dee.jsonl;rollout-2026-08-03T11-06-38-019fc5cd-5f39-7863-a5b2-93a372b3a4ab.jsonl;rollout-2026-08-04T08-03-01-019fca4b-9f33-7ca2-beed-c0a735c6d12c.jsonl;rollout-2026-08-04T08-35-38-019fca69-7aad-7c81-a41b-21d9b9b7a3a6.jsonl;rollout-2026-08-04T09-20-33-019fca92-996a-7fb0-beea-942596ee66ef.jsonl;rollout-2026-08-04T10-12-03-019fcac1-c2c1-7fa1-9025-75f407e5c17d.jsonl;rollout-2026-08-04T10-15-17-019fcac4-b895-7d41-8678-b7e083a63a7c.jsonl;rollout-2026-08-04T10-19-37-019fcac8-aef6-7891-b93f-98ea184a621a.jsonl;rollout-2026-08-04T10-21-58-019fcaca-d45c-71e2-b106-bf99705f2352.jsonl;rollout-2026-08-04T10-34-18-019fcad6-1ecd-7850-99bb-3c6de4e50875.jsonl;rollout-2026-08-04T10-48-23-019fcae3-056d-75d1-92ad-eb777da35982.jsonl;rollout-2026-08-04T11-16-01-019fcafc-52a7-7192-8947-b6108df3e0a0.jsonl;rollout-2026-08-04T11-30-54-019fcb09-f095-73f0-a684-f990ae1268d9.jsonl;rollout-2026-08-04T12-04-05-019fcb28-5502-7851-a2a2-04d6af5ebca0.jsonl;rollout-2026-08-04T12-06-35-019fcb2a-9ce7-77a0-883d-13f05394caa9.jsonl;rollout-2026-08-04T13-25-53-019fcb73-38aa-7dc1-a0e8-ba0bbda0b211.jsonl;rollout-2026-08-04T13-46-54-019fcb86-7621-7113-8c34-e9e4bbbbcec9.jsonl;rollout-2026-08-04T14-54-53-019fcbc4-b3f2-77f3-b7c1-a06a5366e820.jsonl;rollout-2026-08-04T15-01-41-019fcbca-eaed-74d1-bf45-177cdb3f3491.jsonl;rollout-2026-08-04T15-07-44-019fcbd0-75f1-73c3-a828-838aa341eb82.jsonl;rollout-2026-08-04T16-25-55-019fcc18-0915-78d0-ba2c-e6b7a07eb9f1.jsonl;rollout-2026-08-04T20-47-31-019fcd07-8c5b-7af3-b9ec-87cb36d7a952.jsonl,app\Http\Controllers\PageController.php
app\Http\Controllers\ProductController.php,True,23,342,rollout-2026-07-31T11-06-09-019fb659-d8c8-7971-aa5f-6125546bafd1.jsonl;rollout-2026-08-02T17-29-48-019fc205-cd55-7a50-950b-2f6a196b5dee.jsonl;rollout-2026-08-03T11-06-38-019fc5cd-5f39-7863-a5b2-93a372b3a4ab.jsonl;rollout-2026-08-04T08-03-01-019fca4b-9f33-7ca2-beed-c0a735c6d12c.jsonl;rollout-2026-08-04T08-35-38-019fca69-7aad-7c81-a41b-21d9b9b7a3a6.jsonl;rollout-2026-08-04T09-20-33-019fca92-996a-7fb0-beea-942596ee66ef.jsonl;rollout-2026-08-04T10-12-03-019fcac1-c2c1-7fa1-9025-75f407e5c17d.jsonl;rollout-2026-08-04T10-15-17-019fcac4-b895-7d41-8678-b7e083a63a7c.jsonl;rollout-2026-08-04T10-19-37-019fcac8-aef6-7891-b93f-98ea184a621a.jsonl;rollout-2026-08-04T10-21-58-019fcaca-d45c-71e2-b106-bf99705f2352.jsonl;rollout-2026-08-04T10-34-18-019fcad6-1ecd-7850-99bb-3c6de4e50875.jsonl;rollout-2026-08-04T10-48-23-019fcae3-056d-75d1-92ad-eb777da35982.jsonl;rollout-2026-08-04T11-16-01-019fcafc-52a7-7192-8947-b6108df3e0a0.jsonl;rollout-2026-08-04T11-30-54-019fcb09-f095-73f0-a684-f990ae1268d9.jsonl;rollout-2026-08-04T12-04-05-019fcb28-5502-7851-a2a2-04d6af5ebca0.jsonl;rollout-2026-08-04T12-06-35-019fcb2a-9ce7-77a0-883d-13f05394caa9.jsonl;rollout-2026-08-04T13-25-53-019fcb73-38aa-7dc1-a0e8-ba0bbda0b211.jsonl;rollout-2026-08-04T13-46-54-019fcb86-7621-7113-8c34-e9e4bbbbcec9.jsonl;rollout-2026-08-04T14-54-53-019fcbc4-b3f2-77f3-b7c1-a06a5366e820.jsonl;rollout-2026-08-04T15-01-41-019fcbca-eaed-74d1-bf45-177cdb3f3491.jsonl;rollout-2026-08-04T15-07-44-019fcbd0-75f1-73c3-a828-838aa341eb82.jsonl;rollout-2026-08-04T16-25-55-019fcc18-0915-78d0-ba2c-e6b7a07eb9f1.jsonl;rollout-2026-08-04T20-47-31-019fcd07-8c5b-7af3-b9ec-87cb36d7a952.jsonl,app\Http\Controllers\ProductController.php
app\Http\Controllers\ReturnRequestController.php,True,23,490,rollout-2026-07-31T11-06-09-019fb659-d8c8-7971-aa5f-6125546bafd1.jsonl;rollout-2026-08-02T17-29-48-019fc205-cd55-7a50-950b-2f6a196b5dee.jsonl;rollout-2026-08-03T11-06-38-019fc5cd-5f39-7863-a5b2-93a372b3a4ab.jsonl;rollout-2026-08-04T08-03-01-019fca4b-9f33-7ca2-beed-c0a735c6d12c.jsonl;rollout-2026-08-04T08-35-38-019fca69-7aad-7c81-a41b-21d9b9b7a3a6.jsonl;rollout-2026-08-04T09-20-33-019fca92-996a-7fb0-beea-942596ee66ef.jsonl;rollout-2026-08-04T10-12-03-019fcac1-c2c1-7fa1-9025-75f407e5c17d.jsonl;rollout-2026-08-04T10-15-17-019fcac4-b895-7d41-8678-b7e083a63a7c.jsonl;rollout-2026-08-04T10-19-37-019fcac8-aef6-7891-b93f-98ea184a621a.jsonl;rollout-2026-08-04T10-21-58-019fcaca-d45c-71e2-b106-bf99705f2352.jsonl;rollout-2026-08-04T10-34-18-019fcad6-1ecd-7850-99bb-3c6de4e50875.jsonl;rollout-2026-08-04T10-48-23-019fcae3-056d-75d1-92ad-eb777da35982.jsonl;rollout-2026-08-04T11-16-01-019fcafc-52a7-7192-8947-b6108df3e0a0.jsonl;rollout-2026-08-04T11-30-54-019fcb09-f095-73f0-a684-f990ae1268d9.jsonl;rollout-2026-08-04T12-04-05-019fcb28-5502-7851-a2a2-04d6af5ebca0.jsonl;rollout-2026-08-04T12-06-35-019fcb2a-9ce7-77a0-883d-13f05394caa9.jsonl;rollout-2026-08-04T13-25-53-019fcb73-38aa-7dc1-a0e8-ba0bbda0b211.jsonl;rollout-2026-08-04T13-46-54-019fcb86-7621-7113-8c34-e9e4bbbbcec9.jsonl;rollout-2026-08-04T14-54-53-019fcbc4-b3f2-77f3-b7c1-a06a5366e820.jsonl;rollout-2026-08-04T15-01-41-019fcbca-eaed-74d1-bf45-177cdb3f3491.jsonl;rollout-2026-08-04T15-07-44-019fcbd0-75f1-73c3-a828-838aa341eb82.jsonl;rollout-2026-08-04T16-25-55-019fcc18-0915-78d0-ba2c-e6b7a07eb9f1.jsonl;rollout-2026-08-04T20-47-31-019fcd07-8c5b-7af3-b9ec-87cb36d7a952.jsonl,app\Http\Controllers\ReturnRequestController.php
app\Http\Controllers\VnPayController.php,True,23,550,rollout-2026-07-31T11-06-09-019fb659-d8c8-7971-aa5f-6125546bafd1.jsonl;rollout-2026-08-02T17-29-48-019fc205-cd55-7a50-950b-2f6a196b5dee.jsonl;rollout-2026-08-03T11-06-38-019fc5cd-5f39-7863-a5b2-93a372b3a4ab.jsonl;rollout-2026-08-04T08-03-01-019fca4b-9f33-7ca2-beed-c0a735c6d12c.jsonl;rollout-2026-08-04T08-35-38-019fca69-7aad-7c81-a41b-21d9b9b7a3a6.jsonl;rollout-2026-08-04T09-20-33-019fca92-996a-7fb0-beea-942596ee66ef.jsonl;rollout-2026-08-04T10-12-03-019fcac1-c2c1-7fa1-9025-75f407e5c17d.jsonl;rollout-2026-08-04T10-15-17-019fcac4-b895-7d41-8678-b7e083a63a7c.jsonl;rollout-2026-08-04T10-19-37-019fcac8-aef6-7891-b93f-98ea184a621a.jsonl;rollout-2026-08-04T10-21-58-019fcaca-d45c-71e2-b106-bf99705f2352.jsonl;rollout-2026-08-04T10-34-18-019fcad6-1ecd-7850-99bb-3c6de4e50875.jsonl;rollout-2026-08-04T10-48-23-019fcae3-056d-75d1-92ad-eb777da35982.jsonl;rollout-2026-08-04T11-16-01-019fcafc-52a7-7192-8947-b6108df3e0a0.jsonl;rollout-2026-08-04T11-30-54-019fcb09-f095-73f0-a684-f990ae1268d9.jsonl;rollout-2026-08-04T12-04-05-019fcb28-5502-7851-a2a2-04d6af5ebca0.jsonl;rollout-2026-08-04T12-06-35-019fcb2a-9ce7-77a0-883d-13f05394caa9.jsonl;rollout-2026-08-04T13-25-53-019fcb73-38aa-7dc1-a0e8-ba0bbda0b211.jsonl;rollout-2026-08-04T13-46-54-019fcb86-7621-7113-8c34-e9e4bbbbcec9.jsonl;rollout-2026-08-04T14-54-53-019fcbc4-b3f2-77f3-b7c1-a06a5366e820.jsonl;rollout-2026-08-04T15-01-41-019fcbca-eaed-74d1-bf45-177cdb3f3491.jsonl;rollout-2026-08-04T15-07-44-019fcbd0-75f1-73c3-a828-838aa341eb82.jsonl;rollout-2026-08-04T16-25-55-019fcc18-0915-78d0-ba2c-e6b7a07eb9f1.jsonl;rollout-2026-08-04T20-47-31-019fcd07-8c5b-7af3-b9ec-87cb36d7a952.jsonl,app\Http\Controllers\VnPayController.php
app\Http\Middleware\EnsureAdmin.php,True,23,237,rollout-2026-07-31T11-06-09-019fb659-d8c8-7971-aa5f-6125546bafd1.jsonl;rollout-2026-08-02T17-29-48-019fc205-cd55-7a50-950b-2f6a196b5dee.jsonl;rollout-2026-08-03T11-06-38-019fc5cd-5f39-7863-a5b2-93a372b3a4ab.jsonl;rollout-2026-08-04T08-03-01-019fca4b-9f33-7ca2-beed-c0a735c6d12c.jsonl;rollout-2026-08-04T08-35-38-019fca69-7aad-7c81-a41b-21d9b9b7a3a6.jsonl;rollout-2026-08-04T09-20-33-019fca92-996a-7fb0-beea-942596ee66ef.jsonl;rollout-2026-08-04T10-12-03-019fcac1-c2c1-7fa1-9025-75f407e5c17d.jsonl;rollout-2026-08-04T10-15-17-019fcac4-b895-7d41-8678-b7e083a63a7c.jsonl;rollout-2026-08-04T10-19-37-019fcac8-aef6-7891-b93f-98ea184a621a.jsonl;rollout-2026-08-04T10-21-58-019fcaca-d45c-71e2-b106-bf99705f2352.jsonl;rollout-2026-08-04T10-34-18-019fcad6-1ecd-7850-99bb-3c6de4e50875.jsonl;rollout-2026-08-04T10-48-23-019fcae3-056d-75d1-92ad-eb777da35982.jsonl;rollout-2026-08-04T11-16-01-019fcafc-52a7-7192-8947-b6108df3e0a0.jsonl;rollout-2026-08-04T11-30-54-019fcb09-f095-73f0-a684-f990ae1268d9.jsonl;rollout-2026-08-04T12-04-05-019fcb28-5502-7851-a2a2-04d6af5ebca0.jsonl;rollout-2026-08-04T12-06-35-019fcb2a-9ce7-77a0-883d-13f05394caa9.jsonl;rollout-2026-08-04T13-25-53-019fcb73-38aa-7dc1-a0e8-ba0bbda0b211.jsonl;rollout-2026-08-04T13-46-54-019fcb86-7621-7113-8c34-e9e4bbbbcec9.jsonl;rollout-2026-08-04T14-54-53-019fcbc4-b3f2-77f3-b7c1-a06a5366e820.jsonl;rollout-2026-08-04T15-01-41-019fcbca-eaed-74d1-bf45-177cdb3f3491.jsonl;rollout-2026-08-04T15-07-44-019fcbd0-75f1-73c3-a828-838aa341eb82.jsonl;rollout-2026-08-04T16-25-55-019fcc18-0915-78d0-ba2c-e6b7a07eb9f1.jsonl;rollout-2026-08-04T20-47-31-019fcd07-8c5b-7af3-b9ec-87cb36d7a952.jsonl,app\Http\Middleware\EnsureAdmin.php
app\Http\Middleware\SecurityHeaders.php,True,22,86,rollout-2026-07-31T11-06-09-019fb659-d8c8-7971-aa5f-6125546bafd1.jsonl;rollout-2026-08-03T11-06-38-019fc5cd-5f39-7863-a5b2-93a372b3a4ab.jsonl;rollout-2026-08-04T08-03-01-019fca4b-9f33-7ca2-beed-c0a735c6d12c.jsonl;rollout-2026-08-04T08-35-38-019fca69-7aad-7c81-a41b-21d9b9b7a3a6.jsonl;rollout-2026-08-04T09-20-33-019fca92-996a-7fb0-beea-942596ee66ef.jsonl;rollout-2026-08-04T10-12-03-019fcac1-c2c1-7fa1-9025-75f407e5c17d.jsonl;rollout-2026-08-04T10-15-17-019fcac4-b895-7d41-8678-b7e083a63a7c.jsonl;rollout-2026-08-04T10-19-37-019fcac8-aef6-7891-b93f-98ea184a621a.jsonl;rollout-2026-08-04T10-21-58-019fcaca-d45c-71e2-b106-bf99705f2352.jsonl;rollout-2026-08-04T10-34-18-019fcad6-1ecd-7850-99bb-3c6de4e50875.jsonl;rollout-2026-08-04T10-48-23-019fcae3-056d-75d1-92ad-eb777da35982.jsonl;rollout-2026-08-04T11-16-01-019fcafc-52a7-7192-8947-b6108df3e0a0.jsonl;rollout-2026-08-04T11-30-54-019fcb09-f095-73f0-a684-f990ae1268d9.jsonl;rollout-2026-08-04T12-04-05-019fcb28-5502-7851-a2a2-04d6af5ebca0.jsonl;rollout-2026-08-04T12-06-35-019fcb2a-9ce7-77a0-883d-13f05394caa9.jsonl;rollout-2026-08-04T13-25-53-019fcb73-38aa-7dc1-a0e8-ba0bbda0b211.jsonl;rollout-2026-08-04T13-46-54-019fcb86-7621-7113-8c34-e9e4bbbbcec9.jsonl;rollout-2026-08-04T14-54-53-019fcbc4-b3f2-77f3-b7c1-a06a5366e820.jsonl;rollout-2026-08-04T15-01-41-019fcbca-eaed-74d1-bf45-177cdb3f3491.jsonl;rollout-2026-08-04T15-07-44-019fcbd0-75f1-73c3-a828-838aa341eb82.jsonl;rollout-2026-08-04T16-25-55-019fcc18-0915-78d0-ba2c-e6b7a07eb9f1.jsonl;rollout-2026-08-04T20-47-31-019fcd07-8c5b-7af3-b9ec-87cb36d7a952.jsonl,app\Http\Middleware\SecurityHeaders.php
app\Http\Middleware\ValidateRequestInput.php,True,22,77,rollout-2026-07-31T11-06-09-019fb659-d8c8-7971-aa5f-6125546bafd1.jsonl;rollout-2026-08-03T11-06-38-019fc5cd-5f39-7863-a5b2-93a372b3a4ab.jsonl;rollout-2026-08-04T08-03-01-019fca4b-9f33-7ca2-beed-c0a735c6d12c.jsonl;rollout-2026-08-04T08-35-38-019fca69-7aad-7c81-a41b-21d9b9b7a3a6.jsonl;rollout-2026-08-04T09-20-33-019fca92-996a-7fb0-beea-942596ee66ef.jsonl;rollout-2026-08-04T10-12-03-019fcac1-c2c1-7fa1-9025-75f407e5c17d.jsonl;rollout-2026-08-04T10-15-17-019fcac4-b895-7d41-8678-b7e083a63a7c.jsonl;rollout-2026-08-04T10-19-37-019fcac8-aef6-7891-b93f-98ea184a621a.jsonl;rollout-2026-08-04T10-21-58-019fcaca-d45c-71e2-b106-bf99705f2352.jsonl;rollout-2026-08-04T10-34-18-019fcad6-1ecd-7850-99bb-3c6de4e50875.jsonl;rollout-2026-08-04T10-48-23-019fcae3-056d-75d1-92ad-eb777da35982.jsonl;rollout-2026-08-04T11-16-01-019fcafc-52a7-7192-8947-b6108df3e0a0.jsonl;rollout-2026-08-04T11-30-54-019fcb09-f095-73f0-a684-f990ae1268d9.jsonl;rollout-2026-08-04T12-04-05-019fcb28-5502-7851-a2a2-04d6af5ebca0.jsonl;rollout-2026-08-04T12-06-35-019fcb2a-9ce7-77a0-883d-13f05394caa9.jsonl;rollout-2026-08-04T13-25-53-019fcb73-38aa-7dc1-a0e8-ba0bbda0b211.jsonl;rollout-2026-08-04T13-46-54-019fcb86-7621-7113-8c34-e9e4bbbbcec9.jsonl;rollout-2026-08-04T14-54-53-019fcbc4-b3f2-77f3-b7c1-a06a5366e820.jsonl;rollout-2026-08-04T15-01-41-019fcbca-eaed-74d1-bf45-177cdb3f3491.jsonl;rollout-2026-08-04T15-07-44-019fcbd0-75f1-73c3-a828-838aa341eb82.jsonl;rollout-2026-08-04T16-25-55-019fcc18-0915-78d0-ba2c-e6b7a07eb9f1.jsonl;rollout-2026-08-04T20-47-31-019fcd07-8c5b-7af3-b9ec-87cb36d7a952.jsonl,app\Http\Middleware\ValidateRequestInput.php
app\Jobs\SendRawMailJob.php,True,6,27,rollout-2026-08-04T13-25-53-019fcb73-38aa-7dc1-a0e8-ba0bbda0b211.jsonl;rollout-2026-08-04T13-46-54-019fcb86-7621-7113-8c34-e9e4bbbbcec9.jsonl;rollout-2026-08-04T14-54-53-019fcbc4-b3f2-77f3-b7c1-a06a5366e820.jsonl;rollout-2026-08-04T15-07-44-019fcbd0-75f1-73c3-a828-838aa341eb82.jsonl;rollout-2026-08-04T16-25-55-019fcc18-0915-78d0-ba2c-e6b7a07eb9f1.jsonl;rollout-2026-08-04T20-47-31-019fcd07-8c5b-7af3-b9ec-87cb36d7a952.jsonl,*** Add File: app/Jobs/SendRawMailJob.php
app\Models\Banner.php,True,21,60,rollout-2026-07-31T11-06-09-019fb659-d8c8-7971-aa5f-6125546bafd1.jsonl;rollout-2026-08-04T08-03-01-019fca4b-9f33-7ca2-beed-c0a735c6d12c.jsonl;rollout-2026-08-04T08-35-38-019fca69-7aad-7c81-a41b-21d9b9b7a3a6.jsonl;rollout-2026-08-04T09-20-33-019fca92-996a-7fb0-beea-942596ee66ef.jsonl;rollout-2026-08-04T10-12-03-019fcac1-c2c1-7fa1-9025-75f407e5c17d.jsonl;rollout-2026-08-04T10-15-17-019fcac4-b895-7d41-8678-b7e083a63a7c.jsonl;rollout-2026-08-04T10-19-37-019fcac8-aef6-7891-b93f-98ea184a621a.jsonl;rollout-2026-08-04T10-21-58-019fcaca-d45c-71e2-b106-bf99705f2352.jsonl;rollout-2026-08-04T10-34-18-019fcad6-1ecd-7850-99bb-3c6de4e50875.jsonl;rollout-2026-08-04T10-48-23-019fcae3-056d-75d1-92ad-eb777da35982.jsonl;rollout-2026-08-04T11-16-01-019fcafc-52a7-7192-8947-b6108df3e0a0.jsonl;rollout-2026-08-04T11-30-54-019fcb09-f095-73f0-a684-f990ae1268d9.jsonl;rollout-2026-08-04T12-04-05-019fcb28-5502-7851-a2a2-04d6af5ebca0.jsonl;rollout-2026-08-04T12-06-35-019fcb2a-9ce7-77a0-883d-13f05394caa9.jsonl;rollout-2026-08-04T13-25-53-019fcb73-38aa-7dc1-a0e8-ba0bbda0b211.jsonl;rollout-2026-08-04T13-46-54-019fcb86-7621-7113-8c34-e9e4bbbbcec9.jsonl;rollout-2026-08-04T14-54-53-019fcbc4-b3f2-77f3-b7c1-a06a5366e820.jsonl;rollout-2026-08-04T15-01-41-019fcbca-eaed-74d1-bf45-177cdb3f3491.jsonl;rollout-2026-08-04T15-07-44-019fcbd0-75f1-73c3-a828-838aa341eb82.jsonl;rollout-2026-08-04T16-25-55-019fcc18-0915-78d0-ba2c-e6b7a07eb9f1.jsonl;rollout-2026-08-04T20-47-31-019fcd07-8c5b-7af3-b9ec-87cb36d7a952.jsonl,app\Models\Banner.php
app\Models\Brand.php,True,21,67,rollout-2026-07-31T11-06-09-019fb659-d8c8-7971-aa5f-6125546bafd1.jsonl;rollout-2026-08-04T08-03-01-019fca4b-9f33-7ca2-beed-c0a735c6d12c.jsonl;rollout-2026-08-04T08-35-38-019fca69-7aad-7c81-a41b-21d9b9b7a3a6.jsonl;rollout-2026-08-04T09-20-33-019fca92-996a-7fb0-beea-942596ee66ef.jsonl;rollout-2026-08-04T10-12-03-019fcac1-c2c1-7fa1-9025-75f407e5c17d.jsonl;rollout-2026-08-04T10-15-17-019fcac4-b895-7d41-8678-b7e083a63a7c.jsonl;rollout-2026-08-04T10-19-37-019fcac8-aef6-7891-b93f-98ea184a621a.jsonl;rollout-2026-08-04T10-21-58-019fcaca-d45c-71e2-b106-bf99705f2352.jsonl;rollout-2026-08-04T10-34-18-019fcad6-1ecd-7850-99bb-3c6de4e50875.jsonl;rollout-2026-08-04T10-48-23-019fcae3-056d-75d1-92ad-eb777da35982.jsonl;rollout-2026-08-04T11-16-01-019fcafc-52a7-7192-8947-b6108df3e0a0.jsonl;rollout-2026-08-04T11-30-54-019fcb09-f095-73f0-a684-f990ae1268d9.jsonl;rollout-2026-08-04T12-04-05-019fcb28-5502-7851-a2a2-04d6af5ebca0.jsonl;rollout-2026-08-04T12-06-35-019fcb2a-9ce7-77a0-883d-13f05394caa9.jsonl;rollout-2026-08-04T13-25-53-019fcb73-38aa-7dc1-a0e8-ba0bbda0b211.jsonl;rollout-2026-08-04T13-46-54-019fcb86-7621-7113-8c34-e9e4bbbbcec9.jsonl;rollout-2026-08-04T14-54-53-019fcbc4-b3f2-77f3-b7c1-a06a5366e820.jsonl;rollout-2026-08-04T15-01-41-019fcbca-eaed-74d1-bf45-177cdb3f3491.jsonl;rollout-2026-08-04T15-07-44-019fcbd0-75f1-73c3-a828-838aa341eb82.jsonl;rollout-2026-08-04T16-25-55-019fcc18-0915-78d0-ba2c-e6b7a07eb9f1.jsonl;rollout-2026-08-04T20-47-31-019fcd07-8c5b-7af3-b9ec-87cb36d7a952.jsonl,app\Models\Brand.php
app\Models\Category.php,True,21,67,rollout-2026-07-31T11-06-09-019fb659-d8c8-7971-aa5f-6125546bafd1.jsonl;rollout-2026-08-04T08-03-01-019fca4b-9f33-7ca2-beed-c0a735c6d12c.jsonl;rollout-2026-08-04T08-35-38-019fca69-7aad-7c81-a41b-21d9b9b7a3a6.jsonl;rollout-2026-08-04T09-20-33-019fca92-996a-7fb0-beea-942596ee66ef.jsonl;rollout-2026-08-04T10-12-03-019fcac1-c2c1-7fa1-9025-75f407e5c17d.jsonl;rollout-2026-08-04T10-15-17-019fcac4-b895-7d41-8678-b7e083a63a7c.jsonl;rollout-2026-08-04T10-19-37-019fcac8-aef6-7891-b93f-98ea184a621a.jsonl;rollout-2026-08-04T10-21-58-019fcaca-d45c-71e2-b106-bf99705f2352.jsonl;rollout-2026-08-04T10-34-18-019fcad6-1ecd-7850-99bb-3c6de4e50875.jsonl;rollout-2026-08-04T10-48-23-019fcae3-056d-75d1-92ad-eb777da35982.jsonl;rollout-2026-08-04T11-16-01-019fcafc-52a7-7192-8947-b6108df3e0a0.jsonl;rollout-2026-08-04T11-30-54-019fcb09-f095-73f0-a684-f990ae1268d9.jsonl;rollout-2026-08-04T12-04-05-019fcb28-5502-7851-a2a2-04d6af5ebca0.jsonl;rollout-2026-08-04T12-06-35-019fcb2a-9ce7-77a0-883d-13f05394caa9.jsonl;rollout-2026-08-04T13-25-53-019fcb73-38aa-7dc1-a0e8-ba0bbda0b211.jsonl;rollout-2026-08-04T13-46-54-019fcb86-7621-7113-8c34-e9e4bbbbcec9.jsonl;rollout-2026-08-04T14-54-53-019fcbc4-b3f2-77f3-b7c1-a06a5366e820.jsonl;rollout-2026-08-04T15-01-41-019fcbca-eaed-74d1-bf45-177cdb3f3491.jsonl;rollout-2026-08-04T15-07-44-019fcbd0-75f1-73c3-a828-838aa341eb82.jsonl;rollout-2026-08-04T16-25-55-019fcc18-0915-78d0-ba2c-e6b7a07eb9f1.jsonl;rollout-2026-08-04T20-47-31-019fcd07-8c5b-7af3-b9ec-87cb36d7a952.jsonl,app\Models\Category.php
app\Models\Color.php,True,20,49,rollout-2026-07-31T11-06-09-019fb659-d8c8-7971-aa5f-6125546bafd1.jsonl;rollout-2026-08-04T08-35-38-019fca69-7aad-7c81-a41b-21d9b9b7a3a6.jsonl;rollout-2026-08-04T09-20-33-019fca92-996a-7fb0-beea-942596ee66ef.jsonl;rollout-2026-08-04T10-12-03-019fcac1-c2c1-7fa1-9025-75f407e5c17d.jsonl;rollout-2026-08-04T10-15-17-019fcac4-b895-7d41-8678-b7e083a63a7c.jsonl;rollout-2026-08-04T10-19-37-019fcac8-aef6-7891-b93f-98ea184a621a.jsonl;rollout-2026-08-04T10-21-58-019fcaca-d45c-71e2-b106-bf99705f2352.jsonl;rollout-2026-08-04T10-34-18-019fcad6-1ecd-7850-99bb-3c6de4e50875.jsonl;rollout-2026-08-04T10-48-23-019fcae3-056d-75d1-92ad-eb777da35982.jsonl;rollout-2026-08-04T11-16-01-019fcafc-52a7-7192-8947-b6108df3e0a0.jsonl;rollout-2026-08-04T11-30-54-019fcb09-f095-73f0-a684-f990ae1268d9.jsonl;rollout-2026-08-04T12-04-05-019fcb28-5502-7851-a2a2-04d6af5ebca0.jsonl;rollout-2026-08-04T12-06-35-019fcb2a-9ce7-77a0-883d-13f05394caa9.jsonl;rollout-2026-08-04T13-25-53-019fcb73-38aa-7dc1-a0e8-ba0bbda0b211.jsonl;rollout-2026-08-04T13-46-54-019fcb86-7621-7113-8c34-e9e4bbbbcec9.jsonl;rollout-2026-08-04T14-54-53-019fcbc4-b3f2-77f3-b7c1-a06a5366e820.jsonl;rollout-2026-08-04T15-01-41-019fcbca-eaed-74d1-bf45-177cdb3f3491.jsonl;rollout-2026-08-04T15-07-44-019fcbd0-75f1-73c3-a828-838aa341eb82.jsonl;rollout-2026-08-04T16-25-55-019fcc18-0915-78d0-ba2c-e6b7a07eb9f1.jsonl;rollout-2026-08-04T20-47-31-019fcd07-8c5b-7af3-b9ec-87cb36d7a952.jsonl,app\Models\Color.php
app\Models\FrameMaterial.php,True,20,49,rollout-2026-07-31T11-06-09-019fb659-d8c8-7971-aa5f-6125546bafd1.jsonl;rollout-2026-08-04T08-35-38-019fca69-7aad-7c81-a41b-21d9b9b7a3a6.jsonl;rollout-2026-08-04T09-20-33-019fca92-996a-7fb0-beea-942596ee66ef.jsonl;rollout-2026-08-04T10-12-03-019fcac1-c2c1-7fa1-9025-75f407e5c17d.jsonl;rollout-2026-08-04T10-15-17-019fcac4-b895-7d41-8678-b7e083a63a7c.jsonl;rollout-2026-08-04T10-19-37-019fcac8-aef6-7891-b93f-98ea184a621a.jsonl;rollout-2026-08-04T10-21-58-019fcaca-d45c-71e2-b106-bf99705f2352.jsonl;rollout-2026-08-04T10-34-18-019fcad6-1ecd-7850-99bb-3c6de4e50875.jsonl;rollout-2026-08-04T10-48-23-019fcae3-056d-75d1-92ad-eb777da35982.jsonl;rollout-2026-08-04T11-16-01-019fcafc-52a7-7192-8947-b6108df3e0a0.jsonl;rollout-2026-08-04T11-30-54-019fcb09-f095-73f0-a684-f990ae1268d9.jsonl;rollout-2026-08-04T12-04-05-019fcb28-5502-7851-a2a2-04d6af5ebca0.jsonl;rollout-2026-08-04T12-06-35-019fcb2a-9ce7-77a0-883d-13f05394caa9.jsonl;rollout-2026-08-04T13-25-53-019fcb73-38aa-7dc1-a0e8-ba0bbda0b211.jsonl;rollout-2026-08-04T13-46-54-019fcb86-7621-7113-8c34-e9e4bbbbcec9.jsonl;rollout-2026-08-04T14-54-53-019fcbc4-b3f2-77f3-b7c1-a06a5366e820.jsonl;rollout-2026-08-04T15-01-41-019fcbca-eaed-74d1-bf45-177cdb3f3491.jsonl;rollout-2026-08-04T15-07-44-019fcbd0-75f1-73c3-a828-838aa341eb82.jsonl;rollout-2026-08-04T16-25-55-019fcc18-0915-78d0-ba2c-e6b7a07eb9f1.jsonl;rollout-2026-08-04T20-47-31-019fcd07-8c5b-7af3-b9ec-87cb36d7a952.jsonl,app\Models\FrameMaterial.php
app\Models\FrameShape.php,True,20,49,rollout-2026-07-31T11-06-09-019fb659-d8c8-7971-aa5f-6125546bafd1.jsonl;rollout-2026-08-04T08-35-38-019fca69-7aad-7c81-a41b-21d9b9b7a3a6.jsonl;rollout-2026-08-04T09-20-33-019fca92-996a-7fb0-beea-942596ee66ef.jsonl;rollout-2026-08-04T10-12-03-019fcac1-c2c1-7fa1-9025-75f407e5c17d.jsonl;rollout-2026-08-04T10-15-17-019fcac4-b895-7d41-8678-b7e083a63a7c.jsonl;rollout-2026-08-04T10-19-37-019fcac8-aef6-7891-b93f-98ea184a621a.jsonl;rollout-2026-08-04T10-21-58-019fcaca-d45c-71e2-b106-bf99705f2352.jsonl;rollout-2026-08-04T10-34-18-019fcad6-1ecd-7850-99bb-3c6de4e50875.jsonl;rollout-2026-08-04T10-48-23-019fcae3-056d-75d1-92ad-eb777da35982.jsonl;rollout-2026-08-04T11-16-01-019fcafc-52a7-7192-8947-b6108df3e0a0.jsonl;rollout-2026-08-04T11-30-54-019fcb09-f095-73f0-a684-f990ae1268d9.jsonl;rollout-2026-08-04T12-04-05-019fcb28-5502-7851-a2a2-04d6af5ebca0.jsonl;rollout-2026-08-04T12-06-35-019fcb2a-9ce7-77a0-883d-13f05394caa9.jsonl;rollout-2026-08-04T13-25-53-019fcb73-38aa-7dc1-a0e8-ba0bbda0b211.jsonl;rollout-2026-08-04T13-46-54-019fcb86-7621-7113-8c34-e9e4bbbbcec9.jsonl;rollout-2026-08-04T14-54-53-019fcbc4-b3f2-77f3-b7c1-a06a5366e820.jsonl;rollout-2026-08-04T15-01-41-019fcbca-eaed-74d1-bf45-177cdb3f3491.jsonl;rollout-2026-08-04T15-07-44-019fcbd0-75f1-73c3-a828-838aa341eb82.jsonl;rollout-2026-08-04T16-25-55-019fcc18-0915-78d0-ba2c-e6b7a07eb9f1.jsonl;rollout-2026-08-04T20-47-31-019fcd07-8c5b-7af3-b9ec-87cb36d7a952.jsonl,app\Models\FrameShape.php
app\Models\Inventory.php,True,21,97,rollout-2026-07-31T11-06-09-019fb659-d8c8-7971-aa5f-6125546bafd1.jsonl;rollout-2026-08-04T08-03-01-019fca4b-9f33-7ca2-beed-c0a735c6d12c.jsonl;rollout-2026-08-04T08-35-38-019fca69-7aad-7c81-a41b-21d9b9b7a3a6.jsonl;rollout-2026-08-04T09-20-33-019fca92-996a-7fb0-beea-942596ee66ef.jsonl;rollout-2026-08-04T10-12-03-019fcac1-c2c1-7fa1-9025-75f407e5c17d.jsonl;rollout-2026-08-04T10-15-17-019fcac4-b895-7d41-8678-b7e083a63a7c.jsonl;rollout-2026-08-04T10-19-37-019fcac8-aef6-7891-b93f-98ea184a621a.jsonl;rollout-2026-08-04T10-21-58-019fcaca-d45c-71e2-b106-bf99705f2352.jsonl;rollout-2026-08-04T10-34-18-019fcad6-1ecd-7850-99bb-3c6de4e50875.jsonl;rollout-2026-08-04T10-48-23-019fcae3-056d-75d1-92ad-eb777da35982.jsonl;rollout-2026-08-04T11-16-01-019fcafc-52a7-7192-8947-b6108df3e0a0.jsonl;rollout-2026-08-04T11-30-54-019fcb09-f095-73f0-a684-f990ae1268d9.jsonl;rollout-2026-08-04T12-04-05-019fcb28-5502-7851-a2a2-04d6af5ebca0.jsonl;rollout-2026-08-04T12-06-35-019fcb2a-9ce7-77a0-883d-13f05394caa9.jsonl;rollout-2026-08-04T13-25-53-019fcb73-38aa-7dc1-a0e8-ba0bbda0b211.jsonl;rollout-2026-08-04T13-46-54-019fcb86-7621-7113-8c34-e9e4bbbbcec9.jsonl;rollout-2026-08-04T14-54-53-019fcbc4-b3f2-77f3-b7c1-a06a5366e820.jsonl;rollout-2026-08-04T15-01-41-019fcbca-eaed-74d1-bf45-177cdb3f3491.jsonl;rollout-2026-08-04T15-07-44-019fcbd0-75f1-73c3-a828-838aa341eb82.jsonl;rollout-2026-08-04T16-25-55-019fcc18-0915-78d0-ba2c-e6b7a07eb9f1.jsonl;rollout-2026-08-04T20-47-31-019fcd07-8c5b-7af3-b9ec-87cb36d7a952.jsonl,app\Models\Inventory.php
app\Models\LensSize.php,True,20,50,rollout-2026-07-31T11-06-09-019fb659-d8c8-7971-aa5f-6125546bafd1.jsonl;rollout-2026-08-04T08-35-38-019fca69-7aad-7c81-a41b-21d9b9b7a3a6.jsonl;rollout-2026-08-04T09-20-33-019fca92-996a-7fb0-beea-942596ee66ef.jsonl;rollout-2026-08-04T10-12-03-019fcac1-c2c1-7fa1-9025-75f407e5c17d.jsonl;rollout-2026-08-04T10-15-17-019fcac4-b895-7d41-8678-b7e083a63a7c.jsonl;rollout-2026-08-04T10-19-37-019fcac8-aef6-7891-b93f-98ea184a621a.jsonl;rollout-2026-08-04T10-21-58-019fcaca-d45c-71e2-b106-bf99705f2352.jsonl;rollout-2026-08-04T10-34-18-019fcad6-1ecd-7850-99bb-3c6de4e50875.jsonl;rollout-2026-08-04T10-48-23-019fcae3-056d-75d1-92ad-eb777da35982.jsonl;rollout-2026-08-04T11-16-01-019fcafc-52a7-7192-8947-b6108df3e0a0.jsonl;rollout-2026-08-04T11-30-54-019fcb09-f095-73f0-a684-f990ae1268d9.jsonl;rollout-2026-08-04T12-04-05-019fcb28-5502-7851-a2a2-04d6af5ebca0.jsonl;rollout-2026-08-04T12-06-35-019fcb2a-9ce7-77a0-883d-13f05394caa9.jsonl;rollout-2026-08-04T13-25-53-019fcb73-38aa-7dc1-a0e8-ba0bbda0b211.jsonl;rollout-2026-08-04T13-46-54-019fcb86-7621-7113-8c34-e9e4bbbbcec9.jsonl;rollout-2026-08-04T14-54-53-019fcbc4-b3f2-77f3-b7c1-a06a5366e820.jsonl;rollout-2026-08-04T15-01-41-019fcbca-eaed-74d1-bf45-177cdb3f3491.jsonl;rollout-2026-08-04T15-07-44-019fcbd0-75f1-73c3-a828-838aa341eb82.jsonl;rollout-2026-08-04T16-25-55-019fcc18-0915-78d0-ba2c-e6b7a07eb9f1.jsonl;rollout-2026-08-04T20-47-31-019fcd07-8c5b-7af3-b9ec-87cb36d7a952.jsonl,app\Models\LensSize.php
app\Models\Order.php,True,21,188,rollout-2026-07-31T11-06-09-019fb659-d8c8-7971-aa5f-6125546bafd1.jsonl;rollout-2026-08-04T08-03-01-019fca4b-9f33-7ca2-beed-c0a735c6d12c.jsonl;rollout-2026-08-04T08-35-38-019fca69-7aad-7c81-a41b-21d9b9b7a3a6.jsonl;rollout-2026-08-04T09-20-33-019fca92-996a-7fb0-beea-942596ee66ef.jsonl;rollout-2026-08-04T10-12-03-019fcac1-c2c1-7fa1-9025-75f407e5c17d.jsonl;rollout-2026-08-04T10-15-17-019fcac4-b895-7d41-8678-b7e083a63a7c.jsonl;rollout-2026-08-04T10-19-37-019fcac8-aef6-7891-b93f-98ea184a621a.jsonl;rollout-2026-08-04T10-21-58-019fcaca-d45c-71e2-b106-bf99705f2352.jsonl;rollout-2026-08-04T10-34-18-019fcad6-1ecd-7850-99bb-3c6de4e50875.jsonl;rollout-2026-08-04T10-48-23-019fcae3-056d-75d1-92ad-eb777da35982.jsonl;rollout-2026-08-04T11-16-01-019fcafc-52a7-7192-8947-b6108df3e0a0.jsonl;rollout-2026-08-04T11-30-54-019fcb09-f095-73f0-a684-f990ae1268d9.jsonl;rollout-2026-08-04T12-04-05-019fcb28-5502-7851-a2a2-04d6af5ebca0.jsonl;rollout-2026-08-04T12-06-35-019fcb2a-9ce7-77a0-883d-13f05394caa9.jsonl;rollout-2026-08-04T13-25-53-019fcb73-38aa-7dc1-a0e8-ba0bbda0b211.jsonl;rollout-2026-08-04T13-46-54-019fcb86-7621-7113-8c34-e9e4bbbbcec9.jsonl;rollout-2026-08-04T14-54-53-019fcbc4-b3f2-77f3-b7c1-a06a5366e820.jsonl;rollout-2026-08-04T15-01-41-019fcbca-eaed-74d1-bf45-177cdb3f3491.jsonl;rollout-2026-08-04T15-07-44-019fcbd0-75f1-73c3-a828-838aa341eb82.jsonl;rollout-2026-08-04T16-25-55-019fcc18-0915-78d0-ba2c-e6b7a07eb9f1.jsonl;rollout-2026-08-04T20-47-31-019fcd07-8c5b-7af3-b9ec-87cb36d7a952.jsonl,app\Models\Order.php
app\Models\OrderItem.php,True,21,89,rollout-2026-07-31T11-06-09-019fb659-d8c8-7971-aa5f-6125546bafd1.jsonl;rollout-2026-08-04T08-03-01-019fca4b-9f33-7ca2-beed-c0a735c6d12c.jsonl;rollout-2026-08-04T08-35-38-019fca69-7aad-7c81-a41b-21d9b9b7a3a6.jsonl;rollout-2026-08-04T09-20-33-019fca92-996a-7fb0-beea-942596ee66ef.jsonl;rollout-2026-08-04T10-12-03-019fcac1-c2c1-7fa1-9025-75f407e5c17d.jsonl;rollout-2026-08-04T10-15-17-019fcac4-b895-7d41-8678-b7e083a63a7c.jsonl;rollout-2026-08-04T10-19-37-019fcac8-aef6-7891-b93f-98ea184a621a.jsonl;rollout-2026-08-04T10-21-58-019fcaca-d45c-71e2-b106-bf99705f2352.jsonl;rollout-2026-08-04T10-34-18-019fcad6-1ecd-7850-99bb-3c6de4e50875.jsonl;rollout-2026-08-04T10-48-23-019fcae3-056d-75d1-92ad-eb777da35982.jsonl;rollout-2026-08-04T11-16-01-019fcafc-52a7-7192-8947-b6108df3e0a0.jsonl;rollout-2026-08-04T11-30-54-019fcb09-f095-73f0-a684-f990ae1268d9.jsonl;rollout-2026-08-04T12-04-05-019fcb28-5502-7851-a2a2-04d6af5ebca0.jsonl;rollout-2026-08-04T12-06-35-019fcb2a-9ce7-77a0-883d-13f05394caa9.jsonl;rollout-2026-08-04T13-25-53-019fcb73-38aa-7dc1-a0e8-ba0bbda0b211.jsonl;rollout-2026-08-04T13-46-54-019fcb86-7621-7113-8c34-e9e4bbbbcec9.jsonl;rollout-2026-08-04T14-54-53-019fcbc4-b3f2-77f3-b7c1-a06a5366e820.jsonl;rollout-2026-08-04T15-01-41-019fcbca-eaed-74d1-bf45-177cdb3f3491.jsonl;rollout-2026-08-04T15-07-44-019fcbd0-75f1-73c3-a828-838aa341eb82.jsonl;rollout-2026-08-04T16-25-55-019fcc18-0915-78d0-ba2c-e6b7a07eb9f1.jsonl;rollout-2026-08-04T20-47-31-019fcd07-8c5b-7af3-b9ec-87cb36d7a952.jsonl,app\Models\OrderItem.php
app\Models\Payment.php,True,20,62,rollout-2026-07-31T11-06-09-019fb659-d8c8-7971-aa5f-6125546bafd1.jsonl;rollout-2026-08-04T08-35-38-019fca69-7aad-7c81-a41b-21d9b9b7a3a6.jsonl;rollout-2026-08-04T09-20-33-019fca92-996a-7fb0-beea-942596ee66ef.jsonl;rollout-2026-08-04T10-12-03-019fcac1-c2c1-7fa1-9025-75f407e5c17d.jsonl;rollout-2026-08-04T10-15-17-019fcac4-b895-7d41-8678-b7e083a63a7c.jsonl;rollout-2026-08-04T10-19-37-019fcac8-aef6-7891-b93f-98ea184a621a.jsonl;rollout-2026-08-04T10-21-58-019fcaca-d45c-71e2-b106-bf99705f2352.jsonl;rollout-2026-08-04T10-34-18-019fcad6-1ecd-7850-99bb-3c6de4e50875.jsonl;rollout-2026-08-04T10-48-23-019fcae3-056d-75d1-92ad-eb777da35982.jsonl;rollout-2026-08-04T11-16-01-019fcafc-52a7-7192-8947-b6108df3e0a0.jsonl;rollout-2026-08-04T11-30-54-019fcb09-f095-73f0-a684-f990ae1268d9.jsonl;rollout-2026-08-04T12-04-05-019fcb28-5502-7851-a2a2-04d6af5ebca0.jsonl;rollout-2026-08-04T12-06-35-019fcb2a-9ce7-77a0-883d-13f05394caa9.jsonl;rollout-2026-08-04T13-25-53-019fcb73-38aa-7dc1-a0e8-ba0bbda0b211.jsonl;rollout-2026-08-04T13-46-54-019fcb86-7621-7113-8c34-e9e4bbbbcec9.jsonl;rollout-2026-08-04T14-54-53-019fcbc4-b3f2-77f3-b7c1-a06a5366e820.jsonl;rollout-2026-08-04T15-01-41-019fcbca-eaed-74d1-bf45-177cdb3f3491.jsonl;rollout-2026-08-04T15-07-44-019fcbd0-75f1-73c3-a828-838aa341eb82.jsonl;rollout-2026-08-04T16-25-55-019fcc18-0915-78d0-ba2c-e6b7a07eb9f1.jsonl;rollout-2026-08-04T20-47-31-019fcd07-8c5b-7af3-b9ec-87cb36d7a952.jsonl,app\Models\Payment.php
app\Models\Post.php,True,21,59,rollout-2026-07-31T11-06-09-019fb659-d8c8-7971-aa5f-6125546bafd1.jsonl;rollout-2026-08-04T08-03-01-019fca4b-9f33-7ca2-beed-c0a735c6d12c.jsonl;rollout-2026-08-04T08-35-38-019fca69-7aad-7c81-a41b-21d9b9b7a3a6.jsonl;rollout-2026-08-04T09-20-33-019fca92-996a-7fb0-beea-942596ee66ef.jsonl;rollout-2026-08-04T10-12-03-019fcac1-c2c1-7fa1-9025-75f407e5c17d.jsonl;rollout-2026-08-04T10-15-17-019fcac4-b895-7d41-8678-b7e083a63a7c.jsonl;rollout-2026-08-04T10-19-37-019fcac8-aef6-7891-b93f-98ea184a621a.jsonl;rollout-2026-08-04T10-21-58-019fcaca-d45c-71e2-b106-bf99705f2352.jsonl;rollout-2026-08-04T10-34-18-019fcad6-1ecd-7850-99bb-3c6de4e50875.jsonl;rollout-2026-08-04T10-48-23-019fcae3-056d-75d1-92ad-eb777da35982.jsonl;rollout-2026-08-04T11-16-01-019fcafc-52a7-7192-8947-b6108df3e0a0.jsonl;rollout-2026-08-04T11-30-54-019fcb09-f095-73f0-a684-f990ae1268d9.jsonl;rollout-2026-08-04T12-04-05-019fcb28-5502-7851-a2a2-04d6af5ebca0.jsonl;rollout-2026-08-04T12-06-35-019fcb2a-9ce7-77a0-883d-13f05394caa9.jsonl;rollout-2026-08-04T13-25-53-019fcb73-38aa-7dc1-a0e8-ba0bbda0b211.jsonl;rollout-2026-08-04T13-46-54-019fcb86-7621-7113-8c34-e9e4bbbbcec9.jsonl;rollout-2026-08-04T14-54-53-019fcbc4-b3f2-77f3-b7c1-a06a5366e820.jsonl;rollout-2026-08-04T15-01-41-019fcbca-eaed-74d1-bf45-177cdb3f3491.jsonl;rollout-2026-08-04T15-07-44-019fcbd0-75f1-73c3-a828-838aa341eb82.jsonl;rollout-2026-08-04T16-25-55-019fcc18-0915-78d0-ba2c-e6b7a07eb9f1.jsonl;rollout-2026-08-04T20-47-31-019fcd07-8c5b-7af3-b9ec-87cb36d7a952.jsonl,app\Models\Post.php
app\Models\PostCategory.php,True,21,52,rollout-2026-07-31T11-06-09-019fb659-d8c8-7971-aa5f-6125546bafd1.jsonl;rollout-2026-08-04T08-03-01-019fca4b-9f33-7ca2-beed-c0a735c6d12c.jsonl;rollout-2026-08-04T08-35-38-019fca69-7aad-7c81-a41b-21d9b9b7a3a6.jsonl;rollout-2026-08-04T09-20-33-019fca92-996a-7fb0-beea-942596ee66ef.jsonl;rollout-2026-08-04T10-12-03-019fcac1-c2c1-7fa1-9025-75f407e5c17d.jsonl;rollout-2026-08-04T10-15-17-019fcac4-b895-7d41-8678-b7e083a63a7c.jsonl;rollout-2026-08-04T10-19-37-019fcac8-aef6-7891-b93f-98ea184a621a.jsonl;rollout-2026-08-04T10-21-58-019fcaca-d45c-71e2-b106-bf99705f2352.jsonl;rollout-2026-08-04T10-34-18-019fcad6-1ecd-7850-99bb-3c6de4e50875.jsonl;rollout-2026-08-04T10-48-23-019fcae3-056d-75d1-92ad-eb777da35982.jsonl;rollout-2026-08-04T11-16-01-019fcafc-52a7-7192-8947-b6108df3e0a0.jsonl;rollout-2026-08-04T11-30-54-019fcb09-f095-73f0-a684-f990ae1268d9.jsonl;rollout-2026-08-04T12-04-05-019fcb28-5502-7851-a2a2-04d6af5ebca0.jsonl;rollout-2026-08-04T12-06-35-019fcb2a-9ce7-77a0-883d-13f05394caa9.jsonl;rollout-2026-08-04T13-25-53-019fcb73-38aa-7dc1-a0e8-ba0bbda0b211.jsonl;rollout-2026-08-04T13-46-54-019fcb86-7621-7113-8c34-e9e4bbbbcec9.jsonl;rollout-2026-08-04T14-54-53-019fcbc4-b3f2-77f3-b7c1-a06a5366e820.jsonl;rollout-2026-08-04T15-01-41-019fcbca-eaed-74d1-bf45-177cdb3f3491.jsonl;rollout-2026-08-04T15-07-44-019fcbd0-75f1-73c3-a828-838aa341eb82.jsonl;rollout-2026-08-04T16-25-55-019fcc18-0915-78d0-ba2c-e6b7a07eb9f1.jsonl;rollout-2026-08-04T20-47-31-019fcd07-8c5b-7af3-b9ec-87cb36d7a952.jsonl,app\Models\PostCategory.php
app\Models\Product.php,True,22,101,rollout-2026-07-31T11-06-09-019fb659-d8c8-7971-aa5f-6125546bafd1.jsonl;rollout-2026-08-03T11-06-38-019fc5cd-5f39-7863-a5b2-93a372b3a4ab.jsonl;rollout-2026-08-04T08-03-01-019fca4b-9f33-7ca2-beed-c0a735c6d12c.jsonl;rollout-2026-08-04T08-35-38-019fca69-7aad-7c81-a41b-21d9b9b7a3a6.jsonl;rollout-2026-08-04T09-20-33-019fca92-996a-7fb0-beea-942596ee66ef.jsonl;rollout-2026-08-04T10-12-03-019fcac1-c2c1-7fa1-9025-75f407e5c17d.jsonl;rollout-2026-08-04T10-15-17-019fcac4-b895-7d41-8678-b7e083a63a7c.jsonl;rollout-2026-08-04T10-19-37-019fcac8-aef6-7891-b93f-98ea184a621a.jsonl;rollout-2026-08-04T10-21-58-019fcaca-d45c-71e2-b106-bf99705f2352.jsonl;rollout-2026-08-04T10-34-18-019fcad6-1ecd-7850-99bb-3c6de4e50875.jsonl;rollout-2026-08-04T10-48-23-019fcae3-056d-75d1-92ad-eb777da35982.jsonl;rollout-2026-08-04T11-16-01-019fcafc-52a7-7192-8947-b6108df3e0a0.jsonl;rollout-2026-08-04T11-30-54-019fcb09-f095-73f0-a684-f990ae1268d9.jsonl;rollout-2026-08-04T12-04-05-019fcb28-5502-7851-a2a2-04d6af5ebca0.jsonl;rollout-2026-08-04T12-06-35-019fcb2a-9ce7-77a0-883d-13f05394caa9.jsonl;rollout-2026-08-04T13-25-53-019fcb73-38aa-7dc1-a0e8-ba0bbda0b211.jsonl;rollout-2026-08-04T13-46-54-019fcb86-7621-7113-8c34-e9e4bbbbcec9.jsonl;rollout-2026-08-04T14-54-53-019fcbc4-b3f2-77f3-b7c1-a06a5366e820.jsonl;rollout-2026-08-04T15-01-41-019fcbca-eaed-74d1-bf45-177cdb3f3491.jsonl;rollout-2026-08-04T15-07-44-019fcbd0-75f1-73c3-a828-838aa341eb82.jsonl;rollout-2026-08-04T16-25-55-019fcc18-0915-78d0-ba2c-e6b7a07eb9f1.jsonl;rollout-2026-08-04T20-47-31-019fcd07-8c5b-7af3-b9ec-87cb36d7a952.jsonl,app\Models\Product.php
app\Models\ProductImage.php,True,21,64,rollout-2026-07-31T11-06-09-019fb659-d8c8-7971-aa5f-6125546bafd1.jsonl;rollout-2026-08-04T08-03-01-019fca4b-9f33-7ca2-beed-c0a735c6d12c.jsonl;rollout-2026-08-04T08-35-38-019fca69-7aad-7c81-a41b-21d9b9b7a3a6.jsonl;rollout-2026-08-04T09-20-33-019fca92-996a-7fb0-beea-942596ee66ef.jsonl;rollout-2026-08-04T10-12-03-019fcac1-c2c1-7fa1-9025-75f407e5c17d.jsonl;rollout-2026-08-04T10-15-17-019fcac4-b895-7d41-8678-b7e083a63a7c.jsonl;rollout-2026-08-04T10-19-37-019fcac8-aef6-7891-b93f-98ea184a621a.jsonl;rollout-2026-08-04T10-21-58-019fcaca-d45c-71e2-b106-bf99705f2352.jsonl;rollout-2026-08-04T10-34-18-019fcad6-1ecd-7850-99bb-3c6de4e50875.jsonl;rollout-2026-08-04T10-48-23-019fcae3-056d-75d1-92ad-eb777da35982.jsonl;rollout-2026-08-04T11-16-01-019fcafc-52a7-7192-8947-b6108df3e0a0.jsonl;rollout-2026-08-04T11-30-54-019fcb09-f095-73f0-a684-f990ae1268d9.jsonl;rollout-2026-08-04T12-04-05-019fcb28-5502-7851-a2a2-04d6af5ebca0.jsonl;rollout-2026-08-04T12-06-35-019fcb2a-9ce7-77a0-883d-13f05394caa9.jsonl;rollout-2026-08-04T13-25-53-019fcb73-38aa-7dc1-a0e8-ba0bbda0b211.jsonl;rollout-2026-08-04T13-46-54-019fcb86-7621-7113-8c34-e9e4bbbbcec9.jsonl;rollout-2026-08-04T14-54-53-019fcbc4-b3f2-77f3-b7c1-a06a5366e820.jsonl;rollout-2026-08-04T15-01-41-019fcbca-eaed-74d1-bf45-177cdb3f3491.jsonl;rollout-2026-08-04T15-07-44-019fcbd0-75f1-73c3-a828-838aa341eb82.jsonl;rollout-2026-08-04T16-25-55-019fcc18-0915-78d0-ba2c-e6b7a07eb9f1.jsonl;rollout-2026-08-04T20-47-31-019fcd07-8c5b-7af3-b9ec-87cb36d7a952.jsonl,app\Models\ProductImage.php
app\Models\ProductReview.php,True,22,58,rollout-2026-07-31T11-06-09-019fb659-d8c8-7971-aa5f-6125546bafd1.jsonl;rollout-2026-08-03T11-06-38-019fc5cd-5f39-7863-a5b2-93a372b3a4ab.jsonl;rollout-2026-08-04T08-03-01-019fca4b-9f33-7ca2-beed-c0a735c6d12c.jsonl;rollout-2026-08-04T08-35-38-019fca69-7aad-7c81-a41b-21d9b9b7a3a6.jsonl;rollout-2026-08-04T09-20-33-019fca92-996a-7fb0-beea-942596ee66ef.jsonl;rollout-2026-08-04T10-12-03-019fcac1-c2c1-7fa1-9025-75f407e5c17d.jsonl;rollout-2026-08-04T10-15-17-019fcac4-b895-7d41-8678-b7e083a63a7c.jsonl;rollout-2026-08-04T10-19-37-019fcac8-aef6-7891-b93f-98ea184a621a.jsonl;rollout-2026-08-04T10-21-58-019fcaca-d45c-71e2-b106-bf99705f2352.jsonl;rollout-2026-08-04T10-34-18-019fcad6-1ecd-7850-99bb-3c6de4e50875.jsonl;rollout-2026-08-04T10-48-23-019fcae3-056d-75d1-92ad-eb777da35982.jsonl;rollout-2026-08-04T11-16-01-019fcafc-52a7-7192-8947-b6108df3e0a0.jsonl;rollout-2026-08-04T11-30-54-019fcb09-f095-73f0-a684-f990ae1268d9.jsonl;rollout-2026-08-04T12-04-05-019fcb28-5502-7851-a2a2-04d6af5ebca0.jsonl;rollout-2026-08-04T12-06-35-019fcb2a-9ce7-77a0-883d-13f05394caa9.jsonl;rollout-2026-08-04T13-25-53-019fcb73-38aa-7dc1-a0e8-ba0bbda0b211.jsonl;rollout-2026-08-04T13-46-54-019fcb86-7621-7113-8c34-e9e4bbbbcec9.jsonl;rollout-2026-08-04T14-54-53-019fcbc4-b3f2-77f3-b7c1-a06a5366e820.jsonl;rollout-2026-08-04T15-01-41-019fcbca-eaed-74d1-bf45-177cdb3f3491.jsonl;rollout-2026-08-04T15-07-44-019fcbd0-75f1-73c3-a828-838aa341eb82.jsonl;rollout-2026-08-04T16-25-55-019fcc18-0915-78d0-ba2c-e6b7a07eb9f1.jsonl;rollout-2026-08-04T20-47-31-019fcd07-8c5b-7af3-b9ec-87cb36d7a952.jsonl,app\Models\ProductReview.php
app\Models\ProductVariant.php,True,21,69,rollout-2026-07-31T11-06-09-019fb659-d8c8-7971-aa5f-6125546bafd1.jsonl;rollout-2026-08-04T08-03-01-019fca4b-9f33-7ca2-beed-c0a735c6d12c.jsonl;rollout-2026-08-04T08-35-38-019fca69-7aad-7c81-a41b-21d9b9b7a3a6.jsonl;rollout-2026-08-04T09-20-33-019fca92-996a-7fb0-beea-942596ee66ef.jsonl;rollout-2026-08-04T10-12-03-019fcac1-c2c1-7fa1-9025-75f407e5c17d.jsonl;rollout-2026-08-04T10-15-17-019fcac4-b895-7d41-8678-b7e083a63a7c.jsonl;rollout-2026-08-04T10-19-37-019fcac8-aef6-7891-b93f-98ea184a621a.jsonl;rollout-2026-08-04T10-21-58-019fcaca-d45c-71e2-b106-bf99705f2352.jsonl;rollout-2026-08-04T10-34-18-019fcad6-1ecd-7850-99bb-3c6de4e50875.jsonl;rollout-2026-08-04T10-48-23-019fcae3-056d-75d1-92ad-eb777da35982.jsonl;rollout-2026-08-04T11-16-01-019fcafc-52a7-7192-8947-b6108df3e0a0.jsonl;rollout-2026-08-04T11-30-54-019fcb09-f095-73f0-a684-f990ae1268d9.jsonl;rollout-2026-08-04T12-04-05-019fcb28-5502-7851-a2a2-04d6af5ebca0.jsonl;rollout-2026-08-04T12-06-35-019fcb2a-9ce7-77a0-883d-13f05394caa9.jsonl;rollout-2026-08-04T13-25-53-019fcb73-38aa-7dc1-a0e8-ba0bbda0b211.jsonl;rollout-2026-08-04T13-46-54-019fcb86-7621-7113-8c34-e9e4bbbbcec9.jsonl;rollout-2026-08-04T14-54-53-019fcbc4-b3f2-77f3-b7c1-a06a5366e820.jsonl;rollout-2026-08-04T15-01-41-019fcbca-eaed-74d1-bf45-177cdb3f3491.jsonl;rollout-2026-08-04T15-07-44-019fcbd0-75f1-73c3-a828-838aa341eb82.jsonl;rollout-2026-08-04T16-25-55-019fcc18-0915-78d0-ba2c-e6b7a07eb9f1.jsonl;rollout-2026-08-04T20-47-31-019fcd07-8c5b-7af3-b9ec-87cb36d7a952.jsonl,app\Models\ProductVariant.php
app\Models\Promotion.php,True,21,93,rollout-2026-07-31T11-06-09-019fb659-d8c8-7971-aa5f-6125546bafd1.jsonl;rollout-2026-08-04T08-03-01-019fca4b-9f33-7ca2-beed-c0a735c6d12c.jsonl;rollout-2026-08-04T08-35-38-019fca69-7aad-7c81-a41b-21d9b9b7a3a6.jsonl;rollout-2026-08-04T09-20-33-019fca92-996a-7fb0-beea-942596ee66ef.jsonl;rollout-2026-08-04T10-12-03-019fcac1-c2c1-7fa1-9025-75f407e5c17d.jsonl;rollout-2026-08-04T10-15-17-019fcac4-b895-7d41-8678-b7e083a63a7c.jsonl;rollout-2026-08-04T10-19-37-019fcac8-aef6-7891-b93f-98ea184a621a.jsonl;rollout-2026-08-04T10-21-58-019fcaca-d45c-71e2-b106-bf99705f2352.jsonl;rollout-2026-08-04T10-34-18-019fcad6-1ecd-7850-99bb-3c6de4e50875.jsonl;rollout-2026-08-04T10-48-23-019fcae3-056d-75d1-92ad-eb777da35982.jsonl;rollout-2026-08-04T11-16-01-019fcafc-52a7-7192-8947-b6108df3e0a0.jsonl;rollout-2026-08-04T11-30-54-019fcb09-f095-73f0-a684-f990ae1268d9.jsonl;rollout-2026-08-04T12-04-05-019fcb28-5502-7851-a2a2-04d6af5ebca0.jsonl;rollout-2026-08-04T12-06-35-019fcb2a-9ce7-77a0-883d-13f05394caa9.jsonl;rollout-2026-08-04T13-25-53-019fcb73-38aa-7dc1-a0e8-ba0bbda0b211.jsonl;rollout-2026-08-04T13-46-54-019fcb86-7621-7113-8c34-e9e4bbbbcec9.jsonl;rollout-2026-08-04T14-54-53-019fcbc4-b3f2-77f3-b7c1-a06a5366e820.jsonl;rollout-2026-08-04T15-01-41-019fcbca-eaed-74d1-bf45-177cdb3f3491.jsonl;rollout-2026-08-04T15-07-44-019fcbd0-75f1-73c3-a828-838aa341eb82.jsonl;rollout-2026-08-04T16-25-55-019fcc18-0915-78d0-ba2c-e6b7a07eb9f1.jsonl;rollout-2026-08-04T20-47-31-019fcd07-8c5b-7af3-b9ec-87cb36d7a952.jsonl,app\Models\Promotion.php
app\Models\ReturnDamageAssessment.php,True,20,60,rollout-2026-07-31T11-06-09-019fb659-d8c8-7971-aa5f-6125546bafd1.jsonl;rollout-2026-08-04T08-35-38-019fca69-7aad-7c81-a41b-21d9b9b7a3a6.jsonl;rollout-2026-08-04T09-20-33-019fca92-996a-7fb0-beea-942596ee66ef.jsonl;rollout-2026-08-04T10-12-03-019fcac1-c2c1-7fa1-9025-75f407e5c17d.jsonl;rollout-2026-08-04T10-15-17-019fcac4-b895-7d41-8678-b7e083a63a7c.jsonl;rollout-2026-08-04T10-19-37-019fcac8-aef6-7891-b93f-98ea184a621a.jsonl;rollout-2026-08-04T10-21-58-019fcaca-d45c-71e2-b106-bf99705f2352.jsonl;rollout-2026-08-04T10-34-18-019fcad6-1ecd-7850-99bb-3c6de4e50875.jsonl;rollout-2026-08-04T10-48-23-019fcae3-056d-75d1-92ad-eb777da35982.jsonl;rollout-2026-08-04T11-16-01-019fcafc-52a7-7192-8947-b6108df3e0a0.jsonl;rollout-2026-08-04T11-30-54-019fcb09-f095-73f0-a684-f990ae1268d9.jsonl;rollout-2026-08-04T12-04-05-019fcb28-5502-7851-a2a2-04d6af5ebca0.jsonl;rollout-2026-08-04T12-06-35-019fcb2a-9ce7-77a0-883d-13f05394caa9.jsonl;rollout-2026-08-04T13-25-53-019fcb73-38aa-7dc1-a0e8-ba0bbda0b211.jsonl;rollout-2026-08-04T13-46-54-019fcb86-7621-7113-8c34-e9e4bbbbcec9.jsonl;rollout-2026-08-04T14-54-53-019fcbc4-b3f2-77f3-b7c1-a06a5366e820.jsonl;rollout-2026-08-04T15-01-41-019fcbca-eaed-74d1-bf45-177cdb3f3491.jsonl;rollout-2026-08-04T15-07-44-019fcbd0-75f1-73c3-a828-838aa341eb82.jsonl;rollout-2026-08-04T16-25-55-019fcc18-0915-78d0-ba2c-e6b7a07eb9f1.jsonl;rollout-2026-08-04T20-47-31-019fcd07-8c5b-7af3-b9ec-87cb36d7a952.jsonl,app\Models\ReturnDamageAssessment.php
app\Models\ReturnReason.php,True,21,57,rollout-2026-07-31T11-06-09-019fb659-d8c8-7971-aa5f-6125546bafd1.jsonl;rollout-2026-08-04T08-03-01-019fca4b-9f33-7ca2-beed-c0a735c6d12c.jsonl;rollout-2026-08-04T08-35-38-019fca69-7aad-7c81-a41b-21d9b9b7a3a6.jsonl;rollout-2026-08-04T09-20-33-019fca92-996a-7fb0-beea-942596ee66ef.jsonl;rollout-2026-08-04T10-12-03-019fcac1-c2c1-7fa1-9025-75f407e5c17d.jsonl;rollout-2026-08-04T10-15-17-019fcac4-b895-7d41-8678-b7e083a63a7c.jsonl;rollout-2026-08-04T10-19-37-019fcac8-aef6-7891-b93f-98ea184a621a.jsonl;rollout-2026-08-04T10-21-58-019fcaca-d45c-71e2-b106-bf99705f2352.jsonl;rollout-2026-08-04T10-34-18-019fcad6-1ecd-7850-99bb-3c6de4e50875.jsonl;rollout-2026-08-04T10-48-23-019fcae3-056d-75d1-92ad-eb777da35982.jsonl;rollout-2026-08-04T11-16-01-019fcafc-52a7-7192-8947-b6108df3e0a0.jsonl;rollout-2026-08-04T11-30-54-019fcb09-f095-73f0-a684-f990ae1268d9.jsonl;rollout-2026-08-04T12-04-05-019fcb28-5502-7851-a2a2-04d6af5ebca0.jsonl;rollout-2026-08-04T12-06-35-019fcb2a-9ce7-77a0-883d-13f05394caa9.jsonl;rollout-2026-08-04T13-25-53-019fcb73-38aa-7dc1-a0e8-ba0bbda0b211.jsonl;rollout-2026-08-04T13-46-54-019fcb86-7621-7113-8c34-e9e4bbbbcec9.jsonl;rollout-2026-08-04T14-54-53-019fcbc4-b3f2-77f3-b7c1-a06a5366e820.jsonl;rollout-2026-08-04T15-01-41-019fcbca-eaed-74d1-bf45-177cdb3f3491.jsonl;rollout-2026-08-04T15-07-44-019fcbd0-75f1-73c3-a828-838aa341eb82.jsonl;rollout-2026-08-04T16-25-55-019fcc18-0915-78d0-ba2c-e6b7a07eb9f1.jsonl;rollout-2026-08-04T20-47-31-019fcd07-8c5b-7af3-b9ec-87cb36d7a952.jsonl,app\Models\ReturnReason.php
app\Models\ReturnRequest.php,True,21,106,rollout-2026-07-31T11-06-09-019fb659-d8c8-7971-aa5f-6125546bafd1.jsonl;rollout-2026-08-04T08-03-01-019fca4b-9f33-7ca2-beed-c0a735c6d12c.jsonl;rollout-2026-08-04T08-35-38-019fca69-7aad-7c81-a41b-21d9b9b7a3a6.jsonl;rollout-2026-08-04T09-20-33-019fca92-996a-7fb0-beea-942596ee66ef.jsonl;rollout-2026-08-04T10-12-03-019fcac1-c2c1-7fa1-9025-75f407e5c17d.jsonl;rollout-2026-08-04T10-15-17-019fcac4-b895-7d41-8678-b7e083a63a7c.jsonl;rollout-2026-08-04T10-19-37-019fcac8-aef6-7891-b93f-98ea184a621a.jsonl;rollout-2026-08-04T10-21-58-019fcaca-d45c-71e2-b106-bf99705f2352.jsonl;rollout-2026-08-04T10-34-18-019fcad6-1ecd-7850-99bb-3c6de4e50875.jsonl;rollout-2026-08-04T10-48-23-019fcae3-056d-75d1-92ad-eb777da35982.jsonl;rollout-2026-08-04T11-16-01-019fcafc-52a7-7192-8947-b6108df3e0a0.jsonl;rollout-2026-08-04T11-30-54-019fcb09-f095-73f0-a684-f990ae1268d9.jsonl;rollout-2026-08-04T12-04-05-019fcb28-5502-7851-a2a2-04d6af5ebca0.jsonl;rollout-2026-08-04T12-06-35-019fcb2a-9ce7-77a0-883d-13f05394caa9.jsonl;rollout-2026-08-04T13-25-53-019fcb73-38aa-7dc1-a0e8-ba0bbda0b211.jsonl;rollout-2026-08-04T13-46-54-019fcb86-7621-7113-8c34-e9e4bbbbcec9.jsonl;rollout-2026-08-04T14-54-53-019fcbc4-b3f2-77f3-b7c1-a06a5366e820.jsonl;rollout-2026-08-04T15-01-41-019fcbca-eaed-74d1-bf45-177cdb3f3491.jsonl;rollout-2026-08-04T15-07-44-019fcbd0-75f1-73c3-a828-838aa341eb82.jsonl;rollout-2026-08-04T16-25-55-019fcc18-0915-78d0-ba2c-e6b7a07eb9f1.jsonl;rollout-2026-08-04T20-47-31-019fcd07-8c5b-7af3-b9ec-87cb36d7a952.jsonl,app\Models\ReturnRequest.php
app\Models\ReturnRequestImage.php,True,20,58,rollout-2026-07-31T11-06-09-019fb659-d8c8-7971-aa5f-6125546bafd1.jsonl;rollout-2026-08-04T08-35-38-019fca69-7aad-7c81-a41b-21d9b9b7a3a6.jsonl;rollout-2026-08-04T09-20-33-019fca92-996a-7fb0-beea-942596ee66ef.jsonl;rollout-2026-08-04T10-12-03-019fcac1-c2c1-7fa1-9025-75f407e5c17d.jsonl;rollout-2026-08-04T10-15-17-019fcac4-b895-7d41-8678-b7e083a63a7c.jsonl;rollout-2026-08-04T10-19-37-019fcac8-aef6-7891-b93f-98ea184a621a.jsonl;rollout-2026-08-04T10-21-58-019fcaca-d45c-71e2-b106-bf99705f2352.jsonl;rollout-2026-08-04T10-34-18-019fcad6-1ecd-7850-99bb-3c6de4e50875.jsonl;rollout-2026-08-04T10-48-23-019fcae3-056d-75d1-92ad-eb777da35982.jsonl;rollout-2026-08-04T11-16-01-019fcafc-52a7-7192-8947-b6108df3e0a0.jsonl;rollout-2026-08-04T11-30-54-019fcb09-f095-73f0-a684-f990ae1268d9.jsonl;rollout-2026-08-04T12-04-05-019fcb28-5502-7851-a2a2-04d6af5ebca0.jsonl;rollout-2026-08-04T12-06-35-019fcb2a-9ce7-77a0-883d-13f05394caa9.jsonl;rollout-2026-08-04T13-25-53-019fcb73-38aa-7dc1-a0e8-ba0bbda0b211.jsonl;rollout-2026-08-04T13-46-54-019fcb86-7621-7113-8c34-e9e4bbbbcec9.jsonl;rollout-2026-08-04T14-54-53-019fcbc4-b3f2-77f3-b7c1-a06a5366e820.jsonl;rollout-2026-08-04T15-01-41-019fcbca-eaed-74d1-bf45-177cdb3f3491.jsonl;rollout-2026-08-04T15-07-44-019fcbd0-75f1-73c3-a828-838aa341eb82.jsonl;rollout-2026-08-04T16-25-55-019fcc18-0915-78d0-ba2c-e6b7a07eb9f1.jsonl;rollout-2026-08-04T20-47-31-019fcd07-8c5b-7af3-b9ec-87cb36d7a952.jsonl,app\Models\ReturnRequestImage.php
app\Models\ReturnRequestItem.php,True,20,75,rollout-2026-07-31T11-06-09-019fb659-d8c8-7971-aa5f-6125546bafd1.jsonl;rollout-2026-08-04T08-35-38-019fca69-7aad-7c81-a41b-21d9b9b7a3a6.jsonl;rollout-2026-08-04T09-20-33-019fca92-996a-7fb0-beea-942596ee66ef.jsonl;rollout-2026-08-04T10-12-03-019fcac1-c2c1-7fa1-9025-75f407e5c17d.jsonl;rollout-2026-08-04T10-15-17-019fcac4-b895-7d41-8678-b7e083a63a7c.jsonl;rollout-2026-08-04T10-19-37-019fcac8-aef6-7891-b93f-98ea184a621a.jsonl;rollout-2026-08-04T10-21-58-019fcaca-d45c-71e2-b106-bf99705f2352.jsonl;rollout-2026-08-04T10-34-18-019fcad6-1ecd-7850-99bb-3c6de4e50875.jsonl;rollout-2026-08-04T10-48-23-019fcae3-056d-75d1-92ad-eb777da35982.jsonl;rollout-2026-08-04T11-16-01-019fcafc-52a7-7192-8947-b6108df3e0a0.jsonl;rollout-2026-08-04T11-30-54-019fcb09-f095-73f0-a684-f990ae1268d9.jsonl;rollout-2026-08-04T12-04-05-019fcb28-5502-7851-a2a2-04d6af5ebca0.jsonl;rollout-2026-08-04T12-06-35-019fcb2a-9ce7-77a0-883d-13f05394caa9.jsonl;rollout-2026-08-04T13-25-53-019fcb73-38aa-7dc1-a0e8-ba0bbda0b211.jsonl;rollout-2026-08-04T13-46-54-019fcb86-7621-7113-8c34-e9e4bbbbcec9.jsonl;rollout-2026-08-04T14-54-53-019fcbc4-b3f2-77f3-b7c1-a06a5366e820.jsonl;rollout-2026-08-04T15-01-41-019fcbca-eaed-74d1-bf45-177cdb3f3491.jsonl;rollout-2026-08-04T15-07-44-019fcbd0-75f1-73c3-a828-838aa341eb82.jsonl;rollout-2026-08-04T16-25-55-019fcc18-0915-78d0-ba2c-e6b7a07eb9f1.jsonl;rollout-2026-08-04T20-47-31-019fcd07-8c5b-7af3-b9ec-87cb36d7a952.jsonl,app\Models\ReturnRequestItem.php
app\Models\Role.php,True,21,68,rollout-2026-07-31T11-06-09-019fb659-d8c8-7971-aa5f-6125546bafd1.jsonl;rollout-2026-08-04T08-03-01-019fca4b-9f33-7ca2-beed-c0a735c6d12c.jsonl;rollout-2026-08-04T08-35-38-019fca69-7aad-7c81-a41b-21d9b9b7a3a6.jsonl;rollout-2026-08-04T09-20-33-019fca92-996a-7fb0-beea-942596ee66ef.jsonl;rollout-2026-08-04T10-12-03-019fcac1-c2c1-7fa1-9025-75f407e5c17d.jsonl;rollout-2026-08-04T10-15-17-019fcac4-b895-7d41-8678-b7e083a63a7c.jsonl;rollout-2026-08-04T10-19-37-019fcac8-aef6-7891-b93f-98ea184a621a.jsonl;rollout-2026-08-04T10-21-58-019fcaca-d45c-71e2-b106-bf99705f2352.jsonl;rollout-2026-08-04T10-34-18-019fcad6-1ecd-7850-99bb-3c6de4e50875.jsonl;rollout-2026-08-04T10-48-23-019fcae3-056d-75d1-92ad-eb777da35982.jsonl;rollout-2026-08-04T11-16-01-019fcafc-52a7-7192-8947-b6108df3e0a0.jsonl;rollout-2026-08-04T11-30-54-019fcb09-f095-73f0-a684-f990ae1268d9.jsonl;rollout-2026-08-04T12-04-05-019fcb28-5502-7851-a2a2-04d6af5ebca0.jsonl;rollout-2026-08-04T12-06-35-019fcb2a-9ce7-77a0-883d-13f05394caa9.jsonl;rollout-2026-08-04T13-25-53-019fcb73-38aa-7dc1-a0e8-ba0bbda0b211.jsonl;rollout-2026-08-04T13-46-54-019fcb86-7621-7113-8c34-e9e4bbbbcec9.jsonl;rollout-2026-08-04T14-54-53-019fcbc4-b3f2-77f3-b7c1-a06a5366e820.jsonl;rollout-2026-08-04T15-01-41-019fcbca-eaed-74d1-bf45-177cdb3f3491.jsonl;rollout-2026-08-04T15-07-44-019fcbd0-75f1-73c3-a828-838aa341eb82.jsonl;rollout-2026-08-04T16-25-55-019fcc18-0915-78d0-ba2c-e6b7a07eb9f1.jsonl;rollout-2026-08-04T20-47-31-019fcd07-8c5b-7af3-b9ec-87cb36d7a952.jsonl,app\Models\Role.php
app\Models\StockTransaction.php,True,20,86,rollout-2026-07-31T11-06-09-019fb659-d8c8-7971-aa5f-6125546bafd1.jsonl;rollout-2026-08-04T08-35-38-019fca69-7aad-7c81-a41b-21d9b9b7a3a6.jsonl;rollout-2026-08-04T09-20-33-019fca92-996a-7fb0-beea-942596ee66ef.jsonl;rollout-2026-08-04T10-12-03-019fcac1-c2c1-7fa1-9025-75f407e5c17d.jsonl;rollout-2026-08-04T10-15-17-019fcac4-b895-7d41-8678-b7e083a63a7c.jsonl;rollout-2026-08-04T10-19-37-019fcac8-aef6-7891-b93f-98ea184a621a.jsonl;rollout-2026-08-04T10-21-58-019fcaca-d45c-71e2-b106-bf99705f2352.jsonl;rollout-2026-08-04T10-34-18-019fcad6-1ecd-7850-99bb-3c6de4e50875.jsonl;rollout-2026-08-04T10-48-23-019fcae3-056d-75d1-92ad-eb777da35982.jsonl;rollout-2026-08-04T11-16-01-019fcafc-52a7-7192-8947-b6108df3e0a0.jsonl;rollout-2026-08-04T11-30-54-019fcb09-f095-73f0-a684-f990ae1268d9.jsonl;rollout-2026-08-04T12-04-05-019fcb28-5502-7851-a2a2-04d6af5ebca0.jsonl;rollout-2026-08-04T12-06-35-019fcb2a-9ce7-77a0-883d-13f05394caa9.jsonl;rollout-2026-08-04T13-25-53-019fcb73-38aa-7dc1-a0e8-ba0bbda0b211.jsonl;rollout-2026-08-04T13-46-54-019fcb86-7621-7113-8c34-e9e4bbbbcec9.jsonl;rollout-2026-08-04T14-54-53-019fcbc4-b3f2-77f3-b7c1-a06a5366e820.jsonl;rollout-2026-08-04T15-01-41-019fcbca-eaed-74d1-bf45-177cdb3f3491.jsonl;rollout-2026-08-04T15-07-44-019fcbd0-75f1-73c3-a828-838aa341eb82.jsonl;rollout-2026-08-04T16-25-55-019fcc18-0915-78d0-ba2c-e6b7a07eb9f1.jsonl;rollout-2026-08-04T20-47-31-019fcd07-8c5b-7af3-b9ec-87cb36d7a952.jsonl,app\Models\StockTransaction.php
app\Models\StockTransactionItem.php,True,21,86,rollout-2026-07-31T11-06-09-019fb659-d8c8-7971-aa5f-6125546bafd1.jsonl;rollout-2026-08-04T08-03-01-019fca4b-9f33-7ca2-beed-c0a735c6d12c.jsonl;rollout-2026-08-04T08-35-38-019fca69-7aad-7c81-a41b-21d9b9b7a3a6.jsonl;rollout-2026-08-04T09-20-33-019fca92-996a-7fb0-beea-942596ee66ef.jsonl;rollout-2026-08-04T10-12-03-019fcac1-c2c1-7fa1-9025-75f407e5c17d.jsonl;rollout-2026-08-04T10-15-17-019fcac4-b895-7d41-8678-b7e083a63a7c.jsonl;rollout-2026-08-04T10-19-37-019fcac8-aef6-7891-b93f-98ea184a621a.jsonl;rollout-2026-08-04T10-21-58-019fcaca-d45c-71e2-b106-bf99705f2352.jsonl;rollout-2026-08-04T10-34-18-019fcad6-1ecd-7850-99bb-3c6de4e50875.jsonl;rollout-2026-08-04T10-48-23-019fcae3-056d-75d1-92ad-eb777da35982.jsonl;rollout-2026-08-04T11-16-01-019fcafc-52a7-7192-8947-b6108df3e0a0.jsonl;rollout-2026-08-04T11-30-54-019fcb09-f095-73f0-a684-f990ae1268d9.jsonl;rollout-2026-08-04T12-04-05-019fcb28-5502-7851-a2a2-04d6af5ebca0.jsonl;rollout-2026-08-04T12-06-35-019fcb2a-9ce7-77a0-883d-13f05394caa9.jsonl;rollout-2026-08-04T13-25-53-019fcb73-38aa-7dc1-a0e8-ba0bbda0b211.jsonl;rollout-2026-08-04T13-46-54-019fcb86-7621-7113-8c34-e9e4bbbbcec9.jsonl;rollout-2026-08-04T14-54-53-019fcbc4-b3f2-77f3-b7c1-a06a5366e820.jsonl;rollout-2026-08-04T15-01-41-019fcbca-eaed-74d1-bf45-177cdb3f3491.jsonl;rollout-2026-08-04T15-07-44-019fcbd0-75f1-73c3-a828-838aa341eb82.jsonl;rollout-2026-08-04T16-25-55-019fcc18-0915-78d0-ba2c-e6b7a07eb9f1.jsonl;rollout-2026-08-04T20-47-31-019fcd07-8c5b-7af3-b9ec-87cb36d7a952.jsonl,app\Models\StockTransactionItem.php
app\Models\TryOnSnapshot.php,True,11,65,rollout-2026-08-04T11-16-01-019fcafc-52a7-7192-8947-b6108df3e0a0.jsonl;rollout-2026-08-04T11-30-54-019fcb09-f095-73f0-a684-f990ae1268d9.jsonl;rollout-2026-08-04T12-04-05-019fcb28-5502-7851-a2a2-04d6af5ebca0.jsonl;rollout-2026-08-04T12-06-35-019fcb2a-9ce7-77a0-883d-13f05394caa9.jsonl;rollout-2026-08-04T13-25-53-019fcb73-38aa-7dc1-a0e8-ba0bbda0b211.jsonl;rollout-2026-08-04T13-46-54-019fcb86-7621-7113-8c34-e9e4bbbbcec9.jsonl;rollout-2026-08-04T14-54-53-019fcbc4-b3f2-77f3-b7c1-a06a5366e820.jsonl;rollout-2026-08-04T15-01-41-019fcbca-eaed-74d1-bf45-177cdb3f3491.jsonl;rollout-2026-08-04T15-07-44-019fcbd0-75f1-73c3-a828-838aa341eb82.jsonl;rollout-2026-08-04T16-25-55-019fcc18-0915-78d0-ba2c-e6b7a07eb9f1.jsonl;rollout-2026-08-04T20-47-31-019fcd07-8c5b-7af3-b9ec-87cb36d7a952.jsonl,*** Add File: app/Models/TryOnSnapshot.php
app\Models\User.php,True,21,144,rollout-2026-07-31T11-06-09-019fb659-d8c8-7971-aa5f-6125546bafd1.jsonl;rollout-2026-08-04T08-03-01-019fca4b-9f33-7ca2-beed-c0a735c6d12c.jsonl;rollout-2026-08-04T08-35-38-019fca69-7aad-7c81-a41b-21d9b9b7a3a6.jsonl;rollout-2026-08-04T09-20-33-019fca92-996a-7fb0-beea-942596ee66ef.jsonl;rollout-2026-08-04T10-12-03-019fcac1-c2c1-7fa1-9025-75f407e5c17d.jsonl;rollout-2026-08-04T10-15-17-019fcac4-b895-7d41-8678-b7e083a63a7c.jsonl;rollout-2026-08-04T10-19-37-019fcac8-aef6-7891-b93f-98ea184a621a.jsonl;rollout-2026-08-04T10-21-58-019fcaca-d45c-71e2-b106-bf99705f2352.jsonl;rollout-2026-08-04T10-34-18-019fcad6-1ecd-7850-99bb-3c6de4e50875.jsonl;rollout-2026-08-04T10-48-23-019fcae3-056d-75d1-92ad-eb777da35982.jsonl;rollout-2026-08-04T11-16-01-019fcafc-52a7-7192-8947-b6108df3e0a0.jsonl;rollout-2026-08-04T11-30-54-019fcb09-f095-73f0-a684-f990ae1268d9.jsonl;rollout-2026-08-04T12-04-05-019fcb28-5502-7851-a2a2-04d6af5ebca0.jsonl;rollout-2026-08-04T12-06-35-019fcb2a-9ce7-77a0-883d-13f05394caa9.jsonl;rollout-2026-08-04T13-25-53-019fcb73-38aa-7dc1-a0e8-ba0bbda0b211.jsonl;rollout-2026-08-04T13-46-54-019fcb86-7621-7113-8c34-e9e4bbbbcec9.jsonl;rollout-2026-08-04T14-54-53-019fcbc4-b3f2-77f3-b7c1-a06a5366e820.jsonl;rollout-2026-08-04T15-01-41-019fcbca-eaed-74d1-bf45-177cdb3f3491.jsonl;rollout-2026-08-04T15-07-44-019fcbd0-75f1-73c3-a828-838aa341eb82.jsonl;rollout-2026-08-04T16-25-55-019fcc18-0915-78d0-ba2c-e6b7a07eb9f1.jsonl;rollout-2026-08-04T20-47-31-019fcd07-8c5b-7af3-b9ec-87cb36d7a952.jsonl,app\Models\User.php
app\Models\UserAddress.php,True,21,63,rollout-2026-07-31T11-06-09-019fb659-d8c8-7971-aa5f-6125546bafd1.jsonl;rollout-2026-08-03T11-06-38-019fc5cd-5f39-7863-a5b2-93a372b3a4ab.jsonl;rollout-2026-08-04T08-35-38-019fca69-7aad-7c81-a41b-21d9b9b7a3a6.jsonl;rollout-2026-08-04T09-20-33-019fca92-996a-7fb0-beea-942596ee66ef.jsonl;rollout-2026-08-04T10-12-03-019fcac1-c2c1-7fa1-9025-75f407e5c17d.jsonl;rollout-2026-08-04T10-15-17-019fcac4-b895-7d41-8678-b7e083a63a7c.jsonl;rollout-2026-08-04T10-19-37-019fcac8-aef6-7891-b93f-98ea184a621a.jsonl;rollout-2026-08-04T10-21-58-019fcaca-d45c-71e2-b106-bf99705f2352.jsonl;rollout-2026-08-04T10-34-18-019fcad6-1ecd-7850-99bb-3c6de4e50875.jsonl;rollout-2026-08-04T10-48-23-019fcae3-056d-75d1-92ad-eb777da35982.jsonl;rollout-2026-08-04T11-16-01-019fcafc-52a7-7192-8947-b6108df3e0a0.jsonl;rollout-2026-08-04T11-30-54-019fcb09-f095-73f0-a684-f990ae1268d9.jsonl;rollout-2026-08-04T12-04-05-019fcb28-5502-7851-a2a2-04d6af5ebca0.jsonl;rollout-2026-08-04T12-06-35-019fcb2a-9ce7-77a0-883d-13f05394caa9.jsonl;rollout-2026-08-04T13-25-53-019fcb73-38aa-7dc1-a0e8-ba0bbda0b211.jsonl;rollout-2026-08-04T13-46-54-019fcb86-7621-7113-8c34-e9e4bbbbcec9.jsonl;rollout-2026-08-04T14-54-53-019fcbc4-b3f2-77f3-b7c1-a06a5366e820.jsonl;rollout-2026-08-04T15-01-41-019fcbca-eaed-74d1-bf45-177cdb3f3491.jsonl;rollout-2026-08-04T15-07-44-019fcbd0-75f1-73c3-a828-838aa341eb82.jsonl;rollout-2026-08-04T16-25-55-019fcc18-0915-78d0-ba2c-e6b7a07eb9f1.jsonl;rollout-2026-08-04T20-47-31-019fcd07-8c5b-7af3-b9ec-87cb36d7a952.jsonl,app\Models\UserAddress.php
app\Models\Warehouse.php,True,21,90,rollout-2026-07-31T11-06-09-019fb659-d8c8-7971-aa5f-6125546bafd1.jsonl;rollout-2026-08-03T11-06-38-019fc5cd-5f39-7863-a5b2-93a372b3a4ab.jsonl;rollout-2026-08-04T08-35-38-019fca69-7aad-7c81-a41b-21d9b9b7a3a6.jsonl;rollout-2026-08-04T09-20-33-019fca92-996a-7fb0-beea-942596ee66ef.jsonl;rollout-2026-08-04T10-12-03-019fcac1-c2c1-7fa1-9025-75f407e5c17d.jsonl;rollout-2026-08-04T10-15-17-019fcac4-b895-7d41-8678-b7e083a63a7c.jsonl;rollout-2026-08-04T10-19-37-019fcac8-aef6-7891-b93f-98ea184a621a.jsonl;rollout-2026-08-04T10-21-58-019fcaca-d45c-71e2-b106-bf99705f2352.jsonl;rollout-2026-08-04T10-34-18-019fcad6-1ecd-7850-99bb-3c6de4e50875.jsonl;rollout-2026-08-04T10-48-23-019fcae3-056d-75d1-92ad-eb777da35982.jsonl;rollout-2026-08-04T11-16-01-019fcafc-52a7-7192-8947-b6108df3e0a0.jsonl;rollout-2026-08-04T11-30-54-019fcb09-f095-73f0-a684-f990ae1268d9.jsonl;rollout-2026-08-04T12-04-05-019fcb28-5502-7851-a2a2-04d6af5ebca0.jsonl;rollout-2026-08-04T12-06-35-019fcb2a-9ce7-77a0-883d-13f05394caa9.jsonl;rollout-2026-08-04T13-25-53-019fcb73-38aa-7dc1-a0e8-ba0bbda0b211.jsonl;rollout-2026-08-04T13-46-54-019fcb86-7621-7113-8c34-e9e4bbbbcec9.jsonl;rollout-2026-08-04T14-54-53-019fcbc4-b3f2-77f3-b7c1-a06a5366e820.jsonl;rollout-2026-08-04T15-01-41-019fcbca-eaed-74d1-bf45-177cdb3f3491.jsonl;rollout-2026-08-04T15-07-44-019fcbd0-75f1-73c3-a828-838aa341eb82.jsonl;rollout-2026-08-04T16-25-55-019fcc18-0915-78d0-ba2c-e6b7a07eb9f1.jsonl;rollout-2026-08-04T20-47-31-019fcd07-8c5b-7af3-b9ec-87cb36d7a952.jsonl,app\Models\Warehouse.php
app\Providers\AppServiceProvider.php,True,23,172,rollout-2026-07-31T11-06-09-019fb659-d8c8-7971-aa5f-6125546bafd1.jsonl;rollout-2026-08-02T17-29-48-019fc205-cd55-7a50-950b-2f6a196b5dee.jsonl;rollout-2026-08-03T11-06-38-019fc5cd-5f39-7863-a5b2-93a372b3a4ab.jsonl;rollout-2026-08-04T08-03-01-019fca4b-9f33-7ca2-beed-c0a735c6d12c.jsonl;rollout-2026-08-04T08-35-38-019fca69-7aad-7c81-a41b-21d9b9b7a3a6.jsonl;rollout-2026-08-04T09-20-33-019fca92-996a-7fb0-beea-942596ee66ef.jsonl;rollout-2026-08-04T10-12-03-019fcac1-c2c1-7fa1-9025-75f407e5c17d.jsonl;rollout-2026-08-04T10-15-17-019fcac4-b895-7d41-8678-b7e083a63a7c.jsonl;rollout-2026-08-04T10-19-37-019fcac8-aef6-7891-b93f-98ea184a621a.jsonl;rollout-2026-08-04T10-21-58-019fcaca-d45c-71e2-b106-bf99705f2352.jsonl;rollout-2026-08-04T10-34-18-019fcad6-1ecd-7850-99bb-3c6de4e50875.jsonl;rollout-2026-08-04T10-48-23-019fcae3-056d-75d1-92ad-eb777da35982.jsonl;rollout-2026-08-04T11-16-01-019fcafc-52a7-7192-8947-b6108df3e0a0.jsonl;rollout-2026-08-04T11-30-54-019fcb09-f095-73f0-a684-f990ae1268d9.jsonl;rollout-2026-08-04T12-04-05-019fcb28-5502-7851-a2a2-04d6af5ebca0.jsonl;rollout-2026-08-04T12-06-35-019fcb2a-9ce7-77a0-883d-13f05394caa9.jsonl;rollout-2026-08-04T13-25-53-019fcb73-38aa-7dc1-a0e8-ba0bbda0b211.jsonl;rollout-2026-08-04T13-46-54-019fcb86-7621-7113-8c34-e9e4bbbbcec9.jsonl;rollout-2026-08-04T14-54-53-019fcbc4-b3f2-77f3-b7c1-a06a5366e820.jsonl;rollout-2026-08-04T15-01-41-019fcbca-eaed-74d1-bf45-177cdb3f3491.jsonl;rollout-2026-08-04T15-07-44-019fcbd0-75f1-73c3-a828-838aa341eb82.jsonl;rollout-2026-08-04T16-25-55-019fcc18-0915-78d0-ba2c-e6b7a07eb9f1.jsonl;rollout-2026-08-04T20-47-31-019fcd07-8c5b-7af3-b9ec-87cb36d7a952.jsonl,app\Providers\AppServiceProvider.php
app\Providers\FortifyServiceProvider.php,True,14,38,rollout-2026-07-31T11-06-09-019fb659-d8c8-7971-aa5f-6125546bafd1.jsonl;rollout-2026-08-04T08-35-38-019fca69-7aad-7c81-a41b-21d9b9b7a3a6.jsonl;rollout-2026-08-04T09-20-33-019fca92-996a-7fb0-beea-942596ee66ef.jsonl;rollout-2026-08-04T10-12-03-019fcac1-c2c1-7fa1-9025-75f407e5c17d.jsonl;rollout-2026-08-04T10-21-58-019fcaca-d45c-71e2-b106-bf99705f2352.jsonl;rollout-2026-08-04T10-34-18-019fcad6-1ecd-7850-99bb-3c6de4e50875.jsonl;rollout-2026-08-04T10-48-23-019fcae3-056d-75d1-92ad-eb777da35982.jsonl;rollout-2026-08-04T11-16-01-019fcafc-52a7-7192-8947-b6108df3e0a0.jsonl;rollout-2026-08-04T12-06-35-019fcb2a-9ce7-77a0-883d-13f05394caa9.jsonl;rollout-2026-08-04T13-25-53-019fcb73-38aa-7dc1-a0e8-ba0bbda0b211.jsonl;rollout-2026-08-04T14-54-53-019fcbc4-b3f2-77f3-b7c1-a06a5366e820.jsonl;rollout-2026-08-04T15-01-41-019fcbca-eaed-74d1-bf45-177cdb3f3491.jsonl;rollout-2026-08-04T16-25-55-019fcc18-0915-78d0-ba2c-e6b7a07eb9f1.jsonl;rollout-2026-08-04T20-47-31-019fcd07-8c5b-7af3-b9ec-87cb36d7a952.jsonl,app\Providers\FortifyServiceProvider.php
app\Providers\JetstreamServiceProvider.php,True,13,18,rollout-2026-07-31T11-06-09-019fb659-d8c8-7971-aa5f-6125546bafd1.jsonl;rollout-2026-08-04T08-35-38-019fca69-7aad-7c81-a41b-21d9b9b7a3a6.jsonl;rollout-2026-08-04T09-20-33-019fca92-996a-7fb0-beea-942596ee66ef.jsonl;rollout-2026-08-04T10-12-03-019fcac1-c2c1-7fa1-9025-75f407e5c17d.jsonl;rollout-2026-08-04T10-21-58-019fcaca-d45c-71e2-b106-bf99705f2352.jsonl;rollout-2026-08-04T10-34-18-019fcad6-1ecd-7850-99bb-3c6de4e50875.jsonl;rollout-2026-08-04T10-48-23-019fcae3-056d-75d1-92ad-eb777da35982.jsonl;rollout-2026-08-04T11-16-01-019fcafc-52a7-7192-8947-b6108df3e0a0.jsonl;rollout-2026-08-04T12-06-35-019fcb2a-9ce7-77a0-883d-13f05394caa9.jsonl;rollout-2026-08-04T13-25-53-019fcb73-38aa-7dc1-a0e8-ba0bbda0b211.jsonl;rollout-2026-08-04T14-54-53-019fcbc4-b3f2-77f3-b7c1-a06a5366e820.jsonl;rollout-2026-08-04T16-25-55-019fcc18-0915-78d0-ba2c-e6b7a07eb9f1.jsonl;rollout-2026-08-04T20-47-31-019fcd07-8c5b-7af3-b9ec-87cb36d7a952.jsonl,app\Providers\JetstreamServiceProvider.php
app\public\index.php,False,1,2,rollout-2026-08-04T08-35-38-019fca69-7aad-7c81-a41b-21d9b9b7a3a6.jsonl,#66 /app/public/index.php(20): Illuminate\\Foundation\\Application->handleRequest()
app\Services\OrderCancellationService.php,True,13,384,rollout-2026-08-04T10-34-18-019fcad6-1ecd-7850-99bb-3c6de4e50875.jsonl;rollout-2026-08-04T10-48-23-019fcae3-056d-75d1-92ad-eb777da35982.jsonl;rollout-2026-08-04T11-16-01-019fcafc-52a7-7192-8947-b6108df3e0a0.jsonl;rollout-2026-08-04T11-30-54-019fcb09-f095-73f0-a684-f990ae1268d9.jsonl;rollout-2026-08-04T12-04-05-019fcb28-5502-7851-a2a2-04d6af5ebca0.jsonl;rollout-2026-08-04T12-06-35-019fcb2a-9ce7-77a0-883d-13f05394caa9.jsonl;rollout-2026-08-04T13-25-53-019fcb73-38aa-7dc1-a0e8-ba0bbda0b211.jsonl;rollout-2026-08-04T13-46-54-019fcb86-7621-7113-8c34-e9e4bbbbcec9.jsonl;rollout-2026-08-04T14-54-53-019fcbc4-b3f2-77f3-b7c1-a06a5366e820.jsonl;rollout-2026-08-04T15-01-41-019fcbca-eaed-74d1-bf45-177cdb3f3491.jsonl;rollout-2026-08-04T15-07-44-019fcbd0-75f1-73c3-a828-838aa341eb82.jsonl;rollout-2026-08-04T16-25-55-019fcc18-0915-78d0-ba2c-e6b7a07eb9f1.jsonl;rollout-2026-08-04T20-47-31-019fcd07-8c5b-7af3-b9ec-87cb36d7a952.jsonl,*** Add File: app/Services/OrderCancellationService.php
app\Services\OrderConfirmationEmailService.php,True,8,194,rollout-2026-08-04T10-34-18-019fcad6-1ecd-7850-99bb-3c6de4e50875.jsonl;rollout-2026-08-04T13-25-53-019fcb73-38aa-7dc1-a0e8-ba0bbda0b211.jsonl;rollout-2026-08-04T13-46-54-019fcb86-7621-7113-8c34-e9e4bbbbcec9.jsonl;rollout-2026-08-04T14-54-53-019fcbc4-b3f2-77f3-b7c1-a06a5366e820.jsonl;rollout-2026-08-04T15-01-41-019fcbca-eaed-74d1-bf45-177cdb3f3491.jsonl;rollout-2026-08-04T15-07-44-019fcbd0-75f1-73c3-a828-838aa341eb82.jsonl;rollout-2026-08-04T16-25-55-019fcc18-0915-78d0-ba2c-e6b7a07eb9f1.jsonl;rollout-2026-08-04T20-47-31-019fcd07-8c5b-7af3-b9ec-87cb36d7a952.jsonl,*** Add File: app/Services/OrderConfirmationEmailService.php
app\Services\VnPayService.php,True,23,176,rollout-2026-07-31T11-06-09-019fb659-d8c8-7971-aa5f-6125546bafd1.jsonl;rollout-2026-08-02T17-29-48-019fc205-cd55-7a50-950b-2f6a196b5dee.jsonl;rollout-2026-08-03T11-06-38-019fc5cd-5f39-7863-a5b2-93a372b3a4ab.jsonl;rollout-2026-08-04T08-03-01-019fca4b-9f33-7ca2-beed-c0a735c6d12c.jsonl;rollout-2026-08-04T08-35-38-019fca69-7aad-7c81-a41b-21d9b9b7a3a6.jsonl;rollout-2026-08-04T09-20-33-019fca92-996a-7fb0-beea-942596ee66ef.jsonl;rollout-2026-08-04T10-12-03-019fcac1-c2c1-7fa1-9025-75f407e5c17d.jsonl;rollout-2026-08-04T10-15-17-019fcac4-b895-7d41-8678-b7e083a63a7c.jsonl;rollout-2026-08-04T10-19-37-019fcac8-aef6-7891-b93f-98ea184a621a.jsonl;rollout-2026-08-04T10-21-58-019fcaca-d45c-71e2-b106-bf99705f2352.jsonl;rollout-2026-08-04T10-34-18-019fcad6-1ecd-7850-99bb-3c6de4e50875.jsonl;rollout-2026-08-04T10-48-23-019fcae3-056d-75d1-92ad-eb777da35982.jsonl;rollout-2026-08-04T11-16-01-019fcafc-52a7-7192-8947-b6108df3e0a0.jsonl;rollout-2026-08-04T11-30-54-019fcb09-f095-73f0-a684-f990ae1268d9.jsonl;rollout-2026-08-04T12-04-05-019fcb28-5502-7851-a2a2-04d6af5ebca0.jsonl;rollout-2026-08-04T12-06-35-019fcb2a-9ce7-77a0-883d-13f05394caa9.jsonl;rollout-2026-08-04T13-25-53-019fcb73-38aa-7dc1-a0e8-ba0bbda0b211.jsonl;rollout-2026-08-04T13-46-54-019fcb86-7621-7113-8c34-e9e4bbbbcec9.jsonl;rollout-2026-08-04T14-54-53-019fcbc4-b3f2-77f3-b7c1-a06a5366e820.jsonl;rollout-2026-08-04T15-01-41-019fcbca-eaed-74d1-bf45-177cdb3f3491.jsonl;rollout-2026-08-04T15-07-44-019fcbd0-75f1-73c3-a828-838aa341eb82.jsonl;rollout-2026-08-04T16-25-55-019fcc18-0915-78d0-ba2c-e6b7a07eb9f1.jsonl;rollout-2026-08-04T20-47-31-019fcd07-8c5b-7af3-b9ec-87cb36d7a952.jsonl,app\Services\VnPayService.php
app\Support\QueuedRawMail.php,True,7,55,rollout-2026-08-04T13-25-53-019fcb73-38aa-7dc1-a0e8-ba0bbda0b211.jsonl;rollout-2026-08-04T13-46-54-019fcb86-7621-7113-8c34-e9e4bbbbcec9.jsonl;rollout-2026-08-04T14-54-53-019fcbc4-b3f2-77f3-b7c1-a06a5366e820.jsonl;rollout-2026-08-04T15-01-41-019fcbca-eaed-74d1-bf45-177cdb3f3491.jsonl;rollout-2026-08-04T15-07-44-019fcbd0-75f1-73c3-a828-838aa341eb82.jsonl;rollout-2026-08-04T16-25-55-019fcc18-0915-78d0-ba2c-e6b7a07eb9f1.jsonl;rollout-2026-08-04T20-47-31-019fcd07-8c5b-7af3-b9ec-87cb36d7a952.jsonl,*** Add File: app/Support/QueuedRawMail.php
app\View\Components\AppLayout.php,True,14,18,rollout-2026-07-31T11-06-09-019fb659-d8c8-7971-aa5f-6125546bafd1.jsonl;rollout-2026-08-04T09-20-33-019fca92-996a-7fb0-beea-942596ee66ef.jsonl;rollout-2026-08-04T10-12-03-019fcac1-c2c1-7fa1-9025-75f407e5c17d.jsonl;rollout-2026-08-04T10-21-58-019fcaca-d45c-71e2-b106-bf99705f2352.jsonl;rollout-2026-08-04T10-34-18-019fcad6-1ecd-7850-99bb-3c6de4e50875.jsonl;rollout-2026-08-04T10-48-23-019fcae3-056d-75d1-92ad-eb777da35982.jsonl;rollout-2026-08-04T11-16-01-019fcafc-52a7-7192-8947-b6108df3e0a0.jsonl;rollout-2026-08-04T12-04-05-019fcb28-5502-7851-a2a2-04d6af5ebca0.jsonl;rollout-2026-08-04T12-06-35-019fcb2a-9ce7-77a0-883d-13f05394caa9.jsonl;rollout-2026-08-04T13-25-53-019fcb73-38aa-7dc1-a0e8-ba0bbda0b211.jsonl;rollout-2026-08-04T14-54-53-019fcbc4-b3f2-77f3-b7c1-a06a5366e820.jsonl;rollout-2026-08-04T15-01-41-019fcbca-eaed-74d1-bf45-177cdb3f3491.jsonl;rollout-2026-08-04T16-25-55-019fcc18-0915-78d0-ba2c-e6b7a07eb9f1.jsonl;rollout-2026-08-04T20-47-31-019fcd07-8c5b-7af3-b9ec-87cb36d7a952.jsonl,app\View\Components\AppLayout.php
app\View\Components\GuestLayout.php,True,14,16,rollout-2026-07-31T11-06-09-019fb659-d8c8-7971-aa5f-6125546bafd1.jsonl;rollout-2026-08-04T09-20-33-019fca92-996a-7fb0-beea-942596ee66ef.jsonl;rollout-2026-08-04T10-12-03-019fcac1-c2c1-7fa1-9025-75f407e5c17d.jsonl;rollout-2026-08-04T10-21-58-019fcaca-d45c-71e2-b106-bf99705f2352.jsonl;rollout-2026-08-04T10-34-18-019fcad6-1ecd-7850-99bb-3c6de4e50875.jsonl;rollout-2026-08-04T10-48-23-019fcae3-056d-75d1-92ad-eb777da35982.jsonl;rollout-2026-08-04T11-16-01-019fcafc-52a7-7192-8947-b6108df3e0a0.jsonl;rollout-2026-08-04T12-04-05-019fcb28-5502-7851-a2a2-04d6af5ebca0.jsonl;rollout-2026-08-04T12-06-35-019fcb2a-9ce7-77a0-883d-13f05394caa9.jsonl;rollout-2026-08-04T13-25-53-019fcb73-38aa-7dc1-a0e8-ba0bbda0b211.jsonl;rollout-2026-08-04T14-54-53-019fcbc4-b3f2-77f3-b7c1-a06a5366e820.jsonl;rollout-2026-08-04T15-01-41-019fcbca-eaed-74d1-bf45-177cdb3f3491.jsonl;rollout-2026-08-04T16-25-55-019fcc18-0915-78d0-ba2c-e6b7a07eb9f1.jsonl;rollout-2026-08-04T20-47-31-019fcd07-8c5b-7af3-b9ec-87cb36d7a952.jsonl,app\View\Components\GuestLayout.php
bootstrap\app.php,True,23,208,rollout-2026-07-31T11-06-09-019fb659-d8c8-7971-aa5f-6125546bafd1.jsonl;rollout-2026-08-02T17-29-48-019fc205-cd55-7a50-950b-2f6a196b5dee.jsonl;rollout-2026-08-03T11-06-38-019fc5cd-5f39-7863-a5b2-93a372b3a4ab.jsonl;rollout-2026-08-04T08-03-01-019fca4b-9f33-7ca2-beed-c0a735c6d12c.jsonl;rollout-2026-08-04T08-35-38-019fca69-7aad-7c81-a41b-21d9b9b7a3a6.jsonl;rollout-2026-08-04T09-20-33-019fca92-996a-7fb0-beea-942596ee66ef.jsonl;rollout-2026-08-04T10-12-03-019fcac1-c2c1-7fa1-9025-75f407e5c17d.jsonl;rollout-2026-08-04T10-15-17-019fcac4-b895-7d41-8678-b7e083a63a7c.jsonl;rollout-2026-08-04T10-19-37-019fcac8-aef6-7891-b93f-98ea184a621a.jsonl;rollout-2026-08-04T10-21-58-019fcaca-d45c-71e2-b106-bf99705f2352.jsonl;rollout-2026-08-04T10-34-18-019fcad6-1ecd-7850-99bb-3c6de4e50875.jsonl;rollout-2026-08-04T10-48-23-019fcae3-056d-75d1-92ad-eb777da35982.jsonl;rollout-2026-08-04T11-16-01-019fcafc-52a7-7192-8947-b6108df3e0a0.jsonl;rollout-2026-08-04T11-30-54-019fcb09-f095-73f0-a684-f990ae1268d9.jsonl;rollout-2026-08-04T12-04-05-019fcb28-5502-7851-a2a2-04d6af5ebca0.jsonl;rollout-2026-08-04T12-06-35-019fcb2a-9ce7-77a0-883d-13f05394caa9.jsonl;rollout-2026-08-04T13-25-53-019fcb73-38aa-7dc1-a0e8-ba0bbda0b211.jsonl;rollout-2026-08-04T13-46-54-019fcb86-7621-7113-8c34-e9e4bbbbcec9.jsonl;rollout-2026-08-04T14-54-53-019fcbc4-b3f2-77f3-b7c1-a06a5366e820.jsonl;rollout-2026-08-04T15-01-41-019fcbca-eaed-74d1-bf45-177cdb3f3491.jsonl;rollout-2026-08-04T15-07-44-019fcbd0-75f1-73c3-a828-838aa341eb82.jsonl;rollout-2026-08-04T16-25-55-019fcc18-0915-78d0-ba2c-e6b7a07eb9f1.jsonl;rollout-2026-08-04T20-47-31-019fcd07-8c5b-7af3-b9ec-87cb36d7a952.jsonl,bootstrap\app.php
bootstrap\cache\packages.php,True,1,3,rollout-2026-08-04T13-46-54-019fcb86-7621-7113-8c34-e9e4bbbbcec9.jsonl,"  rename(D:\luanvancuoiky\bootstrap\cache\pac6646.tmp,D:\luanvancuoiky\bootstrap\cache\packages.php): Access is denie  "
Bootstrap\HandleExceptions.php,False,2,9,rollout-2026-08-04T13-46-54-019fcb86-7621-7113-8c34-e9e4bbbbcec9.jsonl;rollout-2026-08-04T20-47-31-019fcd07-8c5b-7af3-b9ec-87cb36d7a952.jsonl,"#0 D:\luanvancuoiky\vendor\laravel\framework\src\Illuminate\Foundation\Bootstrap\HandleExceptions.php(263): Illuminate\Foundation\Bootstrap\HandleExceptions->handleError(2, 'Undefined varia...', 'D:\\luanvancuoik...', 82)"
bootstrap\providers.php,True,14,18,rollout-2026-07-31T11-06-09-019fb659-d8c8-7971-aa5f-6125546bafd1.jsonl;rollout-2026-08-04T09-20-33-019fca92-996a-7fb0-beea-942596ee66ef.jsonl;rollout-2026-08-04T10-12-03-019fcac1-c2c1-7fa1-9025-75f407e5c17d.jsonl;rollout-2026-08-04T10-21-58-019fcaca-d45c-71e2-b106-bf99705f2352.jsonl;rollout-2026-08-04T10-34-18-019fcad6-1ecd-7850-99bb-3c6de4e50875.jsonl;rollout-2026-08-04T10-48-23-019fcae3-056d-75d1-92ad-eb777da35982.jsonl;rollout-2026-08-04T11-16-01-019fcafc-52a7-7192-8947-b6108df3e0a0.jsonl;rollout-2026-08-04T12-04-05-019fcb28-5502-7851-a2a2-04d6af5ebca0.jsonl;rollout-2026-08-04T12-06-35-019fcb2a-9ce7-77a0-883d-13f05394caa9.jsonl;rollout-2026-08-04T13-25-53-019fcb73-38aa-7dc1-a0e8-ba0bbda0b211.jsonl;rollout-2026-08-04T14-54-53-019fcbc4-b3f2-77f3-b7c1-a06a5366e820.jsonl;rollout-2026-08-04T15-01-41-019fcbca-eaed-74d1-bf45-177cdb3f3491.jsonl;rollout-2026-08-04T16-25-55-019fcc18-0915-78d0-ba2c-e6b7a07eb9f1.jsonl;rollout-2026-08-04T20-47-31-019fcd07-8c5b-7af3-b9ec-87cb36d7a952.jsonl,bootstrap\providers.php
composer.json,True,23,78,rollout-2026-07-31T11-06-09-019fb659-d8c8-7971-aa5f-6125546bafd1.jsonl;rollout-2026-08-02T17-29-48-019fc205-cd55-7a50-950b-2f6a196b5dee.jsonl;rollout-2026-08-03T11-06-38-019fc5cd-5f39-7863-a5b2-93a372b3a4ab.jsonl;rollout-2026-08-04T08-03-01-019fca4b-9f33-7ca2-beed-c0a735c6d12c.jsonl;rollout-2026-08-04T08-35-38-019fca69-7aad-7c81-a41b-21d9b9b7a3a6.jsonl;rollout-2026-08-04T09-20-33-019fca92-996a-7fb0-beea-942596ee66ef.jsonl;rollout-2026-08-04T10-12-03-019fcac1-c2c1-7fa1-9025-75f407e5c17d.jsonl;rollout-2026-08-04T10-15-17-019fcac4-b895-7d41-8678-b7e083a63a7c.jsonl;rollout-2026-08-04T10-19-37-019fcac8-aef6-7891-b93f-98ea184a621a.jsonl;rollout-2026-08-04T10-21-58-019fcaca-d45c-71e2-b106-bf99705f2352.jsonl;rollout-2026-08-04T10-34-18-019fcad6-1ecd-7850-99bb-3c6de4e50875.jsonl;rollout-2026-08-04T10-48-23-019fcae3-056d-75d1-92ad-eb777da35982.jsonl;rollout-2026-08-04T11-16-01-019fcafc-52a7-7192-8947-b6108df3e0a0.jsonl;rollout-2026-08-04T11-30-54-019fcb09-f095-73f0-a684-f990ae1268d9.jsonl;rollout-2026-08-04T12-04-05-019fcb28-5502-7851-a2a2-04d6af5ebca0.jsonl;rollout-2026-08-04T12-06-35-019fcb2a-9ce7-77a0-883d-13f05394caa9.jsonl;rollout-2026-08-04T13-25-53-019fcb73-38aa-7dc1-a0e8-ba0bbda0b211.jsonl;rollout-2026-08-04T13-46-54-019fcb86-7621-7113-8c34-e9e4bbbbcec9.jsonl;rollout-2026-08-04T14-54-53-019fcbc4-b3f2-77f3-b7c1-a06a5366e820.jsonl;rollout-2026-08-04T15-01-41-019fcbca-eaed-74d1-bf45-177cdb3f3491.jsonl;rollout-2026-08-04T15-07-44-019fcbd0-75f1-73c3-a828-838aa341eb82.jsonl;rollout-2026-08-04T16-25-55-019fcc18-0915-78d0-ba2c-e6b7a07eb9f1.jsonl;rollout-2026-08-04T20-47-31-019fcd07-8c5b-7af3-b9ec-87cb36d7a952.jsonl,-a----         7/13/2026  17:00 PM           3058 composer.json                                                        
composer.lock,True,22,231,rollout-2026-07-31T11-06-09-019fb659-d8c8-7971-aa5f-6125546bafd1.jsonl;rollout-2026-08-02T17-29-48-019fc205-cd55-7a50-950b-2f6a196b5dee.jsonl;rollout-2026-08-03T11-06-38-019fc5cd-5f39-7863-a5b2-93a372b3a4ab.jsonl;rollout-2026-08-04T08-03-01-019fca4b-9f33-7ca2-beed-c0a735c6d12c.jsonl;rollout-2026-08-04T08-35-38-019fca69-7aad-7c81-a41b-21d9b9b7a3a6.jsonl;rollout-2026-08-04T10-12-03-019fcac1-c2c1-7fa1-9025-75f407e5c17d.jsonl;rollout-2026-08-04T10-15-17-019fcac4-b895-7d41-8678-b7e083a63a7c.jsonl;rollout-2026-08-04T10-19-37-019fcac8-aef6-7891-b93f-98ea184a621a.jsonl;rollout-2026-08-04T10-21-58-019fcaca-d45c-71e2-b106-bf99705f2352.jsonl;rollout-2026-08-04T10-34-18-019fcad6-1ecd-7850-99bb-3c6de4e50875.jsonl;rollout-2026-08-04T10-48-23-019fcae3-056d-75d1-92ad-eb777da35982.jsonl;rollout-2026-08-04T11-16-01-019fcafc-52a7-7192-8947-b6108df3e0a0.jsonl;rollout-2026-08-04T11-30-54-019fcb09-f095-73f0-a684-f990ae1268d9.jsonl;rollout-2026-08-04T12-04-05-019fcb28-5502-7851-a2a2-04d6af5ebca0.jsonl;rollout-2026-08-04T12-06-35-019fcb2a-9ce7-77a0-883d-13f05394caa9.jsonl;rollout-2026-08-04T13-25-53-019fcb73-38aa-7dc1-a0e8-ba0bbda0b211.jsonl;rollout-2026-08-04T13-46-54-019fcb86-7621-7113-8c34-e9e4bbbbcec9.jsonl;rollout-2026-08-04T14-54-53-019fcbc4-b3f2-77f3-b7c1-a06a5366e820.jsonl;rollout-2026-08-04T15-01-41-019fcbca-eaed-74d1-bf45-177cdb3f3491.jsonl;rollout-2026-08-04T15-07-44-019fcbd0-75f1-73c3-a828-838aa341eb82.jsonl;rollout-2026-08-04T16-25-55-019fcc18-0915-78d0-ba2c-e6b7a07eb9f1.jsonl;rollout-2026-08-04T20-47-31-019fcd07-8c5b-7af3-b9ec-87cb36d7a952.jsonl,-a----         7/13/2026  17:00 PM         328280 composer.lock                                                        
config\app.php,True,12,14,rollout-2026-07-31T11-06-09-019fb659-d8c8-7971-aa5f-6125546bafd1.jsonl;rollout-2026-08-04T09-20-33-019fca92-996a-7fb0-beea-942596ee66ef.jsonl;rollout-2026-08-04T10-12-03-019fcac1-c2c1-7fa1-9025-75f407e5c17d.jsonl;rollout-2026-08-04T10-21-58-019fcaca-d45c-71e2-b106-bf99705f2352.jsonl;rollout-2026-08-04T10-34-18-019fcad6-1ecd-7850-99bb-3c6de4e50875.jsonl;rollout-2026-08-04T10-48-23-019fcae3-056d-75d1-92ad-eb777da35982.jsonl;rollout-2026-08-04T11-16-01-019fcafc-52a7-7192-8947-b6108df3e0a0.jsonl;rollout-2026-08-04T12-06-35-019fcb2a-9ce7-77a0-883d-13f05394caa9.jsonl;rollout-2026-08-04T13-25-53-019fcb73-38aa-7dc1-a0e8-ba0bbda0b211.jsonl;rollout-2026-08-04T14-54-53-019fcbc4-b3f2-77f3-b7c1-a06a5366e820.jsonl;rollout-2026-08-04T16-25-55-019fcc18-0915-78d0-ba2c-e6b7a07eb9f1.jsonl;rollout-2026-08-04T20-47-31-019fcd07-8c5b-7af3-b9ec-87cb36d7a952.jsonl,config\app.php
config\auth.php,True,15,53,rollout-2026-07-31T11-06-09-019fb659-d8c8-7971-aa5f-6125546bafd1.jsonl;rollout-2026-08-04T09-20-33-019fca92-996a-7fb0-beea-942596ee66ef.jsonl;rollout-2026-08-04T10-12-03-019fcac1-c2c1-7fa1-9025-75f407e5c17d.jsonl;rollout-2026-08-04T10-21-58-019fcaca-d45c-71e2-b106-bf99705f2352.jsonl;rollout-2026-08-04T10-34-18-019fcad6-1ecd-7850-99bb-3c6de4e50875.jsonl;rollout-2026-08-04T10-48-23-019fcae3-056d-75d1-92ad-eb777da35982.jsonl;rollout-2026-08-04T11-16-01-019fcafc-52a7-7192-8947-b6108df3e0a0.jsonl;rollout-2026-08-04T12-04-05-019fcb28-5502-7851-a2a2-04d6af5ebca0.jsonl;rollout-2026-08-04T12-06-35-019fcb2a-9ce7-77a0-883d-13f05394caa9.jsonl;rollout-2026-08-04T13-25-53-019fcb73-38aa-7dc1-a0e8-ba0bbda0b211.jsonl;rollout-2026-08-04T13-46-54-019fcb86-7621-7113-8c34-e9e4bbbbcec9.jsonl;rollout-2026-08-04T14-54-53-019fcbc4-b3f2-77f3-b7c1-a06a5366e820.jsonl;rollout-2026-08-04T15-07-44-019fcbd0-75f1-73c3-a828-838aa341eb82.jsonl;rollout-2026-08-04T16-25-55-019fcc18-0915-78d0-ba2c-e6b7a07eb9f1.jsonl;rollout-2026-08-04T20-47-31-019fcd07-8c5b-7af3-b9ec-87cb36d7a952.jsonl,config\auth.php
config\cache.php,True,13,15,rollout-2026-07-31T11-06-09-019fb659-d8c8-7971-aa5f-6125546bafd1.jsonl;rollout-2026-08-04T09-20-33-019fca92-996a-7fb0-beea-942596ee66ef.jsonl;rollout-2026-08-04T10-12-03-019fcac1-c2c1-7fa1-9025-75f407e5c17d.jsonl;rollout-2026-08-04T10-21-58-019fcaca-d45c-71e2-b106-bf99705f2352.jsonl;rollout-2026-08-04T10-34-18-019fcad6-1ecd-7850-99bb-3c6de4e50875.jsonl;rollout-2026-08-04T10-48-23-019fcae3-056d-75d1-92ad-eb777da35982.jsonl;rollout-2026-08-04T11-16-01-019fcafc-52a7-7192-8947-b6108df3e0a0.jsonl;rollout-2026-08-04T12-04-05-019fcb28-5502-7851-a2a2-04d6af5ebca0.jsonl;rollout-2026-08-04T12-06-35-019fcb2a-9ce7-77a0-883d-13f05394caa9.jsonl;rollout-2026-08-04T13-25-53-019fcb73-38aa-7dc1-a0e8-ba0bbda0b211.jsonl;rollout-2026-08-04T14-54-53-019fcbc4-b3f2-77f3-b7c1-a06a5366e820.jsonl;rollout-2026-08-04T16-25-55-019fcc18-0915-78d0-ba2c-e6b7a07eb9f1.jsonl;rollout-2026-08-04T20-47-31-019fcd07-8c5b-7af3-b9ec-87cb36d7a952.jsonl,config\cache.php
config\cors.php,False,1,1,rollout-2026-08-04T20-47-31-019fcd07-8c5b-7af3-b9ec-87cb36d7a952.jsonl,-a---- 469    7/17/2026 17:28:35 PM D:\luanvanck\backend\config\cors.php                 
config\database.php,True,13,29,rollout-2026-07-31T11-06-09-019fb659-d8c8-7971-aa5f-6125546bafd1.jsonl;rollout-2026-08-03T11-06-38-019fc5cd-5f39-7863-a5b2-93a372b3a4ab.jsonl;rollout-2026-08-04T09-20-33-019fca92-996a-7fb0-beea-942596ee66ef.jsonl;rollout-2026-08-04T10-12-03-019fcac1-c2c1-7fa1-9025-75f407e5c17d.jsonl;rollout-2026-08-04T10-21-58-019fcaca-d45c-71e2-b106-bf99705f2352.jsonl;rollout-2026-08-04T10-34-18-019fcad6-1ecd-7850-99bb-3c6de4e50875.jsonl;rollout-2026-08-04T10-48-23-019fcae3-056d-75d1-92ad-eb777da35982.jsonl;rollout-2026-08-04T11-16-01-019fcafc-52a7-7192-8947-b6108df3e0a0.jsonl;rollout-2026-08-04T12-06-35-019fcb2a-9ce7-77a0-883d-13f05394caa9.jsonl;rollout-2026-08-04T13-25-53-019fcb73-38aa-7dc1-a0e8-ba0bbda0b211.jsonl;rollout-2026-08-04T14-54-53-019fcbc4-b3f2-77f3-b7c1-a06a5366e820.jsonl;rollout-2026-08-04T16-25-55-019fcc18-0915-78d0-ba2c-e6b7a07eb9f1.jsonl;rollout-2026-08-04T20-47-31-019fcd07-8c5b-7af3-b9ec-87cb36d7a952.jsonl,config\database.php
config\filesystems.php,True,14,21,rollout-2026-07-31T11-06-09-019fb659-d8c8-7971-aa5f-6125546bafd1.jsonl;rollout-2026-08-03T11-06-38-019fc5cd-5f39-7863-a5b2-93a372b3a4ab.jsonl;rollout-2026-08-04T09-20-33-019fca92-996a-7fb0-beea-942596ee66ef.jsonl;rollout-2026-08-04T10-12-03-019fcac1-c2c1-7fa1-9025-75f407e5c17d.jsonl;rollout-2026-08-04T10-21-58-019fcaca-d45c-71e2-b106-bf99705f2352.jsonl;rollout-2026-08-04T10-34-18-019fcad6-1ecd-7850-99bb-3c6de4e50875.jsonl;rollout-2026-08-04T10-48-23-019fcae3-056d-75d1-92ad-eb777da35982.jsonl;rollout-2026-08-04T11-16-01-019fcafc-52a7-7192-8947-b6108df3e0a0.jsonl;rollout-2026-08-04T12-06-35-019fcb2a-9ce7-77a0-883d-13f05394caa9.jsonl;rollout-2026-08-04T13-25-53-019fcb73-38aa-7dc1-a0e8-ba0bbda0b211.jsonl;rollout-2026-08-04T14-54-53-019fcbc4-b3f2-77f3-b7c1-a06a5366e820.jsonl;rollout-2026-08-04T15-01-41-019fcbca-eaed-74d1-bf45-177cdb3f3491.jsonl;rollout-2026-08-04T16-25-55-019fcc18-0915-78d0-ba2c-e6b7a07eb9f1.jsonl;rollout-2026-08-04T20-47-31-019fcd07-8c5b-7af3-b9ec-87cb36d7a952.jsonl,config\filesystems.php
config\fortify.php,True,14,45,rollout-2026-07-31T11-06-09-019fb659-d8c8-7971-aa5f-6125546bafd1.jsonl;rollout-2026-08-04T08-35-38-019fca69-7aad-7c81-a41b-21d9b9b7a3a6.jsonl;rollout-2026-08-04T09-20-33-019fca92-996a-7fb0-beea-942596ee66ef.jsonl;rollout-2026-08-04T10-12-03-019fcac1-c2c1-7fa1-9025-75f407e5c17d.jsonl;rollout-2026-08-04T10-21-58-019fcaca-d45c-71e2-b106-bf99705f2352.jsonl;rollout-2026-08-04T10-34-18-019fcad6-1ecd-7850-99bb-3c6de4e50875.jsonl;rollout-2026-08-04T10-48-23-019fcae3-056d-75d1-92ad-eb777da35982.jsonl;rollout-2026-08-04T11-16-01-019fcafc-52a7-7192-8947-b6108df3e0a0.jsonl;rollout-2026-08-04T12-06-35-019fcb2a-9ce7-77a0-883d-13f05394caa9.jsonl;rollout-2026-08-04T13-25-53-019fcb73-38aa-7dc1-a0e8-ba0bbda0b211.jsonl;rollout-2026-08-04T14-54-53-019fcbc4-b3f2-77f3-b7c1-a06a5366e820.jsonl;rollout-2026-08-04T15-01-41-019fcbca-eaed-74d1-bf45-177cdb3f3491.jsonl;rollout-2026-08-04T16-25-55-019fcc18-0915-78d0-ba2c-e6b7a07eb9f1.jsonl;rollout-2026-08-04T20-47-31-019fcd07-8c5b-7af3-b9ec-87cb36d7a952.jsonl,config\fortify.php
config\jetstream.php,True,14,17,rollout-2026-07-31T11-06-09-019fb659-d8c8-7971-aa5f-6125546bafd1.jsonl;rollout-2026-08-04T08-35-38-019fca69-7aad-7c81-a41b-21d9b9b7a3a6.jsonl;rollout-2026-08-04T09-20-33-019fca92-996a-7fb0-beea-942596ee66ef.jsonl;rollout-2026-08-04T10-12-03-019fcac1-c2c1-7fa1-9025-75f407e5c17d.jsonl;rollout-2026-08-04T10-21-58-019fcaca-d45c-71e2-b106-bf99705f2352.jsonl;rollout-2026-08-04T10-34-18-019fcad6-1ecd-7850-99bb-3c6de4e50875.jsonl;rollout-2026-08-04T10-48-23-019fcae3-056d-75d1-92ad-eb777da35982.jsonl;rollout-2026-08-04T11-16-01-019fcafc-52a7-7192-8947-b6108df3e0a0.jsonl;rollout-2026-08-04T12-06-35-019fcb2a-9ce7-77a0-883d-13f05394caa9.jsonl;rollout-2026-08-04T13-25-53-019fcb73-38aa-7dc1-a0e8-ba0bbda0b211.jsonl;rollout-2026-08-04T14-54-53-019fcbc4-b3f2-77f3-b7c1-a06a5366e820.jsonl;rollout-2026-08-04T15-01-41-019fcbca-eaed-74d1-bf45-177cdb3f3491.jsonl;rollout-2026-08-04T16-25-55-019fcc18-0915-78d0-ba2c-e6b7a07eb9f1.jsonl;rollout-2026-08-04T20-47-31-019fcd07-8c5b-7af3-b9ec-87cb36d7a952.jsonl,config\jetstream.php
config\logging.php,True,13,15,rollout-2026-07-31T11-06-09-019fb659-d8c8-7971-aa5f-6125546bafd1.jsonl;rollout-2026-08-04T09-20-33-019fca92-996a-7fb0-beea-942596ee66ef.jsonl;rollout-2026-08-04T10-12-03-019fcac1-c2c1-7fa1-9025-75f407e5c17d.jsonl;rollout-2026-08-04T10-21-58-019fcaca-d45c-71e2-b106-bf99705f2352.jsonl;rollout-2026-08-04T10-34-18-019fcad6-1ecd-7850-99bb-3c6de4e50875.jsonl;rollout-2026-08-04T10-48-23-019fcae3-056d-75d1-92ad-eb777da35982.jsonl;rollout-2026-08-04T11-16-01-019fcafc-52a7-7192-8947-b6108df3e0a0.jsonl;rollout-2026-08-04T12-06-35-019fcb2a-9ce7-77a0-883d-13f05394caa9.jsonl;rollout-2026-08-04T13-25-53-019fcb73-38aa-7dc1-a0e8-ba0bbda0b211.jsonl;rollout-2026-08-04T14-54-53-019fcbc4-b3f2-77f3-b7c1-a06a5366e820.jsonl;rollout-2026-08-04T15-01-41-019fcbca-eaed-74d1-bf45-177cdb3f3491.jsonl;rollout-2026-08-04T16-25-55-019fcc18-0915-78d0-ba2c-e6b7a07eb9f1.jsonl;rollout-2026-08-04T20-47-31-019fcd07-8c5b-7af3-b9ec-87cb36d7a952.jsonl,config\logging.php
config\mail.php,True,14,34,rollout-2026-07-31T11-06-09-019fb659-d8c8-7971-aa5f-6125546bafd1.jsonl;rollout-2026-08-04T09-20-33-019fca92-996a-7fb0-beea-942596ee66ef.jsonl;rollout-2026-08-04T10-12-03-019fcac1-c2c1-7fa1-9025-75f407e5c17d.jsonl;rollout-2026-08-04T10-21-58-019fcaca-d45c-71e2-b106-bf99705f2352.jsonl;rollout-2026-08-04T10-34-18-019fcad6-1ecd-7850-99bb-3c6de4e50875.jsonl;rollout-2026-08-04T10-48-23-019fcae3-056d-75d1-92ad-eb777da35982.jsonl;rollout-2026-08-04T11-16-01-019fcafc-52a7-7192-8947-b6108df3e0a0.jsonl;rollout-2026-08-04T12-06-35-019fcb2a-9ce7-77a0-883d-13f05394caa9.jsonl;rollout-2026-08-04T13-25-53-019fcb73-38aa-7dc1-a0e8-ba0bbda0b211.jsonl;rollout-2026-08-04T13-46-54-019fcb86-7621-7113-8c34-e9e4bbbbcec9.jsonl;rollout-2026-08-04T14-54-53-019fcbc4-b3f2-77f3-b7c1-a06a5366e820.jsonl;rollout-2026-08-04T15-01-41-019fcbca-eaed-74d1-bf45-177cdb3f3491.jsonl;rollout-2026-08-04T16-25-55-019fcc18-0915-78d0-ba2c-e6b7a07eb9f1.jsonl;rollout-2026-08-04T20-47-31-019fcd07-8c5b-7af3-b9ec-87cb36d7a952.jsonl,config\mail.php
config\queue.php,True,14,44,rollout-2026-07-31T11-06-09-019fb659-d8c8-7971-aa5f-6125546bafd1.jsonl;rollout-2026-08-04T09-20-33-019fca92-996a-7fb0-beea-942596ee66ef.jsonl;rollout-2026-08-04T10-12-03-019fcac1-c2c1-7fa1-9025-75f407e5c17d.jsonl;rollout-2026-08-04T10-21-58-019fcaca-d45c-71e2-b106-bf99705f2352.jsonl;rollout-2026-08-04T10-34-18-019fcad6-1ecd-7850-99bb-3c6de4e50875.jsonl;rollout-2026-08-04T10-48-23-019fcae3-056d-75d1-92ad-eb777da35982.jsonl;rollout-2026-08-04T11-16-01-019fcafc-52a7-7192-8947-b6108df3e0a0.jsonl;rollout-2026-08-04T12-06-35-019fcb2a-9ce7-77a0-883d-13f05394caa9.jsonl;rollout-2026-08-04T13-25-53-019fcb73-38aa-7dc1-a0e8-ba0bbda0b211.jsonl;rollout-2026-08-04T13-46-54-019fcb86-7621-7113-8c34-e9e4bbbbcec9.jsonl;rollout-2026-08-04T14-54-53-019fcbc4-b3f2-77f3-b7c1-a06a5366e820.jsonl;rollout-2026-08-04T15-01-41-019fcbca-eaed-74d1-bf45-177cdb3f3491.jsonl;rollout-2026-08-04T16-25-55-019fcc18-0915-78d0-ba2c-e6b7a07eb9f1.jsonl;rollout-2026-08-04T20-47-31-019fcd07-8c5b-7af3-b9ec-87cb36d7a952.jsonl,config\queue.php
config\sanctum.php,True,13,14,rollout-2026-07-31T11-06-09-019fb659-d8c8-7971-aa5f-6125546bafd1.jsonl;rollout-2026-08-04T09-20-33-019fca92-996a-7fb0-beea-942596ee66ef.jsonl;rollout-2026-08-04T10-12-03-019fcac1-c2c1-7fa1-9025-75f407e5c17d.jsonl;rollout-2026-08-04T10-21-58-019fcaca-d45c-71e2-b106-bf99705f2352.jsonl;rollout-2026-08-04T10-34-18-019fcad6-1ecd-7850-99bb-3c6de4e50875.jsonl;rollout-2026-08-04T10-48-23-019fcae3-056d-75d1-92ad-eb777da35982.jsonl;rollout-2026-08-04T11-16-01-019fcafc-52a7-7192-8947-b6108df3e0a0.jsonl;rollout-2026-08-04T12-06-35-019fcb2a-9ce7-77a0-883d-13f05394caa9.jsonl;rollout-2026-08-04T13-25-53-019fcb73-38aa-7dc1-a0e8-ba0bbda0b211.jsonl;rollout-2026-08-04T14-54-53-019fcbc4-b3f2-77f3-b7c1-a06a5366e820.jsonl;rollout-2026-08-04T15-01-41-019fcbca-eaed-74d1-bf45-177cdb3f3491.jsonl;rollout-2026-08-04T16-25-55-019fcc18-0915-78d0-ba2c-e6b7a07eb9f1.jsonl;rollout-2026-08-04T20-47-31-019fcd07-8c5b-7af3-b9ec-87cb36d7a952.jsonl,config\sanctum.php
config\services.php,True,13,14,rollout-2026-07-31T11-06-09-019fb659-d8c8-7971-aa5f-6125546bafd1.jsonl;rollout-2026-08-04T09-20-33-019fca92-996a-7fb0-beea-942596ee66ef.jsonl;rollout-2026-08-04T10-12-03-019fcac1-c2c1-7fa1-9025-75f407e5c17d.jsonl;rollout-2026-08-04T10-21-58-019fcaca-d45c-71e2-b106-bf99705f2352.jsonl;rollout-2026-08-04T10-34-18-019fcad6-1ecd-7850-99bb-3c6de4e50875.jsonl;rollout-2026-08-04T10-48-23-019fcae3-056d-75d1-92ad-eb777da35982.jsonl;rollout-2026-08-04T11-16-01-019fcafc-52a7-7192-8947-b6108df3e0a0.jsonl;rollout-2026-08-04T12-06-35-019fcb2a-9ce7-77a0-883d-13f05394caa9.jsonl;rollout-2026-08-04T13-25-53-019fcb73-38aa-7dc1-a0e8-ba0bbda0b211.jsonl;rollout-2026-08-04T14-54-53-019fcbc4-b3f2-77f3-b7c1-a06a5366e820.jsonl;rollout-2026-08-04T15-01-41-019fcbca-eaed-74d1-bf45-177cdb3f3491.jsonl;rollout-2026-08-04T16-25-55-019fcc18-0915-78d0-ba2c-e6b7a07eb9f1.jsonl;rollout-2026-08-04T20-47-31-019fcd07-8c5b-7af3-b9ec-87cb36d7a952.jsonl,config\services.php
config\session.php,True,21,70,rollout-2026-07-31T11-06-09-019fb659-d8c8-7971-aa5f-6125546bafd1.jsonl;rollout-2026-08-03T11-06-38-019fc5cd-5f39-7863-a5b2-93a372b3a4ab.jsonl;rollout-2026-08-04T08-35-38-019fca69-7aad-7c81-a41b-21d9b9b7a3a6.jsonl;rollout-2026-08-04T09-20-33-019fca92-996a-7fb0-beea-942596ee66ef.jsonl;rollout-2026-08-04T10-12-03-019fcac1-c2c1-7fa1-9025-75f407e5c17d.jsonl;rollout-2026-08-04T10-15-17-019fcac4-b895-7d41-8678-b7e083a63a7c.jsonl;rollout-2026-08-04T10-19-37-019fcac8-aef6-7891-b93f-98ea184a621a.jsonl;rollout-2026-08-04T10-21-58-019fcaca-d45c-71e2-b106-bf99705f2352.jsonl;rollout-2026-08-04T10-34-18-019fcad6-1ecd-7850-99bb-3c6de4e50875.jsonl;rollout-2026-08-04T10-48-23-019fcae3-056d-75d1-92ad-eb777da35982.jsonl;rollout-2026-08-04T11-16-01-019fcafc-52a7-7192-8947-b6108df3e0a0.jsonl;rollout-2026-08-04T11-30-54-019fcb09-f095-73f0-a684-f990ae1268d9.jsonl;rollout-2026-08-04T12-04-05-019fcb28-5502-7851-a2a2-04d6af5ebca0.jsonl;rollout-2026-08-04T12-06-35-019fcb2a-9ce7-77a0-883d-13f05394caa9.jsonl;rollout-2026-08-04T13-25-53-019fcb73-38aa-7dc1-a0e8-ba0bbda0b211.jsonl;rollout-2026-08-04T13-46-54-019fcb86-7621-7113-8c34-e9e4bbbbcec9.jsonl;rollout-2026-08-04T14-54-53-019fcbc4-b3f2-77f3-b7c1-a06a5366e820.jsonl;rollout-2026-08-04T15-01-41-019fcbca-eaed-74d1-bf45-177cdb3f3491.jsonl;rollout-2026-08-04T15-07-44-019fcbd0-75f1-73c3-a828-838aa341eb82.jsonl;rollout-2026-08-04T16-25-55-019fcc18-0915-78d0-ba2c-e6b7a07eb9f1.jsonl;rollout-2026-08-04T20-47-31-019fcd07-8c5b-7af3-b9ec-87cb36d7a952.jsonl,config\session.php
config\vnpay.php,True,16,36,rollout-2026-07-31T11-06-09-019fb659-d8c8-7971-aa5f-6125546bafd1.jsonl;rollout-2026-08-03T11-06-38-019fc5cd-5f39-7863-a5b2-93a372b3a4ab.jsonl;rollout-2026-08-04T08-35-38-019fca69-7aad-7c81-a41b-21d9b9b7a3a6.jsonl;rollout-2026-08-04T09-20-33-019fca92-996a-7fb0-beea-942596ee66ef.jsonl;rollout-2026-08-04T10-12-03-019fcac1-c2c1-7fa1-9025-75f407e5c17d.jsonl;rollout-2026-08-04T10-21-58-019fcaca-d45c-71e2-b106-bf99705f2352.jsonl;rollout-2026-08-04T10-34-18-019fcad6-1ecd-7850-99bb-3c6de4e50875.jsonl;rollout-2026-08-04T10-48-23-019fcae3-056d-75d1-92ad-eb777da35982.jsonl;rollout-2026-08-04T11-16-01-019fcafc-52a7-7192-8947-b6108df3e0a0.jsonl;rollout-2026-08-04T11-30-54-019fcb09-f095-73f0-a684-f990ae1268d9.jsonl;rollout-2026-08-04T12-06-35-019fcb2a-9ce7-77a0-883d-13f05394caa9.jsonl;rollout-2026-08-04T13-25-53-019fcb73-38aa-7dc1-a0e8-ba0bbda0b211.jsonl;rollout-2026-08-04T14-54-53-019fcbc4-b3f2-77f3-b7c1-a06a5366e820.jsonl;rollout-2026-08-04T15-01-41-019fcbca-eaed-74d1-bf45-177cdb3f3491.jsonl;rollout-2026-08-04T16-25-55-019fcc18-0915-78d0-ba2c-e6b7a07eb9f1.jsonl;rollout-2026-08-04T20-47-31-019fcd07-8c5b-7af3-b9ec-87cb36d7a952.jsonl,config\vnpay.php
Database\Concerns\ManagesTransactions.php,False,2,4,rollout-2026-08-03T11-06-38-019fc5cd-5f39-7863-a5b2-93a372b3a4ab.jsonl;rollout-2026-08-04T13-46-54-019fcb86-7621-7113-8c34-e9e4bbbbcec9.jsonl,#9 D:/luanvancuoiky/vendor/laravel/framework/src/Illuminate/Database/Concerns/ManagesTransactions.php(35): App/Http/Controllers/Admin/OrderAdminController->{closure:App/Http/Controllers/Admin/OrderAdminController::changeStatus():155}(Object(Illuminate/Database
Database\Connection.php,False,5,72,rollout-2026-08-03T11-06-38-019fc5cd-5f39-7863-a5b2-93a372b3a4ab.jsonl;rollout-2026-08-04T08-35-38-019fca69-7aad-7c81-a41b-21d9b9b7a3a6.jsonl;rollout-2026-08-04T11-16-01-019fcafc-52a7-7192-8947-b6108df3e0a0.jsonl;rollout-2026-08-04T13-46-54-019fcb86-7621-7113-8c34-e9e4bbbbcec9.jsonl;rollout-2026-08-04T15-07-44-019fcbd0-75f1-73c3-a828-838aa341eb82.jsonl,"[2026-08-03 11:41:42] local.ERROR: SQLSTATE[01000]: Warning: 1265 Data truncated for column 'status' at row 1 (Connection: mysql, Host: 127.0.0.1, Port: 3306, Database: luanvan_ban_mat_kinh, SQL: update `orders` set `status` = Delay, `orders`.`updated_at` = 20"
Database\Connectors\Connector.php,False,1,10,rollout-2026-08-04T08-35-38-019fca69-7aad-7c81-a41b-21d9b9b7a3a6.jsonl,546:[previous exception] [object] (PDOException(code: 2002): SQLSTATE[HY000] [2002] No connection could be made because the target machine actively refused it at D:/luanvancuoiky/vendor/laravel/framework/src/Illuminate/Database/Connectors/Connector.php:67)
Database\Console\TableCommand.php,False,1,1,rollout-2026-08-04T13-25-53-019fcb73-38aa-7dc1-a0e8-ba0bbda0b211.jsonl,vendor\laravel\framework\src\Illuminate\Database\Console\TableCommand.php:151:        return (new Collection($schema->getIndexes($table)))->map(fn ($index) => [
database\database.sql,False,10,25,rollout-2026-07-31T11-06-09-019fb659-d8c8-7971-aa5f-6125546bafd1.jsonl;rollout-2026-08-04T08-35-38-019fca69-7aad-7c81-a41b-21d9b9b7a3a6.jsonl;rollout-2026-08-04T10-21-58-019fcaca-d45c-71e2-b106-bf99705f2352.jsonl;rollout-2026-08-04T10-34-18-019fcad6-1ecd-7850-99bb-3c6de4e50875.jsonl;rollout-2026-08-04T11-30-54-019fcb09-f095-73f0-a684-f990ae1268d9.jsonl;rollout-2026-08-04T13-25-53-019fcb73-38aa-7dc1-a0e8-ba0bbda0b211.jsonl;rollout-2026-08-04T13-46-54-019fcb86-7621-7113-8c34-e9e4bbbbcec9.jsonl;rollout-2026-08-04T14-54-53-019fcbc4-b3f2-77f3-b7c1-a06a5366e820.jsonl;rollout-2026-08-04T15-07-44-019fcbd0-75f1-73c3-a828-838aa341eb82.jsonl;rollout-2026-08-04T20-47-31-019fcd07-8c5b-7af3-b9ec-87cb36d7a952.jsonl,D:\luanvancuoiky\database\database.sqlite                                                           98304 6/29/2026 ...
Database\DatabaseManager.php,False,2,4,rollout-2026-08-03T11-06-38-019fc5cd-5f39-7863-a5b2-93a372b3a4ab.jsonl;rollout-2026-08-04T13-46-54-019fcb86-7621-7113-8c34-e9e4bbbbcec9.jsonl,#10 D:/luanvancuoiky/vendor/laravel/framework/src/Illuminate/Database/DatabaseManager.php(502): Illuminate/Database/Connection->transaction(Object(Closure))
Database\DatabaseTransactionRecord.php,False,1,2,rollout-2026-08-04T13-46-54-019fcb86-7621-7113-8c34-e9e4bbbbcec9.jsonl,#7 D:/luanvancuoiky/vendor/laravel/framework/src/Illuminate/Database/DatabaseTransactionRecord.php(86): Illuminate/Queue/Queue->{closure:Illuminate/Queue/Queue::enqueueUsing():385}()
Database\DatabaseTransactionsManager.php,False,1,2,rollout-2026-08-04T13-46-54-019fcb86-7621-7113-8c34-e9e4bbbbcec9.jsonl,"#13 D:/luanvancuoiky/vendor/laravel/framework/src/Illuminate/Database/DatabaseTransactionsManager.php(94): Illuminate/Support/HigherOrderCollectionProxy->__call('executeCallback...', Array)"
Database\Eloquent\Builder.php,False,2,20,rollout-2026-08-03T11-06-38-019fc5cd-5f39-7863-a5b2-93a372b3a4ab.jsonl;rollout-2026-08-04T08-35-38-019fca69-7aad-7c81-a41b-21d9b9b7a3a6.jsonl,#4 D:/luanvancuoiky/vendor/laravel/framework/src/Illuminate/Database/Eloquent/Builder.php(1272): Illuminate/Database/Query/Builder->update(Object(Illuminate/Support/Collection))
Database\Eloquent\Model.php,False,1,6,rollout-2026-08-03T11-06-38-019fc5cd-5f39-7863-a5b2-93a372b3a4ab.jsonl,#5 D:/luanvancuoiky/vendor/laravel/framework/src/Illuminate/Database/Eloquent/Model.php(1493): Illuminate/Database/Eloquent/Builder->update(Array)
Database\Eloquent\ModelInspector.php,False,1,1,rollout-2026-08-04T13-25-53-019fcb73-38aa-7dc1-a0e8-ba0bbda0b211.jsonl,vendor\laravel\framework\src\Illuminate\Database\Eloquent\ModelInspector.php:94:        $indexes = $schema->getIndexes($table);
database\factories\UserFactory.php,True,17,31,rollout-2026-07-31T11-06-09-019fb659-d8c8-7971-aa5f-6125546bafd1.jsonl;rollout-2026-08-04T08-35-38-019fca69-7aad-7c81-a41b-21d9b9b7a3a6.jsonl;rollout-2026-08-04T09-20-33-019fca92-996a-7fb0-beea-942596ee66ef.jsonl;rollout-2026-08-04T10-12-03-019fcac1-c2c1-7fa1-9025-75f407e5c17d.jsonl;rollout-2026-08-04T10-21-58-019fcaca-d45c-71e2-b106-bf99705f2352.jsonl;rollout-2026-08-04T10-34-18-019fcad6-1ecd-7850-99bb-3c6de4e50875.jsonl;rollout-2026-08-04T10-48-23-019fcae3-056d-75d1-92ad-eb777da35982.jsonl;rollout-2026-08-04T11-16-01-019fcafc-52a7-7192-8947-b6108df3e0a0.jsonl;rollout-2026-08-04T11-30-54-019fcb09-f095-73f0-a684-f990ae1268d9.jsonl;rollout-2026-08-04T12-04-05-019fcb28-5502-7851-a2a2-04d6af5ebca0.jsonl;rollout-2026-08-04T12-06-35-019fcb2a-9ce7-77a0-883d-13f05394caa9.jsonl;rollout-2026-08-04T13-25-53-019fcb73-38aa-7dc1-a0e8-ba0bbda0b211.jsonl;rollout-2026-08-04T13-46-54-019fcb86-7621-7113-8c34-e9e4bbbbcec9.jsonl;rollout-2026-08-04T14-54-53-019fcbc4-b3f2-77f3-b7c1-a06a5366e820.jsonl;rollout-2026-08-04T15-07-44-019fcbd0-75f1-73c3-a828-838aa341eb82.jsonl;rollout-2026-08-04T16-25-55-019fcc18-0915-78d0-ba2c-e6b7a07eb9f1.jsonl;rollout-2026-08-04T20-47-31-019fcd07-8c5b-7af3-b9ec-87cb36d7a952.jsonl,database\factories\UserFactory.php
database\migrations\0001_01_01_000000_create_users_table.php,True,19,73,rollout-2026-07-31T11-06-09-019fb659-d8c8-7971-aa5f-6125546bafd1.jsonl;rollout-2026-08-04T08-03-01-019fca4b-9f33-7ca2-beed-c0a735c6d12c.jsonl;rollout-2026-08-04T08-35-38-019fca69-7aad-7c81-a41b-21d9b9b7a3a6.jsonl;rollout-2026-08-04T09-20-33-019fca92-996a-7fb0-beea-942596ee66ef.jsonl;rollout-2026-08-04T10-12-03-019fcac1-c2c1-7fa1-9025-75f407e5c17d.jsonl;rollout-2026-08-04T10-21-58-019fcaca-d45c-71e2-b106-bf99705f2352.jsonl;rollout-2026-08-04T10-34-18-019fcad6-1ecd-7850-99bb-3c6de4e50875.jsonl;rollout-2026-08-04T10-48-23-019fcae3-056d-75d1-92ad-eb777da35982.jsonl;rollout-2026-08-04T11-16-01-019fcafc-52a7-7192-8947-b6108df3e0a0.jsonl;rollout-2026-08-04T11-30-54-019fcb09-f095-73f0-a684-f990ae1268d9.jsonl;rollout-2026-08-04T12-04-05-019fcb28-5502-7851-a2a2-04d6af5ebca0.jsonl;rollout-2026-08-04T12-06-35-019fcb2a-9ce7-77a0-883d-13f05394caa9.jsonl;rollout-2026-08-04T13-25-53-019fcb73-38aa-7dc1-a0e8-ba0bbda0b211.jsonl;rollout-2026-08-04T13-46-54-019fcb86-7621-7113-8c34-e9e4bbbbcec9.jsonl;rollout-2026-08-04T14-54-53-019fcbc4-b3f2-77f3-b7c1-a06a5366e820.jsonl;rollout-2026-08-04T15-01-41-019fcbca-eaed-74d1-bf45-177cdb3f3491.jsonl;rollout-2026-08-04T15-07-44-019fcbd0-75f1-73c3-a828-838aa341eb82.jsonl;rollout-2026-08-04T16-25-55-019fcc18-0915-78d0-ba2c-e6b7a07eb9f1.jsonl;rollout-2026-08-04T20-47-31-019fcd07-8c5b-7af3-b9ec-87cb36d7a952.jsonl,database\migrations\0001_01_01_000000_create_users_table.php
database\migrations\0001_01_01_000001_create_cache_table.php,True,18,26,rollout-2026-07-31T11-06-09-019fb659-d8c8-7971-aa5f-6125546bafd1.jsonl;rollout-2026-08-04T08-03-01-019fca4b-9f33-7ca2-beed-c0a735c6d12c.jsonl;rollout-2026-08-04T08-35-38-019fca69-7aad-7c81-a41b-21d9b9b7a3a6.jsonl;rollout-2026-08-04T09-20-33-019fca92-996a-7fb0-beea-942596ee66ef.jsonl;rollout-2026-08-04T10-12-03-019fcac1-c2c1-7fa1-9025-75f407e5c17d.jsonl;rollout-2026-08-04T10-21-58-019fcaca-d45c-71e2-b106-bf99705f2352.jsonl;rollout-2026-08-04T10-34-18-019fcad6-1ecd-7850-99bb-3c6de4e50875.jsonl;rollout-2026-08-04T10-48-23-019fcae3-056d-75d1-92ad-eb777da35982.jsonl;rollout-2026-08-04T11-16-01-019fcafc-52a7-7192-8947-b6108df3e0a0.jsonl;rollout-2026-08-04T11-30-54-019fcb09-f095-73f0-a684-f990ae1268d9.jsonl;rollout-2026-08-04T12-04-05-019fcb28-5502-7851-a2a2-04d6af5ebca0.jsonl;rollout-2026-08-04T12-06-35-019fcb2a-9ce7-77a0-883d-13f05394caa9.jsonl;rollout-2026-08-04T13-25-53-019fcb73-38aa-7dc1-a0e8-ba0bbda0b211.jsonl;rollout-2026-08-04T13-46-54-019fcb86-7621-7113-8c34-e9e4bbbbcec9.jsonl;rollout-2026-08-04T14-54-53-019fcbc4-b3f2-77f3-b7c1-a06a5366e820.jsonl;rollout-2026-08-04T15-01-41-019fcbca-eaed-74d1-bf45-177cdb3f3491.jsonl;rollout-2026-08-04T16-25-55-019fcc18-0915-78d0-ba2c-e6b7a07eb9f1.jsonl;rollout-2026-08-04T20-47-31-019fcd07-8c5b-7af3-b9ec-87cb36d7a952.jsonl,database\migrations\0001_01_01_000001_create_cache_table.php
database\migrations\0001_01_01_000002_create_jobs_table.php,True,19,47,rollout-2026-07-31T11-06-09-019fb659-d8c8-7971-aa5f-6125546bafd1.jsonl;rollout-2026-08-04T08-03-01-019fca4b-9f33-7ca2-beed-c0a735c6d12c.jsonl;rollout-2026-08-04T08-35-38-019fca69-7aad-7c81-a41b-21d9b9b7a3a6.jsonl;rollout-2026-08-04T09-20-33-019fca92-996a-7fb0-beea-942596ee66ef.jsonl;rollout-2026-08-04T10-12-03-019fcac1-c2c1-7fa1-9025-75f407e5c17d.jsonl;rollout-2026-08-04T10-21-58-019fcaca-d45c-71e2-b106-bf99705f2352.jsonl;rollout-2026-08-04T10-34-18-019fcad6-1ecd-7850-99bb-3c6de4e50875.jsonl;rollout-2026-08-04T10-48-23-019fcae3-056d-75d1-92ad-eb777da35982.jsonl;rollout-2026-08-04T11-16-01-019fcafc-52a7-7192-8947-b6108df3e0a0.jsonl;rollout-2026-08-04T11-30-54-019fcb09-f095-73f0-a684-f990ae1268d9.jsonl;rollout-2026-08-04T12-04-05-019fcb28-5502-7851-a2a2-04d6af5ebca0.jsonl;rollout-2026-08-04T12-06-35-019fcb2a-9ce7-77a0-883d-13f05394caa9.jsonl;rollout-2026-08-04T13-25-53-019fcb73-38aa-7dc1-a0e8-ba0bbda0b211.jsonl;rollout-2026-08-04T13-46-54-019fcb86-7621-7113-8c34-e9e4bbbbcec9.jsonl;rollout-2026-08-04T14-54-53-019fcbc4-b3f2-77f3-b7c1-a06a5366e820.jsonl;rollout-2026-08-04T15-01-41-019fcbca-eaed-74d1-bf45-177cdb3f3491.jsonl;rollout-2026-08-04T15-07-44-019fcbd0-75f1-73c3-a828-838aa341eb82.jsonl;rollout-2026-08-04T16-25-55-019fcc18-0915-78d0-ba2c-e6b7a07eb9f1.jsonl;rollout-2026-08-04T20-47-31-019fcd07-8c5b-7af3-b9ec-87cb36d7a952.jsonl,database\migrations\0001_01_01_000002_create_jobs_table.php
database\migrations\2026_07_10_013605_add_two_factor_columns_to_users_table.php,True,19,28,rollout-2026-07-31T11-06-09-019fb659-d8c8-7971-aa5f-6125546bafd1.jsonl;rollout-2026-08-04T08-03-01-019fca4b-9f33-7ca2-beed-c0a735c6d12c.jsonl;rollout-2026-08-04T08-35-38-019fca69-7aad-7c81-a41b-21d9b9b7a3a6.jsonl;rollout-2026-08-04T09-20-33-019fca92-996a-7fb0-beea-942596ee66ef.jsonl;rollout-2026-08-04T10-12-03-019fcac1-c2c1-7fa1-9025-75f407e5c17d.jsonl;rollout-2026-08-04T10-21-58-019fcaca-d45c-71e2-b106-bf99705f2352.jsonl;rollout-2026-08-04T10-34-18-019fcad6-1ecd-7850-99bb-3c6de4e50875.jsonl;rollout-2026-08-04T10-48-23-019fcae3-056d-75d1-92ad-eb777da35982.jsonl;rollout-2026-08-04T11-16-01-019fcafc-52a7-7192-8947-b6108df3e0a0.jsonl;rollout-2026-08-04T11-30-54-019fcb09-f095-73f0-a684-f990ae1268d9.jsonl;rollout-2026-08-04T12-04-05-019fcb28-5502-7851-a2a2-04d6af5ebca0.jsonl;rollout-2026-08-04T12-06-35-019fcb2a-9ce7-77a0-883d-13f05394caa9.jsonl;rollout-2026-08-04T13-25-53-019fcb73-38aa-7dc1-a0e8-ba0bbda0b211.jsonl;rollout-2026-08-04T13-46-54-019fcb86-7621-7113-8c34-e9e4bbbbcec9.jsonl;rollout-2026-08-04T14-54-53-019fcbc4-b3f2-77f3-b7c1-a06a5366e820.jsonl;rollout-2026-08-04T15-01-41-019fcbca-eaed-74d1-bf45-177cdb3f3491.jsonl;rollout-2026-08-04T15-07-44-019fcbd0-75f1-73c3-a828-838aa341eb82.jsonl;rollout-2026-08-04T16-25-55-019fcc18-0915-78d0-ba2c-e6b7a07eb9f1.jsonl;rollout-2026-08-04T20-47-31-019fcd07-8c5b-7af3-b9ec-87cb36d7a952.jsonl,database\migrations\2026_07_10_013605_add_two_factor_columns_to_users_table.php
database\migrations\2026_07_10_013652_create_personal_access_tokens_table.php,True,18,24,rollout-2026-07-31T11-06-09-019fb659-d8c8-7971-aa5f-6125546bafd1.jsonl;rollout-2026-08-04T08-03-01-019fca4b-9f33-7ca2-beed-c0a735c6d12c.jsonl;rollout-2026-08-04T08-35-38-019fca69-7aad-7c81-a41b-21d9b9b7a3a6.jsonl;rollout-2026-08-04T09-20-33-019fca92-996a-7fb0-beea-942596ee66ef.jsonl;rollout-2026-08-04T10-12-03-019fcac1-c2c1-7fa1-9025-75f407e5c17d.jsonl;rollout-2026-08-04T10-21-58-019fcaca-d45c-71e2-b106-bf99705f2352.jsonl;rollout-2026-08-04T10-34-18-019fcad6-1ecd-7850-99bb-3c6de4e50875.jsonl;rollout-2026-08-04T10-48-23-019fcae3-056d-75d1-92ad-eb777da35982.jsonl;rollout-2026-08-04T11-16-01-019fcafc-52a7-7192-8947-b6108df3e0a0.jsonl;rollout-2026-08-04T11-30-54-019fcb09-f095-73f0-a684-f990ae1268d9.jsonl;rollout-2026-08-04T12-04-05-019fcb28-5502-7851-a2a2-04d6af5ebca0.jsonl;rollout-2026-08-04T12-06-35-019fcb2a-9ce7-77a0-883d-13f05394caa9.jsonl;rollout-2026-08-04T13-25-53-019fcb73-38aa-7dc1-a0e8-ba0bbda0b211.jsonl;rollout-2026-08-04T13-46-54-019fcb86-7621-7113-8c34-e9e4bbbbcec9.jsonl;rollout-2026-08-04T14-54-53-019fcbc4-b3f2-77f3-b7c1-a06a5366e820.jsonl;rollout-2026-08-04T15-01-41-019fcbca-eaed-74d1-bf45-177cdb3f3491.jsonl;rollout-2026-08-04T16-25-55-019fcc18-0915-78d0-ba2c-e6b7a07eb9f1.jsonl;rollout-2026-08-04T20-47-31-019fcd07-8c5b-7af3-b9ec-87cb36d7a952.jsonl,database\migrations\2026_07_10_013652_create_personal_access_tokens_table.php
database\migrations\2026_07_10_060000_keep_only_cod_and_vnpay_payment_methods.php,True,18,58,rollout-2026-07-31T11-06-09-019fb659-d8c8-7971-aa5f-6125546bafd1.jsonl;rollout-2026-08-03T11-06-38-019fc5cd-5f39-7863-a5b2-93a372b3a4ab.jsonl;rollout-2026-08-04T08-35-38-019fca69-7aad-7c81-a41b-21d9b9b7a3a6.jsonl;rollout-2026-08-04T09-20-33-019fca92-996a-7fb0-beea-942596ee66ef.jsonl;rollout-2026-08-04T10-12-03-019fcac1-c2c1-7fa1-9025-75f407e5c17d.jsonl;rollout-2026-08-04T10-21-58-019fcaca-d45c-71e2-b106-bf99705f2352.jsonl;rollout-2026-08-04T10-34-18-019fcad6-1ecd-7850-99bb-3c6de4e50875.jsonl;rollout-2026-08-04T10-48-23-019fcae3-056d-75d1-92ad-eb777da35982.jsonl;rollout-2026-08-04T11-16-01-019fcafc-52a7-7192-8947-b6108df3e0a0.jsonl;rollout-2026-08-04T11-30-54-019fcb09-f095-73f0-a684-f990ae1268d9.jsonl;rollout-2026-08-04T12-04-05-019fcb28-5502-7851-a2a2-04d6af5ebca0.jsonl;rollout-2026-08-04T12-06-35-019fcb2a-9ce7-77a0-883d-13f05394caa9.jsonl;rollout-2026-08-04T13-25-53-019fcb73-38aa-7dc1-a0e8-ba0bbda0b211.jsonl;rollout-2026-08-04T13-46-54-019fcb86-7621-7113-8c34-e9e4bbbbcec9.jsonl;rollout-2026-08-04T14-54-53-019fcbc4-b3f2-77f3-b7c1-a06a5366e820.jsonl;rollout-2026-08-04T15-01-41-019fcbca-eaed-74d1-bf45-177cdb3f3491.jsonl;rollout-2026-08-04T16-25-55-019fcc18-0915-78d0-ba2c-e6b7a07eb9f1.jsonl;rollout-2026-08-04T20-47-31-019fcd07-8c5b-7af3-b9ec-87cb36d7a952.jsonl,database\migrations\2026_07_10_060000_keep_only_cod_and_vnpay_payment_methods.php
database\migrations\2026_08_04_110000_add_cancel_confirmation_fields_to_orders_table.php,True,13,90,rollout-2026-08-04T10-34-18-019fcad6-1ecd-7850-99bb-3c6de4e50875.jsonl;rollout-2026-08-04T10-48-23-019fcae3-056d-75d1-92ad-eb777da35982.jsonl;rollout-2026-08-04T11-16-01-019fcafc-52a7-7192-8947-b6108df3e0a0.jsonl;rollout-2026-08-04T11-30-54-019fcb09-f095-73f0-a684-f990ae1268d9.jsonl;rollout-2026-08-04T12-04-05-019fcb28-5502-7851-a2a2-04d6af5ebca0.jsonl;rollout-2026-08-04T12-06-35-019fcb2a-9ce7-77a0-883d-13f05394caa9.jsonl;rollout-2026-08-04T13-25-53-019fcb73-38aa-7dc1-a0e8-ba0bbda0b211.jsonl;rollout-2026-08-04T13-46-54-019fcb86-7621-7113-8c34-e9e4bbbbcec9.jsonl;rollout-2026-08-04T14-54-53-019fcbc4-b3f2-77f3-b7c1-a06a5366e820.jsonl;rollout-2026-08-04T15-01-41-019fcbca-eaed-74d1-bf45-177cdb3f3491.jsonl;rollout-2026-08-04T15-07-44-019fcbd0-75f1-73c3-a828-838aa341eb82.jsonl;rollout-2026-08-04T16-25-55-019fcc18-0915-78d0-ba2c-e6b7a07eb9f1.jsonl;rollout-2026-08-04T20-47-31-019fcd07-8c5b-7af3-b9ec-87cb36d7a952.jsonl,*** Add File: database/migrations/2026_08_04_110000_add_cancel_confirmation_fields_to_orders_table.php
database\migrations\2026_08_04_113000_add_order_confirmation_email_sent_at_to_orders_table.php,True,8,70,rollout-2026-08-04T10-34-18-019fcad6-1ecd-7850-99bb-3c6de4e50875.jsonl;rollout-2026-08-04T13-25-53-019fcb73-38aa-7dc1-a0e8-ba0bbda0b211.jsonl;rollout-2026-08-04T13-46-54-019fcb86-7621-7113-8c34-e9e4bbbbcec9.jsonl;rollout-2026-08-04T14-54-53-019fcbc4-b3f2-77f3-b7c1-a06a5366e820.jsonl;rollout-2026-08-04T15-01-41-019fcbca-eaed-74d1-bf45-177cdb3f3491.jsonl;rollout-2026-08-04T15-07-44-019fcbd0-75f1-73c3-a828-838aa341eb82.jsonl;rollout-2026-08-04T16-25-55-019fcc18-0915-78d0-ba2c-e6b7a07eb9f1.jsonl;rollout-2026-08-04T20-47-31-019fcd07-8c5b-7af3-b9ec-87cb36d7a952.jsonl,*** Add File: database/migrations/2026_08_04_113000_add_order_confirmation_email_sent_at_to_orders_table.php
database\migrations\2026_08_04_120000_create_try_on_snapshots_table.php,True,11,67,rollout-2026-08-04T11-16-01-019fcafc-52a7-7192-8947-b6108df3e0a0.jsonl;rollout-2026-08-04T11-30-54-019fcb09-f095-73f0-a684-f990ae1268d9.jsonl;rollout-2026-08-04T12-04-05-019fcb28-5502-7851-a2a2-04d6af5ebca0.jsonl;rollout-2026-08-04T12-06-35-019fcb2a-9ce7-77a0-883d-13f05394caa9.jsonl;rollout-2026-08-04T13-25-53-019fcb73-38aa-7dc1-a0e8-ba0bbda0b211.jsonl;rollout-2026-08-04T13-46-54-019fcb86-7621-7113-8c34-e9e4bbbbcec9.jsonl;rollout-2026-08-04T14-54-53-019fcbc4-b3f2-77f3-b7c1-a06a5366e820.jsonl;rollout-2026-08-04T15-01-41-019fcbca-eaed-74d1-bf45-177cdb3f3491.jsonl;rollout-2026-08-04T15-07-44-019fcbd0-75f1-73c3-a828-838aa341eb82.jsonl;rollout-2026-08-04T16-25-55-019fcc18-0915-78d0-ba2c-e6b7a07eb9f1.jsonl;rollout-2026-08-04T20-47-31-019fcd07-8c5b-7af3-b9ec-87cb36d7a952.jsonl,*** Add File: database/migrations/2026_08_04_120000_create_try_on_snapshots_table.php
database\migrations\2026_08_04_130000_add_performance_indexes.php,True,7,103,rollout-2026-08-04T13-25-53-019fcb73-38aa-7dc1-a0e8-ba0bbda0b211.jsonl;rollout-2026-08-04T13-46-54-019fcb86-7621-7113-8c34-e9e4bbbbcec9.jsonl;rollout-2026-08-04T14-54-53-019fcbc4-b3f2-77f3-b7c1-a06a5366e820.jsonl;rollout-2026-08-04T15-01-41-019fcbca-eaed-74d1-bf45-177cdb3f3491.jsonl;rollout-2026-08-04T15-07-44-019fcbd0-75f1-73c3-a828-838aa341eb82.jsonl;rollout-2026-08-04T16-25-55-019fcc18-0915-78d0-ba2c-e6b7a07eb9f1.jsonl;rollout-2026-08-04T20-47-31-019fcd07-8c5b-7af3-b9ec-87cb36d7a952.jsonl,*** Add File: database/migrations/2026_08_04_130000_add_performance_indexes.php
database\migrations\2026_08_04_140000_add_delivered_at_to_orders_table.php,True,5,44,rollout-2026-08-04T14-54-53-019fcbc4-b3f2-77f3-b7c1-a06a5366e820.jsonl;rollout-2026-08-04T15-01-41-019fcbca-eaed-74d1-bf45-177cdb3f3491.jsonl;rollout-2026-08-04T15-07-44-019fcbd0-75f1-73c3-a828-838aa341eb82.jsonl;rollout-2026-08-04T16-25-55-019fcc18-0915-78d0-ba2c-e6b7a07eb9f1.jsonl;rollout-2026-08-04T20-47-31-019fcd07-8c5b-7af3-b9ec-87cb36d7a952.jsonl,*** Add File: database\migrations\2026_08_04_140000_add_delivered_at_to_orders_table.php
database\migrations\2026_08_04_150000_add_purpose_to_password_reset_tokens_table.php,False,2,22,rollout-2026-08-04T15-07-44-019fcbd0-75f1-73c3-a828-838aa341eb82.jsonl;rollout-2026-08-04T20-47-31-019fcd07-8c5b-7af3-b9ec-87cb36d7a952.jsonl,*** Add File: D:\luanvancuoiky\database\migrations\2026_08_04_150000_add_purpose_to_password_reset_tokens_table.php
database\migrations\2026_08_04_151000_merge_return_warehouses_into_normal_type.php,True,3,94,rollout-2026-08-04T15-07-44-019fcbd0-75f1-73c3-a828-838aa341eb82.jsonl;rollout-2026-08-04T16-25-55-019fcc18-0915-78d0-ba2c-e6b7a07eb9f1.jsonl;rollout-2026-08-04T20-47-31-019fcd07-8c5b-7af3-b9ec-87cb36d7a952.jsonl,*** Add File: D:\luanvancuoiky\database\migrations\2026_08_04_151000_merge_return_warehouses_into_normal_type.php
database\migrations\2026_08_04_152000_move_reserved_quantity_into_quantity_and_drop_column.php,True,3,68,rollout-2026-08-04T15-07-44-019fcbd0-75f1-73c3-a828-838aa341eb82.jsonl;rollout-2026-08-04T16-25-55-019fcc18-0915-78d0-ba2c-e6b7a07eb9f1.jsonl;rollout-2026-08-04T20-47-31-019fcd07-8c5b-7af3-b9ec-87cb36d7a952.jsonl,*** Add File: D:\luanvancuoiky\database\migrations\2026_08_04_152000_move_reserved_quantity_into_quantity_and_drop_column.php
database\migrations\2026_08_04_153000_keep_only_import_and_sale_out_stock_transaction_types.php,False,2,28,rollout-2026-08-04T15-07-44-019fcbd0-75f1-73c3-a828-838aa341eb82.jsonl;rollout-2026-08-04T20-47-31-019fcd07-8c5b-7af3-b9ec-87cb36d7a952.jsonl,*** Add File: D:\luanvancuoiky\database\migrations\2026_08_04_153000_keep_only_import_and_sale_out_stock_transaction_types.php
database\migrations\2026_08_04_153000_keep_only_import_export_and_sale_out_stock_transaction_types.php,True,3,56,rollout-2026-08-04T15-07-44-019fcbd0-75f1-73c3-a828-838aa341eb82.jsonl;rollout-2026-08-04T16-25-55-019fcc18-0915-78d0-ba2c-e6b7a07eb9f1.jsonl;rollout-2026-08-04T20-47-31-019fcd07-8c5b-7af3-b9ec-87cb36d7a952.jsonl,*** Move to: database/migrations/2026_08_04_153000_keep_only_import_export_and_sale_out_stock_transaction_types.php
database\migrations\2026_08_04_154000_rename_legacy_stock_transaction_codes_to_pn.php,True,3,54,rollout-2026-08-04T15-07-44-019fcbd0-75f1-73c3-a828-838aa341eb82.jsonl;rollout-2026-08-04T16-25-55-019fcc18-0915-78d0-ba2c-e6b7a07eb9f1.jsonl;rollout-2026-08-04T20-47-31-019fcd07-8c5b-7af3-b9ec-87cb36d7a952.jsonl,*** Add File: database/migrations/2026_08_04_154000_rename_legacy_stock_transaction_codes_to_pn.php
Database\MySqlConnection.php,False,2,18,rollout-2026-08-04T08-35-38-019fca69-7aad-7c81-a41b-21d9b9b7a3a6.jsonl;rollout-2026-08-04T13-46-54-019fcb86-7621-7113-8c34-e9e4bbbbcec9.jsonl,2402:[previous exception] [object] (PDOException(code: 23000): SQLSTATE[23000]: Integrity constraint violation: 1062 Duplicate entry '0916961956' for key 'users.phone' at D:/luanvancuoiky/vendor/laravel/framework/src/Illuminate/Database/MySqlConnection.php:53)
Database\Query\Builder.php,False,3,6,rollout-2026-08-03T11-06-38-019fc5cd-5f39-7863-a5b2-93a372b3a4ab.jsonl;rollout-2026-08-04T11-16-01-019fcafc-52a7-7192-8947-b6108df3e0a0.jsonl;rollout-2026-08-04T13-46-54-019fcb86-7621-7113-8c34-e9e4bbbbcec9.jsonl,"#3 D:/luanvancuoiky/vendor/laravel/framework/src/Illuminate/Database/Query/Builder.php(4321): Illuminate/Database/Connection->update('update `orders`...', Array)"
Database\Query\Processors\MySqlProcessor.php,False,1,2,rollout-2026-08-04T13-46-54-019fcb86-7621-7113-8c34-e9e4bbbbcec9.jsonl,"#2 D:/luanvancuoiky/vendor/laravel/framework/src/Illuminate/Database/Query/Processors/MySqlProcessor.php(35): Illuminate/Database/MySqlConnection->insert('insert into `jo...', Array, NULL)"
Database\Schema\BlueprintState.php,False,1,2,rollout-2026-08-04T13-25-53-019fcb73-38aa-7dc1-a0e8-ba0bbda0b211.jsonl,"vendor\laravel\framework\src\Illuminate\Database\Schema\BlueprintState.php:86:        [$primary, $indexes] = (new Collection($schema->getIndexes($table)))->map(fn ($index) => new IndexDefinition(["
Database\Schema\Builder.php,False,1,6,rollout-2026-08-04T13-25-53-019fcb73-38aa-7dc1-a0e8-ba0bbda0b211.jsonl,"vendor\laravel\framework\src\Illuminate\Database\Schema\Builder.php:338:        if ($this->hasIndex($table, $index, $type)) {"
Database\Schema\Grammars\SQLiteGrammar.php,False,1,2,rollout-2026-08-04T13-25-53-019fcb73-38aa-7dc1-a0e8-ba0bbda0b211.jsonl,vendor\laravel\framework\src\Illuminate\Database\Schema\Grammars\SQLiteGrammar.php:347:        $indexes = (new Collection($blueprint->getState()->getIndexes()))
database\seeders\DatabaseSeeder.php,True,15,18,rollout-2026-07-31T11-06-09-019fb659-d8c8-7971-aa5f-6125546bafd1.jsonl;rollout-2026-08-04T08-35-38-019fca69-7aad-7c81-a41b-21d9b9b7a3a6.jsonl;rollout-2026-08-04T09-20-33-019fca92-996a-7fb0-beea-942596ee66ef.jsonl;rollout-2026-08-04T10-12-03-019fcac1-c2c1-7fa1-9025-75f407e5c17d.jsonl;rollout-2026-08-04T10-21-58-019fcaca-d45c-71e2-b106-bf99705f2352.jsonl;rollout-2026-08-04T10-34-18-019fcad6-1ecd-7850-99bb-3c6de4e50875.jsonl;rollout-2026-08-04T10-48-23-019fcae3-056d-75d1-92ad-eb777da35982.jsonl;rollout-2026-08-04T11-16-01-019fcafc-52a7-7192-8947-b6108df3e0a0.jsonl;rollout-2026-08-04T11-30-54-019fcb09-f095-73f0-a684-f990ae1268d9.jsonl;rollout-2026-08-04T12-06-35-019fcb2a-9ce7-77a0-883d-13f05394caa9.jsonl;rollout-2026-08-04T13-25-53-019fcb73-38aa-7dc1-a0e8-ba0bbda0b211.jsonl;rollout-2026-08-04T13-46-54-019fcb86-7621-7113-8c34-e9e4bbbbcec9.jsonl;rollout-2026-08-04T14-54-53-019fcbc4-b3f2-77f3-b7c1-a06a5366e820.jsonl;rollout-2026-08-04T16-25-55-019fcc18-0915-78d0-ba2c-e6b7a07eb9f1.jsonl;rollout-2026-08-04T20-47-31-019fcd07-8c5b-7af3-b9ec-87cb36d7a952.jsonl,database\seeders\DatabaseSeeder.php
docs\deploy\railway.md,False,2,2,rollout-2026-07-31T11-06-09-019fb659-d8c8-7971-aa5f-6125546bafd1.jsonl;rollout-2026-08-04T13-46-54-019fcb86-7621-7113-8c34-e9e4bbbbcec9.jsonl,D:\luanvancuoiky\docs\deploy\railway.md                                                                                
docs\diagrams\20-7\don-hang-khach-hang\quy-trinh-gui-danh-gia-san-pham.drawio.xml,False,1,1,rollout-2026-07-31T11-06-09-019fb659-d8c8-7971-aa5f-6125546bafd1.jsonl,D:\luanvancuoiky\docs\diagrams\20-7\don-hang-khach-hang\quy-trinh-gui-danh-gia-san-pham.drawio.xml                     
docs\diagrams\20-7\don-hang-khach-hang\quy-trinh-xem-chi-tiet-va-trang-thai-don-hang.drawio.xml,False,1,1,rollout-2026-07-31T11-06-09-019fb659-d8c8-7971-aa5f-6125546bafd1.jsonl,D:\luanvancuoiky\docs\diagrams\20-7\don-hang-khach-hang\quy-trinh-xem-chi-tiet-va-trang-thai-don-hang.drawio.xml       
docs\diagrams\20-7\don-hang-khach-hang\quy-trinh-xem-lich-su-don-hang.drawio.xml,False,1,1,rollout-2026-07-31T11-06-09-019fb659-d8c8-7971-aa5f-6125546bafd1.jsonl,D:\luanvancuoiky\docs\diagrams\20-7\don-hang-khach-hang\quy-trinh-xem-lich-su-don-hang.drawio.xml                      
docs\diagrams\20-7\gio-hang\quy-trinh-cap-nhat-so-luong-san-pham-trong-gio-hang.drawio.xml,False,1,1,rollout-2026-07-31T11-06-09-019fb659-d8c8-7971-aa5f-6125546bafd1.jsonl,D:\luanvancuoiky\docs\diagrams\20-7\gio-hang\quy-trinh-cap-nhat-so-luong-san-pham-trong-gio-hang.drawio.xml            
docs\diagrams\20-7\gio-hang\quy-trinh-them-san-pham-vao-gio-hang.drawio.xml,False,2,10,rollout-2026-07-31T11-06-09-019fb659-d8c8-7971-aa5f-6125546bafd1.jsonl;rollout-2026-08-04T20-47-31-019fcd07-8c5b-7af3-b9ec-87cb36d7a952.jsonl,D:\luanvancuoiky\docs\diagrams\20-7\gio-hang\quy-trinh-them-san-pham-vao-gio-hang.drawio.xml                           
docs\diagrams\20-7\gio-hang\quy-trinh-xem-gio-hang.drawio.xml,False,1,1,rollout-2026-07-31T11-06-09-019fb659-d8c8-7971-aa5f-6125546bafd1.jsonl,D:\luanvancuoiky\docs\diagrams\20-7\gio-hang\quy-trinh-xem-gio-hang.drawio.xml                                         
docs\diagrams\20-7\gio-hang\quy-trinh-xoa-san-pham-khoi-gio-hang.drawio.xml,False,1,1,rollout-2026-07-31T11-06-09-019fb659-d8c8-7971-aa5f-6125546bafd1.jsonl,D:\luanvancuoiky\docs\diagrams\20-7\gio-hang\quy-trinh-xoa-san-pham-khoi-gio-hang.drawio.xml                           
docs\diagrams\20-7\hoan-doi-khach-hang\quy-trinh-tao-yeu-cau-hoan-hoac-doi-san-pham.drawio.xml,False,1,1,rollout-2026-07-31T11-06-09-019fb659-d8c8-7971-aa5f-6125546bafd1.jsonl,D:\luanvancuoiky\docs\diagrams\20-7\hoan-doi-khach-hang\quy-trinh-tao-yeu-cau-hoan-hoac-doi-san-pham.drawio.xml        
docs\diagrams\20-7\quan-ly-banner\quy-trinh-an-banner.drawio.xml,False,1,1,rollout-2026-07-31T11-06-09-019fb659-d8c8-7971-aa5f-6125546bafd1.jsonl,D:\luanvancuoiky\docs\diagrams\20-7\quan-ly-banner\quy-trinh-an-banner.drawio.xml                                      
docs\diagrams\20-7\quan-ly-banner\quy-trinh-sua-banner.drawio.xml,False,1,1,rollout-2026-07-31T11-06-09-019fb659-d8c8-7971-aa5f-6125546bafd1.jsonl,D:\luanvancuoiky\docs\diagrams\20-7\quan-ly-banner\quy-trinh-sua-banner.drawio.xml                                     
docs\diagrams\20-7\quan-ly-banner\quy-trinh-them-banner.drawio.xml,False,1,1,rollout-2026-07-31T11-06-09-019fb659-d8c8-7971-aa5f-6125546bafd1.jsonl,D:\luanvancuoiky\docs\diagrams\20-7\quan-ly-banner\quy-trinh-them-banner.drawio.xml                                    
docs\diagrams\20-7\quan-ly-banner\quy-trinh-xem-tim-kiem-loc-danh-sach-banner.drawio.xml,False,1,1,rollout-2026-07-31T11-06-09-019fb659-d8c8-7971-aa5f-6125546bafd1.jsonl,D:\luanvancuoiky\docs\diagrams\20-7\quan-ly-banner\quy-trinh-xem-tim-kiem-loc-danh-sach-banner.drawio.xml              
docs\diagrams\20-7\quan-ly-danh-gia-san-pham\quy-trinh-cap-nhat-trang-thai-danh-gia.drawio.xml,False,1,1,rollout-2026-07-31T11-06-09-019fb659-d8c8-7971-aa5f-6125546bafd1.jsonl,D:\luanvancuoiky\docs\diagrams\20-7\quan-ly-danh-gia-san-pham\quy-trinh-cap-nhat-trang-thai-danh-gia.drawio.xml        
docs\diagrams\20-7\quan-ly-danh-gia-san-pham\quy-trinh-xem-chi-tiet-danh-gia.drawio.xml,False,1,1,rollout-2026-07-31T11-06-09-019fb659-d8c8-7971-aa5f-6125546bafd1.jsonl,D:\luanvancuoiky\docs\diagrams\20-7\quan-ly-danh-gia-san-pham\quy-trinh-xem-chi-tiet-danh-gia.drawio.xml               
docs\diagrams\20-7\quan-ly-danh-gia-san-pham\quy-trinh-xem-va-loc-danh-sach-danh-gia.drawio.xml,False,1,1,rollout-2026-07-31T11-06-09-019fb659-d8c8-7971-aa5f-6125546bafd1.jsonl,D:\luanvancuoiky\docs\diagrams\20-7\quan-ly-danh-gia-san-pham\quy-trinh-xem-va-loc-danh-sach-danh-gia.drawio.xml       
docs\diagrams\20-7\quan-ly-don-hang\quy-trinh-cap-nhat-trang-thai-don-hang.drawio.xml,False,1,1,rollout-2026-07-31T11-06-09-019fb659-d8c8-7971-aa5f-6125546bafd1.jsonl,D:\luanvancuoiky\docs\diagrams\20-7\quan-ly-don-hang\quy-trinh-cap-nhat-trang-thai-don-hang.drawio.xml                 
docs\diagrams\20-7\quan-ly-don-hang\quy-trinh-huy-don-hang.drawio.xml,False,1,1,rollout-2026-07-31T11-06-09-019fb659-d8c8-7971-aa5f-6125546bafd1.jsonl,D:\luanvancuoiky\docs\diagrams\20-7\quan-ly-don-hang\quy-trinh-huy-don-hang.drawio.xml                                 
docs\diagrams\20-7\quan-ly-don-hang\quy-trinh-xem-chi-tiet-don-hang.drawio.xml,False,1,1,rollout-2026-07-31T11-06-09-019fb659-d8c8-7971-aa5f-6125546bafd1.jsonl,D:\luanvancuoiky\docs\diagrams\20-7\quan-ly-don-hang\quy-trinh-xem-chi-tiet-don-hang.drawio.xml                        
docs\diagrams\20-7\quan-ly-don-hang\quy-trinh-xem-rieng-danh-sach-don-cho-xac-nhan.drawio.xml,False,1,1,rollout-2026-07-31T11-06-09-019fb659-d8c8-7971-aa5f-6125546bafd1.jsonl,D:\luanvancuoiky\docs\diagrams\20-7\quan-ly-don-hang\quy-trinh-xem-rieng-danh-sach-don-cho-xac-nhan.drawio.xml         
docs\diagrams\20-7\quan-ly-don-hang\quy-trinh-xem-tim-kiem-loc-danh-sach-don-hang.drawio.xml,False,1,1,rollout-2026-07-31T11-06-09-019fb659-d8c8-7971-aa5f-6125546bafd1.jsonl,D:\luanvancuoiky\docs\diagrams\20-7\quan-ly-don-hang\quy-trinh-xem-tim-kiem-loc-danh-sach-don-hang.drawio.xml          
docs\diagrams\20-7\quan-ly-kho-hang\quy-trinh-tao-phieu-giao-dich-kho.drawio.xml,False,1,1,rollout-2026-07-31T11-06-09-019fb659-d8c8-7971-aa5f-6125546bafd1.jsonl,D:\luanvancuoiky\docs\diagrams\20-7\quan-ly-kho-hang\quy-trinh-tao-phieu-giao-dich-kho.drawio.xml                      
docs\diagrams\20-7\quan-ly-kho-hang\quy-trinh-xem-loc-danh-sach-phieu-kho.drawio.xml,False,1,1,rollout-2026-07-31T11-06-09-019fb659-d8c8-7971-aa5f-6125546bafd1.jsonl,D:\luanvancuoiky\docs\diagrams\20-7\quan-ly-kho-hang\quy-trinh-xem-loc-danh-sach-phieu-kho.drawio.xml                  
docs\diagrams\20-7\quan-ly-khuyen-mai\quy-trinh-bat-hoac-tat-trang-thai-khuyen-mai.drawio.xml,False,1,1,rollout-2026-07-31T11-06-09-019fb659-d8c8-7971-aa5f-6125546bafd1.jsonl,D:\luanvancuoiky\docs\diagrams\20-7\quan-ly-khuyen-mai\quy-trinh-bat-hoac-tat-trang-thai-khuyen-mai.drawio.xml         
docs\diagrams\20-7\quan-ly-khuyen-mai\quy-trinh-them-chuong-trinh-khuyen-mai.drawio.xml,False,1,1,rollout-2026-07-31T11-06-09-019fb659-d8c8-7971-aa5f-6125546bafd1.jsonl,D:\luanvancuoiky\docs\diagrams\20-7\quan-ly-khuyen-mai\quy-trinh-them-chuong-trinh-khuyen-mai.drawio.xml               
docs\diagrams\20-7\quan-ly-san-pham\quy-trinh-an-san-pham.drawio.xml,False,1,1,rollout-2026-07-31T11-06-09-019fb659-d8c8-7971-aa5f-6125546bafd1.jsonl,D:\luanvancuoiky\docs\diagrams\20-7\quan-ly-san-pham\quy-trinh-an-san-pham.drawio.xml                                  
docs\diagrams\20-7\quan-ly-san-pham\quy-trinh-sua-thong-tin-san-pham.drawio.xml,False,1,1,rollout-2026-07-31T11-06-09-019fb659-d8c8-7971-aa5f-6125546bafd1.jsonl,D:\luanvancuoiky\docs\diagrams\20-7\quan-ly-san-pham\quy-trinh-sua-thong-tin-san-pham.drawio.xml                       
docs\diagrams\20-7\quan-ly-san-pham\quy-trinh-them-san-pham.drawio.xml,False,1,6,rollout-2026-07-31T11-06-09-019fb659-d8c8-7971-aa5f-6125546bafd1.jsonl,D:\luanvancuoiky\docs\diagrams\20-7\quan-ly-san-pham\quy-trinh-them-san-pham.drawio.xml                                
docs\diagrams\20-7\quan-ly-san-pham\quy-trinh-xem-thung-luu-tru-san-pham.drawio.xml,False,2,2,rollout-2026-07-31T11-06-09-019fb659-d8c8-7971-aa5f-6125546bafd1.jsonl;rollout-2026-08-04T20-47-31-019fcd07-8c5b-7af3-b9ec-87cb36d7a952.jsonl,D:\luanvancuoiky\docs\diagrams\20-7\quan-ly-san-pham\quy-trinh-xem-thung-luu-tru-san-pham.drawio.xml                   
docs\diagrams\20-7\quan-ly-san-pham\quy-trinh-xem-tim-kiem-loc-danh-sach-san-pham.drawio.xml,False,1,1,rollout-2026-07-31T11-06-09-019fb659-d8c8-7971-aa5f-6125546bafd1.jsonl,D:\luanvancuoiky\docs\diagrams\20-7\quan-ly-san-pham\quy-trinh-xem-tim-kiem-loc-danh-sach-san-pham.drawio.xml          
docs\diagrams\20-7\quan-ly-thanh-vien\quy-trinh-khoa-hoac-mo-khoa-tai-khoan.drawio.xml,False,1,1,rollout-2026-07-31T11-06-09-019fb659-d8c8-7971-aa5f-6125546bafd1.jsonl,D:\luanvancuoiky\docs\diagrams\20-7\quan-ly-thanh-vien\quy-trinh-khoa-hoac-mo-khoa-tai-khoan.drawio.xml                
docs\diagrams\20-7\quan-ly-thanh-vien\quy-trinh-sua-thong-tin-va-phan-quyen-tai-khoan.drawio.xml,False,2,2,rollout-2026-07-31T11-06-09-019fb659-d8c8-7971-aa5f-6125546bafd1.jsonl;rollout-2026-08-04T13-46-54-019fcb86-7621-7113-8c34-e9e4bbbbcec9.jsonl,D:\luanvancuoiky\docs\diagrams\20-7\quan-ly-thanh-vien\quy-trinh-sua-thong-tin-va-phan-quyen-tai-khoan.drawio.xml      
docs\diagrams\20-7\quan-ly-thanh-vien\quy-trinh-them-tai-khoan.drawio.xml,False,1,1,rollout-2026-07-31T11-06-09-019fb659-d8c8-7971-aa5f-6125546bafd1.jsonl,D:\luanvancuoiky\docs\diagrams\20-7\quan-ly-thanh-vien\quy-trinh-them-tai-khoan.drawio.xml                             
docs\diagrams\20-7\tai-khoan-khach-hang\quy-trinh-cap-nhat-ho-so-ca-nhan.drawio.xml,False,1,1,rollout-2026-07-31T11-06-09-019fb659-d8c8-7971-aa5f-6125546bafd1.jsonl,D:\luanvancuoiky\docs\diagrams\20-7\tai-khoan-khach-hang\quy-trinh-cap-nhat-ho-so-ca-nhan.drawio.xml                   
docs\diagrams\20-7\tai-khoan-khach-hang\quy-trinh-sua-dia-chi-nhan-hang.drawio.xml,False,1,1,rollout-2026-07-31T11-06-09-019fb659-d8c8-7971-aa5f-6125546bafd1.jsonl,D:\luanvancuoiky\docs\diagrams\20-7\tai-khoan-khach-hang\quy-trinh-sua-dia-chi-nhan-hang.drawio.xml                    
docs\diagrams\20-7\tai-khoan-khach-hang\quy-trinh-them-dia-chi-nhan-hang.drawio.xml,False,1,1,rollout-2026-07-31T11-06-09-019fb659-d8c8-7971-aa5f-6125546bafd1.jsonl,D:\luanvancuoiky\docs\diagrams\20-7\tai-khoan-khach-hang\quy-trinh-them-dia-chi-nhan-hang.drawio.xml                   
docs\diagrams\20-7\tai-khoan-khach-hang\quy-trinh-xoa-dia-chi-nhan-hang.drawio.xml,False,1,1,rollout-2026-07-31T11-06-09-019fb659-d8c8-7971-aa5f-6125546bafd1.jsonl,D:\luanvancuoiky\docs\diagrams\20-7\tai-khoan-khach-hang\quy-trinh-xoa-dia-chi-nhan-hang.drawio.xml                    
docs\diagrams\20-7\thanh-toan-khach-hang\quy-trinh-ap-dung-ma-giam-gia.drawio.xml,False,1,1,rollout-2026-07-31T11-06-09-019fb659-d8c8-7971-aa5f-6125546bafd1.jsonl,D:\luanvancuoiky\docs\diagrams\20-7\thanh-toan-khach-hang\quy-trinh-ap-dung-ma-giam-gia.drawio.xml                     
docs\diagrams\20-7\thanh-toan-khach-hang\quy-trinh-chon-dia-chi-nhan-hang.drawio.xml,False,1,1,rollout-2026-07-31T11-06-09-019fb659-d8c8-7971-aa5f-6125546bafd1.jsonl,D:\luanvancuoiky\docs\diagrams\20-7\thanh-toan-khach-hang\quy-trinh-chon-dia-chi-nhan-hang.drawio.xml                  
docs\diagrams\20-7\thanh-toan-khach-hang\quy-trinh-dat-hang-thanh-toan-cod-hoac-vnpay.drawio.xml,False,1,7,rollout-2026-07-31T11-06-09-019fb659-d8c8-7971-aa5f-6125546bafd1.jsonl,D:\luanvancuoiky\docs\diagrams\20-7\thanh-toan-khach-hang\quy-trinh-dat-hang-thanh-toan-cod-hoac-vnpay.drawio.xml      
docs\diagrams\20-7\thanh-toan-khach-hang\quy-trinh-tiep-nhan-xu-ly-ket-qua-thanh-toan-vnpay.drawio.xml,False,1,1,rollout-2026-07-31T11-06-09-019fb659-d8c8-7971-aa5f-6125546bafd1.jsonl,D:\luanvancuoiky\docs\diagrams\20-7\thanh-toan-khach-hang\quy-trinh-tiep-nhan-xu-ly-ket-qua-thanh-toan-vnpay.drawio.xml
docs\diagrams\20-7\thanh-toan-khach-hang\quy-trinh-xem-trang-thanh-toan.drawio.xml,False,1,1,rollout-2026-07-31T11-06-09-019fb659-d8c8-7971-aa5f-6125546bafd1.jsonl,D:\luanvancuoiky\docs\diagrams\20-7\thanh-toan-khach-hang\quy-trinh-xem-trang-thanh-toan.drawio.xml                    
docs\diagrams\20-7\thanh-toan-khach-hang\quy-trinh-xoa-ma-giam-gia-da-ap-dung.drawio.xml,False,1,1,rollout-2026-07-31T11-06-09-019fb659-d8c8-7971-aa5f-6125546bafd1.jsonl,D:\luanvancuoiky\docs\diagrams\20-7\thanh-toan-khach-hang\quy-trinh-xoa-ma-giam-gia-da-ap-dung.drawio.xml              
docs\diagrams\20-7\tim-kiem-thu-kinh\quy-trinh-thu-kinh-truc-tuyen-virtual-try-on.drawio.xml,False,1,13,rollout-2026-07-31T11-06-09-019fb659-d8c8-7971-aa5f-6125546bafd1.jsonl,D:\luanvancuoiky\docs\diagrams\20-7\tim-kiem-thu-kinh\quy-trinh-thu-kinh-truc-tuyen-virtual-try-on.drawio.xml          
docs\diagrams\20-7\tim-kiem-thu-kinh\quy-trinh-tim-kiem-loc-sap-xep-san-pham.drawio.xml,False,1,2,rollout-2026-07-31T11-06-09-019fb659-d8c8-7971-aa5f-6125546bafd1.jsonl,D:\luanvancuoiky\docs\diagrams\20-7\tim-kiem-thu-kinh\quy-trinh-tim-kiem-loc-sap-xep-san-pham.drawio.xml               
docs\diagrams\20-7\xu-ly-yeu-cau-hoan-doi-tra-hang\quy-trinh-xem-chi-tiet-yeu-cau-hoan-doi.drawio.xml,False,1,1,rollout-2026-07-31T11-06-09-019fb659-d8c8-7971-aa5f-6125546bafd1.jsonl,D:\luanvancuoiky\docs\diagrams\20-7\xu-ly-yeu-cau-hoan-doi-tra-hang\quy-trinh-xem-chi-tiet-yeu-cau-hoan-doi.drawio.xml 
docs\diagrams\20-7\xu-ly-yeu-cau-hoan-doi-tra-hang\quy-trinh-xu-ly-cap-nhat-ket-qua-yeu-cau-hoan-doi.drawio.xml,False,1,5,rollout-2026-07-31T11-06-09-019fb659-d8c8-7971-aa5f-6125546bafd1.jsonl,## quy-trinh-xu-ly-cap-nhat-ket-qua-yeu-cau-hoan-doi.drawio.xml: d:\luanvancuoiky\docs\diagrams\20-7\xu-ly-yeu-cau-hoan-doi-tra-hang\quy-trinh-xu-ly-cap-nhat-ket-qua-yeu-cau-hoan-doi.drawio.xml
docs\diagrams\_7__19__2026___20_02_PM_so-do-erd-uml-bo-cuc-khong-giao-nhau.drawio.xml,False,1,1,rollout-2026-08-04T20-47-31-019fcd07-8c5b-7af3-b9ec-87cb36d7a952.jsonl,docs\diagrams\_7__19__2026___20_02_PM_so-do-erd-uml-bo-cuc-khong-giao-nhau.drawio.xml
docs\diagrams\ban-gop-cu\quy-trinh-doi-mat-khau-quen-mat-khau.drawio.xml,False,1,1,rollout-2026-07-31T11-06-09-019fb659-d8c8-7971-aa5f-6125546bafd1.jsonl,D:\luanvancuoiky\docs\diagrams\ban-gop-cu\quy-trinh-doi-mat-khau-quen-mat-khau.drawio.xml                              
docs\diagrams\ban-gop-cu\quy-trinh-nhap-raw-po.drawio.xml,False,1,1,rollout-2026-07-31T11-06-09-019fb659-d8c8-7971-aa5f-6125546bafd1.jsonl,D:\luanvancuoiky\docs\diagrams\ban-gop-cu\quy-trinh-nhap-raw-po.drawio.xml                                             
docs\diagrams\ban-gop-cu\quy-trinh-quan-ly-bai-viet-va-chuyen-muc-bai-viet.drawio.xml,False,1,1,rollout-2026-07-31T11-06-09-019fb659-d8c8-7971-aa5f-6125546bafd1.jsonl,D:\luanvancuoiky\docs\diagrams\ban-gop-cu\quy-trinh-quan-ly-bai-viet-va-chuyen-muc-bai-viet.drawio.xml                 
docs\diagrams\ban-gop-cu\quy-trinh-quan-ly-danh-gia-san-pham.drawio.xml,False,1,1,rollout-2026-07-31T11-06-09-019fb659-d8c8-7971-aa5f-6125546bafd1.jsonl,D:\luanvancuoiky\docs\diagrams\ban-gop-cu\quy-trinh-quan-ly-danh-gia-san-pham.drawio.xml                               
docs\diagrams\ban-gop-cu\quy-trinh-quan-ly-danh-muc-san-pham.drawio.xml,False,1,1,rollout-2026-07-31T11-06-09-019fb659-d8c8-7971-aa5f-6125546bafd1.jsonl,D:\luanvancuoiky\docs\diagrams\ban-gop-cu\quy-trinh-quan-ly-danh-muc-san-pham.drawio.xml                               
docs\diagrams\ban-gop-cu\quy-trinh-quan-ly-don-hang.drawio.xml,False,1,1,rollout-2026-07-31T11-06-09-019fb659-d8c8-7971-aa5f-6125546bafd1.jsonl,D:\luanvancuoiky\docs\diagrams\ban-gop-cu\quy-trinh-quan-ly-don-hang.drawio.xml                                        
docs\diagrams\ban-gop-cu\quy-trinh-quan-ly-san-pham.drawio.xml,False,1,1,rollout-2026-07-31T11-06-09-019fb659-d8c8-7971-aa5f-6125546bafd1.jsonl,D:\luanvancuoiky\docs\diagrams\ban-gop-cu\quy-trinh-quan-ly-san-pham.drawio.xml                                        
docs\diagrams\ban-gop-cu\quy-trinh-tim-kiem-loc-va-xem-chi-tiet-san-pham.drawio.xml,False,1,1,rollout-2026-07-31T11-06-09-019fb659-d8c8-7971-aa5f-6125546bafd1.jsonl,D:\luanvancuoiky\docs\diagrams\ban-gop-cu\quy-trinh-tim-kiem-loc-va-xem-chi-tiet-san-pham.drawio.xml                   
docs\diagrams\ban-gop-cu\quy-trinh-xu-ly-yeu-cau-hoan-doi-tra-hang.drawio.xml,False,1,1,rollout-2026-07-31T11-06-09-019fb659-d8c8-7971-aa5f-6125546bafd1.jsonl,D:\luanvancuoiky\docs\diagrams\ban-gop-cu\quy-trinh-xu-ly-yeu-cau-hoan-doi-tra-hang.drawio.xml                         
docs\diagrams\dang-nhap-dang-ky-va-mat-khau\quy-trinh-dang-ky-khach-hang.drawio.xml,False,1,11,rollout-2026-07-31T11-06-09-019fb659-d8c8-7971-aa5f-6125546bafd1.jsonl,D:\luanvancuoiky\docs\diagrams\dang-nhap-dang-ky-va-mat-khau\quy-trinh-dang-ky-khach-hang.drawio.xml                   
docs\diagrams\dang-nhap-dang-ky-va-mat-khau\quy-trinh-dang-nhap-dang-xuat-khach-hang.drawio.xml,False,1,11,rollout-2026-07-31T11-06-09-019fb659-d8c8-7971-aa5f-6125546bafd1.jsonl,D:\luanvancuoiky\docs\diagrams\dang-nhap-dang-ky-va-mat-khau\quy-trinh-dang-nhap-dang-xuat-khach-hang.drawio.xml       
docs\diagrams\dang-nhap-dang-ky-va-mat-khau\quy-trinh-dang-nhap-dang-xuat-quan-tri-vien.drawio.xml,False,1,2,rollout-2026-07-31T11-06-09-019fb659-d8c8-7971-aa5f-6125546bafd1.jsonl,D:\luanvancuoiky\docs\diagrams\dang-nhap-dang-ky-va-mat-khau\quy-trinh-dang-nhap-dang-xuat-quan-tri-vien.drawio.xml    
docs\diagrams\dang-nhap-dang-ky-va-mat-khau\quy-trinh-doi-mat-khau.drawio.xml,False,2,6,rollout-2026-07-31T11-06-09-019fb659-d8c8-7971-aa5f-6125546bafd1.jsonl;rollout-2026-08-04T13-46-54-019fcb86-7621-7113-8c34-e9e4bbbbcec9.jsonl,D:\luanvancuoiky\docs\diagrams\dang-nhap-dang-ky-va-mat-khau\quy-trinh-doi-mat-khau.drawio.xml                         
docs\diagrams\dang-nhap-dang-ky-va-mat-khau\quy-trinh-quen-mat-khau-va-khoi-phuc-mat-khau.drawio.xml,False,2,3,rollout-2026-07-31T11-06-09-019fb659-d8c8-7971-aa5f-6125546bafd1.jsonl;rollout-2026-08-04T13-46-54-019fcb86-7621-7113-8c34-e9e4bbbbcec9.jsonl,D:\luanvancuoiky\docs\diagrams\dang-nhap-dang-ky-va-mat-khau\quy-trinh-quen-mat-khau-va-khoi-phuc-mat-khau.drawio.xml  
docs\diagrams\erd\2026-07-23\so-do-chuc-nang-tong-quat-web-ban-mat-kinh.drawio,False,1,1,rollout-2026-07-31T11-06-09-019fb659-d8c8-7971-aa5f-6125546bafd1.jsonl,D:\luanvancuoiky\docs\diagrams\erd\2026-07-23\so-do-chuc-nang-tong-quat-web-ban-mat-kinh.drawio                        
docs\diagrams\erd\2026-07-23\so-do-erd-uml-theo-chuc-nang.drawio.xml,False,3,9,rollout-2026-07-31T11-06-09-019fb659-d8c8-7971-aa5f-6125546bafd1.jsonl;rollout-2026-08-04T08-35-38-019fca69-7aad-7c81-a41b-21d9b9b7a3a6.jsonl;rollout-2026-08-04T13-46-54-019fcb86-7621-7113-8c34-e9e4bbbbcec9.jsonl,D:\luanvancuoiky\docs\diagrams\erd\2026-07-23\so-do-erd-uml-theo-chuc-nang.drawio.xml                                  
docs\diagrams\erd\2026-07-23\so_do_erd_luanvan_ban_mat_kinh_theo_chuc_nang.drawio,False,3,96,rollout-2026-07-31T11-06-09-019fb659-d8c8-7971-aa5f-6125546bafd1.jsonl;rollout-2026-08-04T08-35-38-019fca69-7aad-7c81-a41b-21d9b9b7a3a6.jsonl;rollout-2026-08-04T13-46-54-019fcb86-7621-7113-8c34-e9e4bbbbcec9.jsonl,D:\luanvancuoiky\docs\diagrams\erd\2026-07-23\so_do_erd_luanvan_ban_mat_kinh_theo_chuc_nang.drawio                     
docs\diagrams\erd\so-do-erd-uml-bo-cuc-khong-giao-nhau.drawio.xml,False,2,4,rollout-2026-07-31T11-06-09-019fb659-d8c8-7971-aa5f-6125546bafd1.jsonl;rollout-2026-08-04T08-35-38-019fca69-7aad-7c81-a41b-21d9b9b7a3a6.jsonl,D:\luanvancuoiky\docs\diagrams\erd\so-do-erd-uml-bo-cuc-khong-giao-nhau.drawio.xml                                     
docs\diagrams\quan-ly-bai-viet\quy-trinh-an-bai-viet.drawio.xml,False,1,1,rollout-2026-07-31T11-06-09-019fb659-d8c8-7971-aa5f-6125546bafd1.jsonl,D:\luanvancuoiky\docs\diagrams\quan-ly-bai-viet\quy-trinh-an-bai-viet.drawio.xml                                       
docs\diagrams\quan-ly-bai-viet\quy-trinh-sua-bai-viet.drawio.xml,False,1,1,rollout-2026-07-31T11-06-09-019fb659-d8c8-7971-aa5f-6125546bafd1.jsonl,D:\luanvancuoiky\docs\diagrams\quan-ly-bai-viet\quy-trinh-sua-bai-viet.drawio.xml                                      
docs\diagrams\quan-ly-bai-viet\quy-trinh-them-bai-viet.drawio.xml,False,1,1,rollout-2026-07-31T11-06-09-019fb659-d8c8-7971-aa5f-6125546bafd1.jsonl,D:\luanvancuoiky\docs\diagrams\quan-ly-bai-viet\quy-trinh-them-bai-viet.drawio.xml                                     
docs\diagrams\quan-ly-bai-viet\quy-trinh-xem-danh-sach-bai-viet.drawio.xml,False,1,1,rollout-2026-07-31T11-06-09-019fb659-d8c8-7971-aa5f-6125546bafd1.jsonl,D:\luanvancuoiky\docs\diagrams\quan-ly-bai-viet\quy-trinh-xem-danh-sach-bai-viet.drawio.xml                            
docs\diagrams\quan-ly-chuyen-muc-bai-viet\quy-trinh-an-chuyen-muc-bai-viet.drawio.xml,False,1,1,rollout-2026-07-31T11-06-09-019fb659-d8c8-7971-aa5f-6125546bafd1.jsonl,D:\luanvancuoiky\docs\diagrams\quan-ly-chuyen-muc-bai-viet\quy-trinh-an-chuyen-muc-bai-viet.drawio.xml                 
docs\diagrams\quan-ly-chuyen-muc-bai-viet\quy-trinh-sua-chuyen-muc-bai-viet.drawio.xml,False,1,1,rollout-2026-07-31T11-06-09-019fb659-d8c8-7971-aa5f-6125546bafd1.jsonl,D:\luanvancuoiky\docs\diagrams\quan-ly-chuyen-muc-bai-viet\quy-trinh-sua-chuyen-muc-bai-viet.drawio.xml                
docs\diagrams\quan-ly-chuyen-muc-bai-viet\quy-trinh-them-chuyen-muc-bai-viet.drawio.xml,False,1,1,rollout-2026-07-31T11-06-09-019fb659-d8c8-7971-aa5f-6125546bafd1.jsonl,D:\luanvancuoiky\docs\diagrams\quan-ly-chuyen-muc-bai-viet\quy-trinh-them-chuyen-muc-bai-viet.drawio.xml               
docs\diagrams\quan-ly-chuyen-muc-bai-viet\quy-trinh-xem-danh-sach-chuyen-muc-bai-viet.drawio.xml,False,1,1,rollout-2026-07-31T11-06-09-019fb659-d8c8-7971-aa5f-6125546bafd1.jsonl,D:\luanvancuoiky\docs\diagrams\quan-ly-chuyen-muc-bai-viet\quy-trinh-xem-danh-sach-chuyen-muc-bai-viet.drawio.xml      
docs\diagrams\quan-ly-danh-gia-san-pham\quy-trinh-an-hien-nhanh-danh-gia.drawio.xml,False,1,1,rollout-2026-07-31T11-06-09-019fb659-d8c8-7971-aa5f-6125546bafd1.jsonl,D:\luanvancuoiky\docs\diagrams\quan-ly-danh-gia-san-pham\quy-trinh-an-hien-nhanh-danh-gia.drawio.xml                   
docs\diagrams\quan-ly-danh-gia-san-pham\quy-trinh-cap-nhat-trang-thai-danh-gia.drawio.xml,False,1,1,rollout-2026-07-31T11-06-09-019fb659-d8c8-7971-aa5f-6125546bafd1.jsonl,D:\luanvancuoiky\docs\diagrams\quan-ly-danh-gia-san-pham\quy-trinh-cap-nhat-trang-thai-danh-gia.drawio.xml             
docs\diagrams\quan-ly-danh-gia-san-pham\quy-trinh-xem-chi-tiet-danh-gia.drawio.xml,False,1,1,rollout-2026-07-31T11-06-09-019fb659-d8c8-7971-aa5f-6125546bafd1.jsonl,D:\luanvancuoiky\docs\diagrams\quan-ly-danh-gia-san-pham\quy-trinh-xem-chi-tiet-danh-gia.drawio.xml                    
docs\diagrams\quan-ly-danh-gia-san-pham\quy-trinh-xem-tim-kiem-loc-danh-sach-danh-gia.drawio.xml,False,1,1,rollout-2026-07-31T11-06-09-019fb659-d8c8-7971-aa5f-6125546bafd1.jsonl,D:\luanvancuoiky\docs\diagrams\quan-ly-danh-gia-san-pham\quy-trinh-xem-tim-kiem-loc-danh-sach-danh-gia.drawio.xml      
docs\diagrams\quan-ly-danh-muc-san-pham\quy-trinh-an-danh-muc.drawio.xml,False,1,1,rollout-2026-07-31T11-06-09-019fb659-d8c8-7971-aa5f-6125546bafd1.jsonl,D:\luanvancuoiky\docs\diagrams\quan-ly-danh-muc-san-pham\quy-trinh-an-danh-muc.drawio.xml                              
docs\diagrams\quan-ly-danh-muc-san-pham\quy-trinh-sua-danh-muc.drawio.xml,False,1,1,rollout-2026-07-31T11-06-09-019fb659-d8c8-7971-aa5f-6125546bafd1.jsonl,D:\luanvancuoiky\docs\diagrams\quan-ly-danh-muc-san-pham\quy-trinh-sua-danh-muc.drawio.xml                             
docs\diagrams\quan-ly-danh-muc-san-pham\quy-trinh-them-danh-muc.drawio.xml,False,1,1,rollout-2026-07-31T11-06-09-019fb659-d8c8-7971-aa5f-6125546bafd1.jsonl,D:\luanvancuoiky\docs\diagrams\quan-ly-danh-muc-san-pham\quy-trinh-them-danh-muc.drawio.xml                            
docs\diagrams\quan-ly-danh-muc-san-pham\quy-trinh-xem-danh-sach-danh-muc.drawio.xml,False,1,1,rollout-2026-07-31T11-06-09-019fb659-d8c8-7971-aa5f-6125546bafd1.jsonl,D:\luanvancuoiky\docs\diagrams\quan-ly-danh-muc-san-pham\quy-trinh-xem-danh-sach-danh-muc.drawio.xml                   
docs\diagrams\quan-ly-don-hang\quy-trinh-cap-nhat-trang-thai-don-hang.drawio.xml,False,1,1,rollout-2026-07-31T11-06-09-019fb659-d8c8-7971-aa5f-6125546bafd1.jsonl,D:\luanvancuoiky\docs\diagrams\quan-ly-don-hang\quy-trinh-cap-nhat-trang-thai-don-hang.drawio.xml                      
docs\diagrams\quan-ly-don-hang\quy-trinh-huy-don-hang.drawio.xml,False,1,1,rollout-2026-07-31T11-06-09-019fb659-d8c8-7971-aa5f-6125546bafd1.jsonl,D:\luanvancuoiky\docs\diagrams\quan-ly-don-hang\quy-trinh-huy-don-hang.drawio.xml                                      
docs\diagrams\quan-ly-don-hang\quy-trinh-xem-chi-tiet-don-hang.drawio.xml,False,1,1,rollout-2026-07-31T11-06-09-019fb659-d8c8-7971-aa5f-6125546bafd1.jsonl,D:\luanvancuoiky\docs\diagrams\quan-ly-don-hang\quy-trinh-xem-chi-tiet-don-hang.drawio.xml                             
docs\diagrams\quan-ly-don-hang\quy-trinh-xem-tim-kiem-loc-danh-sach-don-hang.drawio.xml,False,1,1,rollout-2026-07-31T11-06-09-019fb659-d8c8-7971-aa5f-6125546bafd1.jsonl,D:\luanvancuoiky\docs\diagrams\quan-ly-don-hang\quy-trinh-xem-tim-kiem-loc-danh-sach-don-hang.drawio.xml               
docs\diagrams\quan-ly-kho\quy-trinh-nhap-raw-po.drawio.xml,False,1,1,rollout-2026-08-04T20-47-31-019fcd07-8c5b-7af3-b9ec-87cb36d7a952.jsonl,docs\diagrams\quan-ly-kho\quy-trinh-nhap-raw-po.drawio.xml
docs\diagrams\quan-ly-san-pham\quy-trinh-an-san-pham.drawio.xml,False,1,1,rollout-2026-07-31T11-06-09-019fb659-d8c8-7971-aa5f-6125546bafd1.jsonl,D:\luanvancuoiky\docs\diagrams\quan-ly-san-pham\quy-trinh-an-san-pham.drawio.xml                                       
docs\diagrams\quan-ly-san-pham\quy-trinh-sua-thong-tin-san-pham.drawio.xml,False,1,1,rollout-2026-07-31T11-06-09-019fb659-d8c8-7971-aa5f-6125546bafd1.jsonl,D:\luanvancuoiky\docs\diagrams\quan-ly-san-pham\quy-trinh-sua-thong-tin-san-pham.drawio.xml                            
docs\diagrams\quan-ly-san-pham\quy-trinh-them-san-pham.drawio.xml,False,1,1,rollout-2026-07-31T11-06-09-019fb659-d8c8-7971-aa5f-6125546bafd1.jsonl,D:\luanvancuoiky\docs\diagrams\quan-ly-san-pham\quy-trinh-them-san-pham.drawio.xml                                     
docs\diagrams\quan-ly-san-pham\quy-trinh-xem-tim-kiem-loc-danh-sach-san-pham.drawio.xml,False,1,1,rollout-2026-07-31T11-06-09-019fb659-d8c8-7971-aa5f-6125546bafd1.jsonl,D:\luanvancuoiky\docs\diagrams\quan-ly-san-pham\quy-trinh-xem-tim-kiem-loc-danh-sach-san-pham.drawio.xml               
docs\diagrams\quy-trinh-dang-ky-khach-hang.drawio.xml,False,1,1,rollout-2026-08-04T20-47-31-019fcd07-8c5b-7af3-b9ec-87cb36d7a952.jsonl,"¯                                            ¼+‚þ%history.entries[{""editor"":{""resource"":""file:///d%3A/luanvancuoiky/public/upload/logo/logo-kinh.png"",""options"":{""override"":""imagePreview.previewEditor""}}},{""editor"":{""resource"":""file:///d%3A/luanvancuoiky/reso"
docs\diagrams\quy-trinh-dang-nhap-dang-xuat-khach-hang.drawio.xml,False,1,1,rollout-2026-08-04T20-47-31-019fcd07-8c5b-7af3-b9ec-87cb36d7a952.jsonl,docs\diagrams\quy-trinh-dang-nhap-dang-xuat-khach-hang.drawio.xml
docs\diagrams\quy-trinh-nhap-raw-po.drawio.xml,False,1,2,rollout-2026-08-04T20-47-31-019fcd07-8c5b-7af3-b9ec-87cb36d7a952.jsonl,docs\diagrams\quy-trinh-nhap-raw-po.drawio.xml
docs\diagrams\recovered-before-antigravity\uc_giohang_dathang_thanhtoan.drawio,True,1,1,rollout-2026-08-04T20-47-31-019fcd07-8c5b-7af3-b9ec-87cb36d7a952.jsonl,         5\docs\diagrams\recovered-before-antigravity\uc_giohang_dathang_thanhtoan.drawio on line 53 Errors parsing D:\
docs\diagrams\recovered-before-antigravity\uc_quanly_donhang.drawio,True,1,2,rollout-2026-08-04T20-47-31-019fcd07-8c5b-7af3-b9ec-87cb36d7a952.jsonl,         5\docs\diagrams\recovered-before-antigravity\uc_quanly_donhang.drawio on line 51 Errors parsing D:\luanvancuoi
docs\diagrams\recovered-before-antigravity\uc_quanly_khachhang_phanquyen.drawio,True,1,1,rollout-2026-08-04T20-47-31-019fcd07-8c5b-7af3-b9ec-87cb36d7a952.jsonl,         5\docs\diagrams\recovered-before-antigravity\uc_quanly_khachhang_phanquyen.drawio on line 2 Errors parsing D:\
docs\diagrams\recovered-before-antigravity\uc_quanly_khuyenmai.drawio,True,1,1,rollout-2026-08-04T20-47-31-019fcd07-8c5b-7af3-b9ec-87cb36d7a952.jsonl,         2145\docs\diagrams\recovered-before-antigravity\uc_quanly_khuyenmai.drawio on line 172 Errors parsing D:\luanv
docs\diagrams\recovered-before-antigravity\uc_quanly_sanpham.drawio,True,1,2,rollout-2026-08-04T20-47-31-019fcd07-8c5b-7af3-b9ec-87cb36d7a952.jsonl,         5\docs\diagrams\recovered-before-antigravity\uc_quanly_sanpham.drawio on line 63 Errors parsing D:\luanvancuoi
docs\diagrams\recovered-before-antigravity\uc_taikhoan.drawio,True,1,1,rollout-2026-08-04T20-47-31-019fcd07-8c5b-7af3-b9ec-87cb36d7a952.jsonl,         _20260804_2145\docs\diagrams\recovered-before-antigravity\uc_taikhoan.drawio
docs\diagrams\recovered-before-antigravity\use-case.drawio,True,1,5,rollout-2026-08-04T20-47-31-019fcd07-8c5b-7af3-b9ec-87cb36d7a952.jsonl,docs\diagrams\recovered-before-antigravity\use-case.drawio   6613 8/4/2026 21:01:40 PM 
docs\diagrams\san-pham-khach-hang\quy-trinh-tim-kiem-loc-sap-xep-san-pham.drawio.xml,False,1,1,rollout-2026-07-31T11-06-09-019fb659-d8c8-7971-aa5f-6125546bafd1.jsonl,D:\luanvancuoiky\docs\diagrams\san-pham-khach-hang\quy-trinh-tim-kiem-loc-sap-xep-san-pham.drawio.xml                  
docs\diagrams\san-pham-khach-hang\quy-trinh-xem-chi-tiet-san-pham.drawio.xml,False,1,1,rollout-2026-07-31T11-06-09-019fb659-d8c8-7971-aa5f-6125546bafd1.jsonl,D:\luanvancuoiky\docs\diagrams\san-pham-khach-hang\quy-trinh-xem-chi-tiet-san-pham.drawio.xml                          
docs\diagrams\san-pham-khach-hang\quy-trinh-xem-danh-sach-san-pham.drawio.xml,False,1,1,rollout-2026-07-31T11-06-09-019fb659-d8c8-7971-aa5f-6125546bafd1.jsonl,D:\luanvancuoiky\docs\diagrams\san-pham-khach-hang\quy-trinh-xem-danh-sach-san-pham.drawio.xml                         
docs\diagrams\so-do-csdl-luanvan-ban-mat-kinh-bang-chinh.drawio.xml,False,1,1,rollout-2026-08-04T20-47-31-019fcd07-8c5b-7af3-b9ec-87cb36d7a952.jsonl,docs\diagrams\so-do-csdl-luanvan-ban-mat-kinh-bang-chinh.drawio.xml
docs\diagrams\so-do-csdl-luanvan-ban-mat-kinh.drawio.xml,False,1,1,rollout-2026-08-04T20-47-31-019fcd07-8c5b-7af3-b9ec-87cb36d7a952.jsonl,docs\diagrams\so-do-csdl-luanvan-ban-mat-kinh.drawio.xml
docs\diagrams\so-do-csdl-tuyen-dung-theo-anh.drawio.xml,False,1,1,rollout-2026-08-04T20-47-31-019fcd07-8c5b-7af3-b9ec-87cb36d7a952.jsonl,docs\diagrams\so-do-csdl-tuyen-dung-theo-anh.drawio.xml
docs\diagrams\so-do-erd-bang-chinh-co-them-hinh-1.drawio.xml,False,1,1,rollout-2026-08-04T20-47-31-019fcd07-8c5b-7af3-b9ec-87cb36d7a952.jsonl,docs\diagrams\so-do-erd-bang-chinh-co-them-hinh-1.drawio.xml
docs\diagrams\so-do-erd-uml-bo-cuc-khong-giao-nhau.drawio.xml,False,1,1,rollout-2026-08-04T20-47-31-019fcd07-8c5b-7af3-b9ec-87cb36d7a952.jsonl,docs\diagrams\so-do-erd-uml-bo-cuc-khong-giao-nhau.drawio.xml
docs\diagrams\so-do-erd-uml-dep-khong-trung-khong-de-bang.drawio.xml,False,1,1,rollout-2026-08-04T20-47-31-019fcd07-8c5b-7af3-b9ec-87cb36d7a952.jsonl,docs\diagrams\so-do-erd-uml-dep-khong-trung-khong-de-bang.drawio.xml
docs\diagrams\so-do-erd-uml-doc-duoc-co-nhan-fk.drawio.xml,False,1,1,rollout-2026-08-04T20-47-31-019fcd07-8c5b-7af3-b9ec-87cb36d7a952.jsonl,docs\diagrams\so-do-erd-uml-doc-duoc-co-nhan-fk.drawio.xml
docs\diagrams\so-do-erd-uml-font-20-vua-bang.drawio.xml,False,1,1,rollout-2026-08-04T20-47-31-019fcd07-8c5b-7af3-b9ec-87cb36d7a952.jsonl,docs\diagrams\so-do-erd-uml-font-20-vua-bang.drawio.xml
docs\diagrams\so-do-erd-uml-giong-mau-thoang-font20.drawio.xml,False,1,1,rollout-2026-08-04T20-47-31-019fcd07-8c5b-7af3-b9ec-87cb36d7a952.jsonl,docs\diagrams\so-do-erd-uml-giong-mau-thoang-font20.drawio.xml
docs\diagrams\so-do-erd-uml-khong-cat-nhau.drawio.xml,False,1,1,rollout-2026-08-04T20-47-31-019fcd07-8c5b-7af3-b9ec-87cb36d7a952.jsonl,docs\diagrams\so-do-erd-uml-khong-cat-nhau.drawio.xml
docs\diagrams\so-do-erd-uml-khong-dau-cong-nhan-khong-de.drawio.xml,False,1,1,rollout-2026-08-04T20-47-31-019fcd07-8c5b-7af3-b9ec-87cb36d7a952.jsonl,docs\diagrams\so-do-erd-uml-khong-dau-cong-nhan-khong-de.drawio.xml
docs\diagrams\so-do-erd-uml-khong-pk-fk.drawio.xml,False,1,1,rollout-2026-08-04T20-47-31-019fcd07-8c5b-7af3-b9ec-87cb36d7a952.jsonl,docs\diagrams\so-do-erd-uml-khong-pk-fk.drawio.xml
docs\diagrams\so-do-erd-uml-ro-chu-duong-day-du-gon.drawio.xml,False,1,1,rollout-2026-08-04T20-47-31-019fcd07-8c5b-7af3-b9ec-87cb36d7a952.jsonl,docs\diagrams\so-do-erd-uml-ro-chu-duong-day-du-gon.drawio.xml
docs\diagrams\so-do-erd-uml-ro-chu-duong-tach-rong.drawio.xml,False,1,1,rollout-2026-08-04T20-47-31-019fcd07-8c5b-7af3-b9ec-87cb36d7a952.jsonl,docs\diagrams\so-do-erd-uml-ro-chu-duong-tach-rong.drawio.xml
docs\diagrams\so-do-erd-uml-ro-chu-khong-moc-nguoc.drawio.xml,False,1,1,rollout-2026-08-04T20-47-31-019fcd07-8c5b-7af3-b9ec-87cb36d7a952.jsonl,docs\diagrams\so-do-erd-uml-ro-chu-khong-moc-nguoc.drawio.xml
docs\diagrams\so-do-erd-uml-thang-goc-font20.drawio.xml,False,1,1,rollout-2026-08-04T20-47-31-019fcd07-8c5b-7af3-b9ec-87cb36d7a952.jsonl,docs\diagrams\so-do-erd-uml-thang-goc-font20.drawio.xml
docs\diagrams\so-do-erd-uml-ve-lai-hoan-toan-sach.drawio.xml,False,1,1,rollout-2026-08-04T20-47-31-019fcd07-8c5b-7af3-b9ec-87cb36d7a952.jsonl,docs\diagrams\so-do-erd-uml-ve-lai-hoan-toan-sach.drawio.xml
docs\diagrams\Use-case\24-7\26-7\uc_giohang_dathang_thanhtoan.drawio,False,1,1,rollout-2026-07-31T11-06-09-019fb659-d8c8-7971-aa5f-6125546bafd1.jsonl,D:\luanvancuoiky\docs\diagrams\Use-case\24-7\26-7\uc_giohang_dathang_thanhtoan.drawio                                  
docs\diagrams\Use-case\24-7\26-7\uc_muasam_sanpham.drawio,False,1,1,rollout-2026-07-31T11-06-09-019fb659-d8c8-7971-aa5f-6125546bafd1.jsonl,D:\luanvancuoiky\docs\diagrams\Use-case\24-7\26-7\uc_muasam_sanpham.drawio                                             
docs\diagrams\Use-case\24-7\26-7\uc_quanly_donhang.drawio,False,1,1,rollout-2026-07-31T11-06-09-019fb659-d8c8-7971-aa5f-6125546bafd1.jsonl,D:\luanvancuoiky\docs\diagrams\Use-case\24-7\26-7\uc_quanly_donhang.drawio                                             
docs\diagrams\Use-case\24-7\26-7\uc_quanly_khachhang_phanquyen.drawio,False,1,1,rollout-2026-07-31T11-06-09-019fb659-d8c8-7971-aa5f-6125546bafd1.jsonl,D:\luanvancuoiky\docs\diagrams\Use-case\24-7\26-7\uc_quanly_khachhang_phanquyen.drawio                                 
docs\diagrams\Use-case\24-7\26-7\uc_quanly_kho.drawio,False,1,1,rollout-2026-07-31T11-06-09-019fb659-d8c8-7971-aa5f-6125546bafd1.jsonl,D:\luanvancuoiky\docs\diagrams\Use-case\24-7\26-7\uc_quanly_kho.drawio                                                 
docs\diagrams\Use-case\24-7\26-7\uc_quanly_khuyenmai.drawio,False,1,1,rollout-2026-07-31T11-06-09-019fb659-d8c8-7971-aa5f-6125546bafd1.jsonl,D:\luanvancuoiky\docs\diagrams\Use-case\24-7\26-7\uc_quanly_khuyenmai.drawio                                           
docs\diagrams\Use-case\24-7\26-7\uc_quanly_sanpham.drawio,False,1,1,rollout-2026-07-31T11-06-09-019fb659-d8c8-7971-aa5f-6125546bafd1.jsonl,D:\luanvancuoiky\docs\diagrams\Use-case\24-7\26-7\uc_quanly_sanpham.drawio                                             
docs\diagrams\Use-case\24-7\26-7\uc_taikhoan.drawio,False,2,4,rollout-2026-07-31T11-06-09-019fb659-d8c8-7971-aa5f-6125546bafd1.jsonl;rollout-2026-08-04T13-46-54-019fcb86-7621-7113-8c34-e9e4bbbbcec9.jsonl,D:\luanvancuoiky\docs\diagrams\Use-case\24-7\26-7\uc_taikhoan.drawio                                                   
docs\diagrams\Use-case\24-7\uc_giohang_dathang_thanhtoan.drawio,False,1,1,rollout-2026-07-31T11-06-09-019fb659-d8c8-7971-aa5f-6125546bafd1.jsonl,D:\luanvancuoiky\docs\diagrams\Use-case\24-7\uc_giohang_dathang_thanhtoan.drawio                                       
docs\diagrams\Use-case\24-7\uc_quanly_danhmuc.drawio,False,1,1,rollout-2026-07-31T11-06-09-019fb659-d8c8-7971-aa5f-6125546bafd1.jsonl,D:\luanvancuoiky\docs\diagrams\Use-case\24-7\uc_quanly_danhmuc.drawio                                                  
docs\diagrams\Use-case\24-7\uc_quanly_donhang.drawio,False,1,1,rollout-2026-07-31T11-06-09-019fb659-d8c8-7971-aa5f-6125546bafd1.jsonl,D:\luanvancuoiky\docs\diagrams\Use-case\24-7\uc_quanly_donhang.drawio                                                  
docs\diagrams\Use-case\24-7\uc_quanly_khachhang_phanquyen.drawio,False,1,1,rollout-2026-07-31T11-06-09-019fb659-d8c8-7971-aa5f-6125546bafd1.jsonl,D:\luanvancuoiky\docs\diagrams\Use-case\24-7\uc_quanly_khachhang_phanquyen.drawio                                      
docs\diagrams\Use-case\24-7\uc_quanly_kho.drawio,False,1,1,rollout-2026-07-31T11-06-09-019fb659-d8c8-7971-aa5f-6125546bafd1.jsonl,D:\luanvancuoiky\docs\diagrams\Use-case\24-7\uc_quanly_kho.drawio                                                      
docs\diagrams\Use-case\24-7\uc_quanly_khuyenmai.drawio,False,1,1,rollout-2026-07-31T11-06-09-019fb659-d8c8-7971-aa5f-6125546bafd1.jsonl,D:\luanvancuoiky\docs\diagrams\Use-case\24-7\uc_quanly_khuyenmai.drawio                                                
docs\diagrams\Use-case\24-7\uc_quanly_sanpham.drawio,False,1,1,rollout-2026-07-31T11-06-09-019fb659-d8c8-7971-aa5f-6125546bafd1.jsonl,D:\luanvancuoiky\docs\diagrams\Use-case\24-7\uc_quanly_sanpham.drawio                                                  
docs\diagrams\Use-case\uc_giohang_dathang_thanhtoan.drawio,False,1,1,rollout-2026-07-31T11-06-09-019fb659-d8c8-7971-aa5f-6125546bafd1.jsonl,D:\luanvancuoiky\docs\diagrams\Use-case\uc_giohang_dathang_thanhtoan.drawio                                            
docs\diagrams\Use-case\uc_muasam_sanpham.drawio,False,1,1,rollout-2026-07-31T11-06-09-019fb659-d8c8-7971-aa5f-6125546bafd1.jsonl,D:\luanvancuoiky\docs\diagrams\Use-case\uc_muasam_sanpham.drawio                                                       
docs\diagrams\Use-case\uc_quanly_danhmuc.drawio,False,1,1,rollout-2026-07-31T11-06-09-019fb659-d8c8-7971-aa5f-6125546bafd1.jsonl,D:\luanvancuoiky\docs\diagrams\Use-case\uc_quanly_danhmuc.drawio                                                       
docs\diagrams\Use-case\uc_quanly_donhang.drawio,False,1,1,rollout-2026-07-31T11-06-09-019fb659-d8c8-7971-aa5f-6125546bafd1.jsonl,D:\luanvancuoiky\docs\diagrams\Use-case\uc_quanly_donhang.drawio                                                       
docs\diagrams\Use-case\uc_quanly_khachhang_phanquyen.drawio,False,1,1,rollout-2026-07-31T11-06-09-019fb659-d8c8-7971-aa5f-6125546bafd1.jsonl,D:\luanvancuoiky\docs\diagrams\Use-case\uc_quanly_khachhang_phanquyen.drawio                                           
docs\diagrams\Use-case\uc_quanly_kho.drawio,False,1,1,rollout-2026-07-31T11-06-09-019fb659-d8c8-7971-aa5f-6125546bafd1.jsonl,D:\luanvancuoiky\docs\diagrams\Use-case\uc_quanly_kho.drawio                                                           
docs\diagrams\Use-case\uc_quanly_khuyenmai.drawio,False,1,1,rollout-2026-07-31T11-06-09-019fb659-d8c8-7971-aa5f-6125546bafd1.jsonl,D:\luanvancuoiky\docs\diagrams\Use-case\uc_quanly_khuyenmai.drawio                                                     
docs\diagrams\Use-case\uc_quanly_sanpham.drawio,False,1,1,rollout-2026-07-31T11-06-09-019fb659-d8c8-7971-aa5f-6125546bafd1.jsonl,D:\luanvancuoiky\docs\diagrams\Use-case\uc_quanly_sanpham.drawio                                                       
docs\diagrams\Use-case\uc_taikhoan.drawio,False,2,4,rollout-2026-07-31T11-06-09-019fb659-d8c8-7971-aa5f-6125546bafd1.jsonl;rollout-2026-08-04T13-46-54-019fcb86-7621-7113-8c34-e9e4bbbbcec9.jsonl,D:\luanvancuoiky\docs\diagrams\Use-case\uc_taikhoan.drawio                                                             
docs\diagrams\xu-ly-hoan-doi-tra-hang\quy-trinh-xem-chi-tiet-yeu-cau-hoan-doi.drawio.xml,False,1,1,rollout-2026-07-31T11-06-09-019fb659-d8c8-7971-aa5f-6125546bafd1.jsonl,D:\luanvancuoiky\docs\diagrams\xu-ly-hoan-doi-tra-hang\quy-trinh-xem-chi-tiet-yeu-cau-hoan-doi.drawio.xml              
docs\diagrams\xu-ly-hoan-doi-tra-hang\quy-trinh-xem-loc-danh-sach-yeu-cau-hoan-doi.drawio.xml,False,1,1,rollout-2026-07-31T11-06-09-019fb659-d8c8-7971-aa5f-6125546bafd1.jsonl,D:\luanvancuoiky\docs\diagrams\xu-ly-hoan-doi-tra-hang\quy-trinh-xem-loc-danh-sach-yeu-cau-hoan-doi.drawio.xml         
docs\diagrams\xu-ly-hoan-doi-tra-hang\quy-trinh-xu-ly-cap-nhat-ket-qua-yeu-cau-hoan-doi.drawio.xml,False,1,1,rollout-2026-07-31T11-06-09-019fb659-d8c8-7971-aa5f-6125546bafd1.jsonl,D:\luanvancuoiky\docs\diagrams\xu-ly-hoan-doi-tra-hang\quy-trinh-xu-ly-cap-nhat-ket-qua-yeu-cau-hoan-doi.drawio.xml    
docs\giai-thich-dang-ky-khach-hang.md,True,4,78,rollout-2026-07-31T11-06-09-019fb659-d8c8-7971-aa5f-6125546bafd1.jsonl;rollout-2026-08-04T08-35-38-019fca69-7aad-7c81-a41b-21d9b9b7a3a6.jsonl;rollout-2026-08-04T14-54-53-019fcbc4-b3f2-77f3-b7c1-a06a5366e820.jsonl;rollout-2026-08-04T20-47-31-019fcd07-8c5b-7af3-b9ec-87cb36d7a952.jsonl,*** Add File: docs/giai-thich-dang-ky-khach-hang.md
docs\giai-thich-dang-nhap-khach-hang.md,True,2,187,rollout-2026-07-31T11-06-09-019fb659-d8c8-7971-aa5f-6125546bafd1.jsonl;rollout-2026-08-04T20-47-31-019fcd07-8c5b-7af3-b9ec-87cb36d7a952.jsonl,*** Add File: docs/giai-thich-dang-nhap-khach-hang.md
docs\giai-thich-dangnhap-admin.md,True,2,117,rollout-2026-07-31T11-06-09-019fb659-d8c8-7971-aa5f-6125546bafd1.jsonl;rollout-2026-08-04T20-47-31-019fcd07-8c5b-7af3-b9ec-87cb36d7a952.jsonl,"À hiểu rồi, bạn muốn tách riêng một file mới chỉ nói về **đăng nhập Admin/Staff**, không để chung trong file khách hàng. Mình sẽ tạo `docs/giai-thich-dangnhap-admin.md` theo cùng kiểu: luồng hoạt động, code ở đâu, giải thích từng đoạn, rẽ nhánh và đoạn nói miệ"
docs\giai-thich-thu-kinh-truc-tuyen.md,True,2,23,rollout-2026-07-31T11-06-09-019fb659-d8c8-7971-aa5f-6125546bafd1.jsonl;rollout-2026-08-04T20-47-31-019fcd07-8c5b-7af3-b9ec-87cb36d7a952.jsonl,*** Add File: docs/giai-thich-thu-kinh-truc-tuyen.md
docs\giaithich-dathang.md,True,4,57,rollout-2026-07-31T11-06-09-019fb659-d8c8-7971-aa5f-6125546bafd1.jsonl;rollout-2026-08-04T08-35-38-019fca69-7aad-7c81-a41b-21d9b9b7a3a6.jsonl;rollout-2026-08-04T14-54-53-019fcbc4-b3f2-77f3-b7c1-a06a5366e820.jsonl;rollout-2026-08-04T20-47-31-019fcd07-8c5b-7af3-b9ec-87cb36d7a952.jsonl,"Được, mình sẽ tạo file `docs/giaithich-dathang.md` giải thích từ lúc khách hàng bấm thanh toán đến khi COD tạo đơn, hoặc VNPay chuyển cổng rồi trả kết quả về. Mình sẽ viết theo kiểu bạn đọc là lần được từng file, từng hàm, từng nhánh lỗi."
docs\giaithich-donhang.md,True,4,110,rollout-2026-07-31T11-06-09-019fb659-d8c8-7971-aa5f-6125546bafd1.jsonl;rollout-2026-08-04T08-35-38-019fca69-7aad-7c81-a41b-21d9b9b7a3a6.jsonl;rollout-2026-08-04T14-54-53-019fcbc4-b3f2-77f3-b7c1-a06a5366e820.jsonl;rollout-2026-08-04T20-47-31-019fcd07-8c5b-7af3-b9ec-87cb36d7a952.jsonl,"Tôi sẽ đặt file là `docs/giaithich-donhang.md` để cùng kiểu với `giaithich-giohang.md`, `giaithich-dathang.md`. Nội dung sẽ không chỉ nói mỗi update status, mà gom luôn phần khách xem đơn, admin quản lý đơn, hủy đơn, mất hàng, và xử lý hoàn/đổi vì chúng đều dí"
docs\giaithich-giohang.md,True,2,20,rollout-2026-07-31T11-06-09-019fb659-d8c8-7971-aa5f-6125546bafd1.jsonl;rollout-2026-08-04T20-47-31-019fcd07-8c5b-7af3-b9ec-87cb36d7a952.jsonl,"Mình sẽ tạo file đúng tên bạn vừa nói là `docs/giaithich-giohang.md`. Nội dung sẽ dài và giải thích kỹ, không phải tóm tắt báo cáo: đọc được route, frontend, controller, session, tồn kho, cập nhật, xóa và vì sao code chạy như vậy."
docs\giaithich-hoandoi.md,True,3,34,rollout-2026-07-31T11-06-09-019fb659-d8c8-7971-aa5f-6125546bafd1.jsonl;rollout-2026-08-04T14-54-53-019fcbc4-b3f2-77f3-b7c1-a06a5366e820.jsonl;rollout-2026-08-04T20-47-31-019fcd07-8c5b-7af3-b9ec-87cb36d7a952.jsonl,"Mình sẽ tạo một file riêng `docs/giaithich-hoandoi.md`. Trong đó mình sẽ ghi rõ phần “báo cáo nên sửa theo code” trước, rồi giải thích từng route/controller/view/model phía dưới để bạn học nói lại được."
docs\giaithich-kho.md,True,4,99,rollout-2026-07-31T11-06-09-019fb659-d8c8-7971-aa5f-6125546bafd1.jsonl;rollout-2026-08-04T08-35-38-019fca69-7aad-7c81-a41b-21d9b9b7a3a6.jsonl;rollout-2026-08-04T14-54-53-019fcbc4-b3f2-77f3-b7c1-a06a5366e820.jsonl;rollout-2026-08-04T20-47-31-019fcd07-8c5b-7af3-b9ec-87cb36d7a952.jsonl,*** Add File: docs/giaithich-kho.md
docs\giaithich-ql-sanpham.md,True,2,32,rollout-2026-07-31T11-06-09-019fb659-d8c8-7971-aa5f-6125546bafd1.jsonl;rollout-2026-08-04T20-47-31-019fcd07-8c5b-7af3-b9ec-87cb36d7a952.jsonl,"Mình sẽ tạo file `docs/giaithich-ql-sanpham.md` theo kiểu dễ học nói miệng: đi từ route, màn hình admin, thêm sản phẩm, sửa sản phẩm, ẩn, thùng lưu trữ/khôi phục, upload ảnh mô tả, và vì sao sản phẩm ẩn không hiện ở phía khách."
docs\giaithich-taikhoan-phanquyen.md,True,4,23,rollout-2026-07-31T11-06-09-019fb659-d8c8-7971-aa5f-6125546bafd1.jsonl;rollout-2026-08-04T08-35-38-019fca69-7aad-7c81-a41b-21d9b9b7a3a6.jsonl;rollout-2026-08-04T14-54-53-019fcbc4-b3f2-77f3-b7c1-a06a5366e820.jsonl;rollout-2026-08-04T20-47-31-019fcd07-8c5b-7af3-b9ec-87cb36d7a952.jsonl,"Bây giờ mình tạo file `docs/giaithich-taikhoan-phanquyen.md`. File này không phải để đưa nguyên vào luận văn, mà để bạn học luồng và có thể đứng giải thích: “bấm nút này thì đi route nào, route gọi controller nào, controller validate gì, database lưu bảng nào”"
docs\managing-python-projects.md,False,1,3,rollout-2026-08-04T20-47-31-019fcd07-8c5b-7af3-b9ec-87cb36d7a952.jsonl,"C:\Users\vu minh\.antigravity\extensions\ms-python.vscode-python-envs-1.20.1-universal\docs\managing-python-projects.md:181:            ""path"": ""backend"","
package-lock.json,True,23,259,rollout-2026-07-31T11-06-09-019fb659-d8c8-7971-aa5f-6125546bafd1.jsonl;rollout-2026-08-02T17-29-48-019fc205-cd55-7a50-950b-2f6a196b5dee.jsonl;rollout-2026-08-03T11-06-38-019fc5cd-5f39-7863-a5b2-93a372b3a4ab.jsonl;rollout-2026-08-04T08-03-01-019fca4b-9f33-7ca2-beed-c0a735c6d12c.jsonl;rollout-2026-08-04T08-35-38-019fca69-7aad-7c81-a41b-21d9b9b7a3a6.jsonl;rollout-2026-08-04T09-20-33-019fca92-996a-7fb0-beea-942596ee66ef.jsonl;rollout-2026-08-04T10-12-03-019fcac1-c2c1-7fa1-9025-75f407e5c17d.jsonl;rollout-2026-08-04T10-15-17-019fcac4-b895-7d41-8678-b7e083a63a7c.jsonl;rollout-2026-08-04T10-19-37-019fcac8-aef6-7891-b93f-98ea184a621a.jsonl;rollout-2026-08-04T10-21-58-019fcaca-d45c-71e2-b106-bf99705f2352.jsonl;rollout-2026-08-04T10-34-18-019fcad6-1ecd-7850-99bb-3c6de4e50875.jsonl;rollout-2026-08-04T10-48-23-019fcae3-056d-75d1-92ad-eb777da35982.jsonl;rollout-2026-08-04T11-16-01-019fcafc-52a7-7192-8947-b6108df3e0a0.jsonl;rollout-2026-08-04T11-30-54-019fcb09-f095-73f0-a684-f990ae1268d9.jsonl;rollout-2026-08-04T12-04-05-019fcb28-5502-7851-a2a2-04d6af5ebca0.jsonl;rollout-2026-08-04T12-06-35-019fcb2a-9ce7-77a0-883d-13f05394caa9.jsonl;rollout-2026-08-04T13-25-53-019fcb73-38aa-7dc1-a0e8-ba0bbda0b211.jsonl;rollout-2026-08-04T13-46-54-019fcb86-7621-7113-8c34-e9e4bbbbcec9.jsonl;rollout-2026-08-04T14-54-53-019fcbc4-b3f2-77f3-b7c1-a06a5366e820.jsonl;rollout-2026-08-04T15-01-41-019fcbca-eaed-74d1-bf45-177cdb3f3491.jsonl;rollout-2026-08-04T15-07-44-019fcbd0-75f1-73c3-a828-838aa341eb82.jsonl;rollout-2026-08-04T16-25-55-019fcc18-0915-78d0-ba2c-e6b7a07eb9f1.jsonl;rollout-2026-08-04T20-47-31-019fcd07-8c5b-7af3-b9ec-87cb36d7a952.jsonl,-a----         7/10/2026  08:37 AM         108416 package-lock.json                                                    
package.json,True,23,90,rollout-2026-07-31T11-06-09-019fb659-d8c8-7971-aa5f-6125546bafd1.jsonl;rollout-2026-08-02T17-29-48-019fc205-cd55-7a50-950b-2f6a196b5dee.jsonl;rollout-2026-08-03T11-06-38-019fc5cd-5f39-7863-a5b2-93a372b3a4ab.jsonl;rollout-2026-08-04T08-03-01-019fca4b-9f33-7ca2-beed-c0a735c6d12c.jsonl;rollout-2026-08-04T08-35-38-019fca69-7aad-7c81-a41b-21d9b9b7a3a6.jsonl;rollout-2026-08-04T09-20-33-019fca92-996a-7fb0-beea-942596ee66ef.jsonl;rollout-2026-08-04T10-12-03-019fcac1-c2c1-7fa1-9025-75f407e5c17d.jsonl;rollout-2026-08-04T10-15-17-019fcac4-b895-7d41-8678-b7e083a63a7c.jsonl;rollout-2026-08-04T10-19-37-019fcac8-aef6-7891-b93f-98ea184a621a.jsonl;rollout-2026-08-04T10-21-58-019fcaca-d45c-71e2-b106-bf99705f2352.jsonl;rollout-2026-08-04T10-34-18-019fcad6-1ecd-7850-99bb-3c6de4e50875.jsonl;rollout-2026-08-04T10-48-23-019fcae3-056d-75d1-92ad-eb777da35982.jsonl;rollout-2026-08-04T11-16-01-019fcafc-52a7-7192-8947-b6108df3e0a0.jsonl;rollout-2026-08-04T11-30-54-019fcb09-f095-73f0-a684-f990ae1268d9.jsonl;rollout-2026-08-04T12-04-05-019fcb28-5502-7851-a2a2-04d6af5ebca0.jsonl;rollout-2026-08-04T12-06-35-019fcb2a-9ce7-77a0-883d-13f05394caa9.jsonl;rollout-2026-08-04T13-25-53-019fcb73-38aa-7dc1-a0e8-ba0bbda0b211.jsonl;rollout-2026-08-04T13-46-54-019fcb86-7621-7113-8c34-e9e4bbbbcec9.jsonl;rollout-2026-08-04T14-54-53-019fcbc4-b3f2-77f3-b7c1-a06a5366e820.jsonl;rollout-2026-08-04T15-01-41-019fcbca-eaed-74d1-bf45-177cdb3f3491.jsonl;rollout-2026-08-04T15-07-44-019fcbd0-75f1-73c3-a828-838aa341eb82.jsonl;rollout-2026-08-04T16-25-55-019fcc18-0915-78d0-ba2c-e6b7a07eb9f1.jsonl;rollout-2026-08-04T20-47-31-019fcd07-8c5b-7af3-b9ec-87cb36d7a952.jsonl,-a----         7/10/2026  08:36 AM            537 package.json                                                         
phpunit.xml,True,23,43,rollout-2026-07-31T11-06-09-019fb659-d8c8-7971-aa5f-6125546bafd1.jsonl;rollout-2026-08-02T17-29-48-019fc205-cd55-7a50-950b-2f6a196b5dee.jsonl;rollout-2026-08-03T11-06-38-019fc5cd-5f39-7863-a5b2-93a372b3a4ab.jsonl;rollout-2026-08-04T08-03-01-019fca4b-9f33-7ca2-beed-c0a735c6d12c.jsonl;rollout-2026-08-04T08-35-38-019fca69-7aad-7c81-a41b-21d9b9b7a3a6.jsonl;rollout-2026-08-04T09-20-33-019fca92-996a-7fb0-beea-942596ee66ef.jsonl;rollout-2026-08-04T10-12-03-019fcac1-c2c1-7fa1-9025-75f407e5c17d.jsonl;rollout-2026-08-04T10-15-17-019fcac4-b895-7d41-8678-b7e083a63a7c.jsonl;rollout-2026-08-04T10-19-37-019fcac8-aef6-7891-b93f-98ea184a621a.jsonl;rollout-2026-08-04T10-21-58-019fcaca-d45c-71e2-b106-bf99705f2352.jsonl;rollout-2026-08-04T10-34-18-019fcad6-1ecd-7850-99bb-3c6de4e50875.jsonl;rollout-2026-08-04T10-48-23-019fcae3-056d-75d1-92ad-eb777da35982.jsonl;rollout-2026-08-04T11-16-01-019fcafc-52a7-7192-8947-b6108df3e0a0.jsonl;rollout-2026-08-04T11-30-54-019fcb09-f095-73f0-a684-f990ae1268d9.jsonl;rollout-2026-08-04T12-04-05-019fcb28-5502-7851-a2a2-04d6af5ebca0.jsonl;rollout-2026-08-04T12-06-35-019fcb2a-9ce7-77a0-883d-13f05394caa9.jsonl;rollout-2026-08-04T13-25-53-019fcb73-38aa-7dc1-a0e8-ba0bbda0b211.jsonl;rollout-2026-08-04T13-46-54-019fcb86-7621-7113-8c34-e9e4bbbbcec9.jsonl;rollout-2026-08-04T14-54-53-019fcbc4-b3f2-77f3-b7c1-a06a5366e820.jsonl;rollout-2026-08-04T15-01-41-019fcbca-eaed-74d1-bf45-177cdb3f3491.jsonl;rollout-2026-08-04T15-07-44-019fcbd0-75f1-73c3-a828-838aa341eb82.jsonl;rollout-2026-08-04T16-25-55-019fcc18-0915-78d0-ba2c-e6b7a07eb9f1.jsonl;rollout-2026-08-04T20-47-31-019fcd07-8c5b-7af3-b9ec-87cb36d7a952.jsonl,-a----         5/26/2026  06:11 AM           1322 phpunit.xml                                                          
public\admin_assets\bootstrap-admin-template-free.jpg,True,13,13,rollout-2026-07-31T11-06-09-019fb659-d8c8-7971-aa5f-6125546bafd1.jsonl;rollout-2026-08-02T17-29-48-019fc205-cd55-7a50-950b-2f6a196b5dee.jsonl;rollout-2026-08-04T09-20-33-019fca92-996a-7fb0-beea-942596ee66ef.jsonl;rollout-2026-08-04T10-12-03-019fcac1-c2c1-7fa1-9025-75f407e5c17d.jsonl;rollout-2026-08-04T10-21-58-019fcaca-d45c-71e2-b106-bf99705f2352.jsonl;rollout-2026-08-04T10-34-18-019fcad6-1ecd-7850-99bb-3c6de4e50875.jsonl;rollout-2026-08-04T10-48-23-019fcae3-056d-75d1-92ad-eb777da35982.jsonl;rollout-2026-08-04T11-16-01-019fcafc-52a7-7192-8947-b6108df3e0a0.jsonl;rollout-2026-08-04T12-06-35-019fcb2a-9ce7-77a0-883d-13f05394caa9.jsonl;rollout-2026-08-04T13-25-53-019fcb73-38aa-7dc1-a0e8-ba0bbda0b211.jsonl;rollout-2026-08-04T14-54-53-019fcbc4-b3f2-77f3-b7c1-a06a5366e820.jsonl;rollout-2026-08-04T16-25-55-019fcc18-0915-78d0-ba2c-e6b7a07eb9f1.jsonl;rollout-2026-08-04T20-47-31-019fcd07-8c5b-7af3-b9ec-87cb36d7a952.jsonl,public\admin_assets\bootstrap-admin-template-free.jpg
public\admin_assets\css\admin-human.css,True,21,81,rollout-2026-07-31T11-06-09-019fb659-d8c8-7971-aa5f-6125546bafd1.jsonl;rollout-2026-08-02T17-29-48-019fc205-cd55-7a50-950b-2f6a196b5dee.jsonl;rollout-2026-08-04T08-35-38-019fca69-7aad-7c81-a41b-21d9b9b7a3a6.jsonl;rollout-2026-08-04T09-20-33-019fca92-996a-7fb0-beea-942596ee66ef.jsonl;rollout-2026-08-04T10-12-03-019fcac1-c2c1-7fa1-9025-75f407e5c17d.jsonl;rollout-2026-08-04T10-15-17-019fcac4-b895-7d41-8678-b7e083a63a7c.jsonl;rollout-2026-08-04T10-19-37-019fcac8-aef6-7891-b93f-98ea184a621a.jsonl;rollout-2026-08-04T10-21-58-019fcaca-d45c-71e2-b106-bf99705f2352.jsonl;rollout-2026-08-04T10-34-18-019fcad6-1ecd-7850-99bb-3c6de4e50875.jsonl;rollout-2026-08-04T10-48-23-019fcae3-056d-75d1-92ad-eb777da35982.jsonl;rollout-2026-08-04T11-16-01-019fcafc-52a7-7192-8947-b6108df3e0a0.jsonl;rollout-2026-08-04T11-30-54-019fcb09-f095-73f0-a684-f990ae1268d9.jsonl;rollout-2026-08-04T12-04-05-019fcb28-5502-7851-a2a2-04d6af5ebca0.jsonl;rollout-2026-08-04T12-06-35-019fcb2a-9ce7-77a0-883d-13f05394caa9.jsonl;rollout-2026-08-04T13-25-53-019fcb73-38aa-7dc1-a0e8-ba0bbda0b211.jsonl;rollout-2026-08-04T13-46-54-019fcb86-7621-7113-8c34-e9e4bbbbcec9.jsonl;rollout-2026-08-04T14-54-53-019fcbc4-b3f2-77f3-b7c1-a06a5366e820.jsonl;rollout-2026-08-04T15-01-41-019fcbca-eaed-74d1-bf45-177cdb3f3491.jsonl;rollout-2026-08-04T15-07-44-019fcbd0-75f1-73c3-a828-838aa341eb82.jsonl;rollout-2026-08-04T16-25-55-019fcc18-0915-78d0-ba2c-e6b7a07eb9f1.jsonl;rollout-2026-08-04T20-47-31-019fcd07-8c5b-7af3-b9ec-87cb36d7a952.jsonl,public\admin_assets\css\admin-human.css
public\admin_assets\css\bootstrap.min.css,True,13,14,rollout-2026-07-31T11-06-09-019fb659-d8c8-7971-aa5f-6125546bafd1.jsonl;rollout-2026-08-02T17-29-48-019fc205-cd55-7a50-950b-2f6a196b5dee.jsonl;rollout-2026-08-04T09-20-33-019fca92-996a-7fb0-beea-942596ee66ef.jsonl;rollout-2026-08-04T10-12-03-019fcac1-c2c1-7fa1-9025-75f407e5c17d.jsonl;rollout-2026-08-04T10-21-58-019fcaca-d45c-71e2-b106-bf99705f2352.jsonl;rollout-2026-08-04T10-34-18-019fcad6-1ecd-7850-99bb-3c6de4e50875.jsonl;rollout-2026-08-04T10-48-23-019fcae3-056d-75d1-92ad-eb777da35982.jsonl;rollout-2026-08-04T11-16-01-019fcafc-52a7-7192-8947-b6108df3e0a0.jsonl;rollout-2026-08-04T12-06-35-019fcb2a-9ce7-77a0-883d-13f05394caa9.jsonl;rollout-2026-08-04T13-25-53-019fcb73-38aa-7dc1-a0e8-ba0bbda0b211.jsonl;rollout-2026-08-04T14-54-53-019fcbc4-b3f2-77f3-b7c1-a06a5366e820.jsonl;rollout-2026-08-04T16-25-55-019fcc18-0915-78d0-ba2c-e6b7a07eb9f1.jsonl;rollout-2026-08-04T20-47-31-019fcd07-8c5b-7af3-b9ec-87cb36d7a952.jsonl,public\admin_assets\css\bootstrap.min.css
public\admin_assets\css\custom.css,True,13,13,rollout-2026-07-31T11-06-09-019fb659-d8c8-7971-aa5f-6125546bafd1.jsonl;rollout-2026-08-02T17-29-48-019fc205-cd55-7a50-950b-2f6a196b5dee.jsonl;rollout-2026-08-04T09-20-33-019fca92-996a-7fb0-beea-942596ee66ef.jsonl;rollout-2026-08-04T10-12-03-019fcac1-c2c1-7fa1-9025-75f407e5c17d.jsonl;rollout-2026-08-04T10-21-58-019fcaca-d45c-71e2-b106-bf99705f2352.jsonl;rollout-2026-08-04T10-34-18-019fcad6-1ecd-7850-99bb-3c6de4e50875.jsonl;rollout-2026-08-04T10-48-23-019fcae3-056d-75d1-92ad-eb777da35982.jsonl;rollout-2026-08-04T11-16-01-019fcafc-52a7-7192-8947-b6108df3e0a0.jsonl;rollout-2026-08-04T12-06-35-019fcb2a-9ce7-77a0-883d-13f05394caa9.jsonl;rollout-2026-08-04T13-25-53-019fcb73-38aa-7dc1-a0e8-ba0bbda0b211.jsonl;rollout-2026-08-04T14-54-53-019fcbc4-b3f2-77f3-b7c1-a06a5366e820.jsonl;rollout-2026-08-04T16-25-55-019fcc18-0915-78d0-ba2c-e6b7a07eb9f1.jsonl;rollout-2026-08-04T20-47-31-019fcd07-8c5b-7af3-b9ec-87cb36d7a952.jsonl,public\admin_assets\css\custom.css
public\admin_assets\css\style.css,True,13,32,rollout-2026-07-31T11-06-09-019fb659-d8c8-7971-aa5f-6125546bafd1.jsonl;rollout-2026-08-02T17-29-48-019fc205-cd55-7a50-950b-2f6a196b5dee.jsonl;rollout-2026-08-04T09-20-33-019fca92-996a-7fb0-beea-942596ee66ef.jsonl;rollout-2026-08-04T10-12-03-019fcac1-c2c1-7fa1-9025-75f407e5c17d.jsonl;rollout-2026-08-04T10-21-58-019fcaca-d45c-71e2-b106-bf99705f2352.jsonl;rollout-2026-08-04T10-34-18-019fcad6-1ecd-7850-99bb-3c6de4e50875.jsonl;rollout-2026-08-04T10-48-23-019fcae3-056d-75d1-92ad-eb777da35982.jsonl;rollout-2026-08-04T11-16-01-019fcafc-52a7-7192-8947-b6108df3e0a0.jsonl;rollout-2026-08-04T12-06-35-019fcb2a-9ce7-77a0-883d-13f05394caa9.jsonl;rollout-2026-08-04T13-25-53-019fcb73-38aa-7dc1-a0e8-ba0bbda0b211.jsonl;rollout-2026-08-04T14-54-53-019fcbc4-b3f2-77f3-b7c1-a06a5366e820.jsonl;rollout-2026-08-04T16-25-55-019fcc18-0915-78d0-ba2c-e6b7a07eb9f1.jsonl;rollout-2026-08-04T20-47-31-019fcd07-8c5b-7af3-b9ec-87cb36d7a952.jsonl,public\admin_assets\css\style.css
public\admin_assets\img\book-1.jpg,True,12,12,rollout-2026-07-31T11-06-09-019fb659-d8c8-7971-aa5f-6125546bafd1.jsonl;rollout-2026-08-04T09-20-33-019fca92-996a-7fb0-beea-942596ee66ef.jsonl;rollout-2026-08-04T10-12-03-019fcac1-c2c1-7fa1-9025-75f407e5c17d.jsonl;rollout-2026-08-04T10-21-58-019fcaca-d45c-71e2-b106-bf99705f2352.jsonl;rollout-2026-08-04T10-34-18-019fcad6-1ecd-7850-99bb-3c6de4e50875.jsonl;rollout-2026-08-04T10-48-23-019fcae3-056d-75d1-92ad-eb777da35982.jsonl;rollout-2026-08-04T11-16-01-019fcafc-52a7-7192-8947-b6108df3e0a0.jsonl;rollout-2026-08-04T12-06-35-019fcb2a-9ce7-77a0-883d-13f05394caa9.jsonl;rollout-2026-08-04T13-25-53-019fcb73-38aa-7dc1-a0e8-ba0bbda0b211.jsonl;rollout-2026-08-04T14-54-53-019fcbc4-b3f2-77f3-b7c1-a06a5366e820.jsonl;rollout-2026-08-04T16-25-55-019fcc18-0915-78d0-ba2c-e6b7a07eb9f1.jsonl;rollout-2026-08-04T20-47-31-019fcd07-8c5b-7af3-b9ec-87cb36d7a952.jsonl,public\admin_assets\img\book-1.jpg
public\admin_assets\img\cloud-upload.svg,True,12,12,rollout-2026-07-31T11-06-09-019fb659-d8c8-7971-aa5f-6125546bafd1.jsonl;rollout-2026-08-04T09-20-33-019fca92-996a-7fb0-beea-942596ee66ef.jsonl;rollout-2026-08-04T10-12-03-019fcac1-c2c1-7fa1-9025-75f407e5c17d.jsonl;rollout-2026-08-04T10-21-58-019fcaca-d45c-71e2-b106-bf99705f2352.jsonl;rollout-2026-08-04T10-34-18-019fcad6-1ecd-7850-99bb-3c6de4e50875.jsonl;rollout-2026-08-04T10-48-23-019fcae3-056d-75d1-92ad-eb777da35982.jsonl;rollout-2026-08-04T11-16-01-019fcafc-52a7-7192-8947-b6108df3e0a0.jsonl;rollout-2026-08-04T12-06-35-019fcb2a-9ce7-77a0-883d-13f05394caa9.jsonl;rollout-2026-08-04T13-25-53-019fcb73-38aa-7dc1-a0e8-ba0bbda0b211.jsonl;rollout-2026-08-04T14-54-53-019fcbc4-b3f2-77f3-b7c1-a06a5366e820.jsonl;rollout-2026-08-04T16-25-55-019fcc18-0915-78d0-ba2c-e6b7a07eb9f1.jsonl;rollout-2026-08-04T20-47-31-019fcd07-8c5b-7af3-b9ec-87cb36d7a952.jsonl,public\admin_assets\img\cloud-upload.svg
public\admin_assets\img\testimonial-1.jpg,True,12,12,rollout-2026-07-31T11-06-09-019fb659-d8c8-7971-aa5f-6125546bafd1.jsonl;rollout-2026-08-04T09-20-33-019fca92-996a-7fb0-beea-942596ee66ef.jsonl;rollout-2026-08-04T10-12-03-019fcac1-c2c1-7fa1-9025-75f407e5c17d.jsonl;rollout-2026-08-04T10-21-58-019fcaca-d45c-71e2-b106-bf99705f2352.jsonl;rollout-2026-08-04T10-34-18-019fcad6-1ecd-7850-99bb-3c6de4e50875.jsonl;rollout-2026-08-04T10-48-23-019fcae3-056d-75d1-92ad-eb777da35982.jsonl;rollout-2026-08-04T11-16-01-019fcafc-52a7-7192-8947-b6108df3e0a0.jsonl;rollout-2026-08-04T12-06-35-019fcb2a-9ce7-77a0-883d-13f05394caa9.jsonl;rollout-2026-08-04T13-25-53-019fcb73-38aa-7dc1-a0e8-ba0bbda0b211.jsonl;rollout-2026-08-04T14-54-53-019fcbc4-b3f2-77f3-b7c1-a06a5366e820.jsonl;rollout-2026-08-04T16-25-55-019fcc18-0915-78d0-ba2c-e6b7a07eb9f1.jsonl;rollout-2026-08-04T20-47-31-019fcd07-8c5b-7af3-b9ec-87cb36d7a952.jsonl,public\admin_assets\img\testimonial-1.jpg
public\admin_assets\img\testimonial-2.jpg,True,12,12,rollout-2026-07-31T11-06-09-019fb659-d8c8-7971-aa5f-6125546bafd1.jsonl;rollout-2026-08-04T09-20-33-019fca92-996a-7fb0-beea-942596ee66ef.jsonl;rollout-2026-08-04T10-12-03-019fcac1-c2c1-7fa1-9025-75f407e5c17d.jsonl;rollout-2026-08-04T10-21-58-019fcaca-d45c-71e2-b106-bf99705f2352.jsonl;rollout-2026-08-04T10-34-18-019fcad6-1ecd-7850-99bb-3c6de4e50875.jsonl;rollout-2026-08-04T10-48-23-019fcae3-056d-75d1-92ad-eb777da35982.jsonl;rollout-2026-08-04T11-16-01-019fcafc-52a7-7192-8947-b6108df3e0a0.jsonl;rollout-2026-08-04T12-06-35-019fcb2a-9ce7-77a0-883d-13f05394caa9.jsonl;rollout-2026-08-04T13-25-53-019fcb73-38aa-7dc1-a0e8-ba0bbda0b211.jsonl;rollout-2026-08-04T14-54-53-019fcbc4-b3f2-77f3-b7c1-a06a5366e820.jsonl;rollout-2026-08-04T16-25-55-019fcc18-0915-78d0-ba2c-e6b7a07eb9f1.jsonl;rollout-2026-08-04T20-47-31-019fcd07-8c5b-7af3-b9ec-87cb36d7a952.jsonl,public\admin_assets\img\testimonial-2.jpg
public\admin_assets\img\user-default.png,True,12,12,rollout-2026-07-31T11-06-09-019fb659-d8c8-7971-aa5f-6125546bafd1.jsonl;rollout-2026-08-04T09-20-33-019fca92-996a-7fb0-beea-942596ee66ef.jsonl;rollout-2026-08-04T10-12-03-019fcac1-c2c1-7fa1-9025-75f407e5c17d.jsonl;rollout-2026-08-04T10-21-58-019fcaca-d45c-71e2-b106-bf99705f2352.jsonl;rollout-2026-08-04T10-34-18-019fcad6-1ecd-7850-99bb-3c6de4e50875.jsonl;rollout-2026-08-04T10-48-23-019fcae3-056d-75d1-92ad-eb777da35982.jsonl;rollout-2026-08-04T11-16-01-019fcafc-52a7-7192-8947-b6108df3e0a0.jsonl;rollout-2026-08-04T12-06-35-019fcb2a-9ce7-77a0-883d-13f05394caa9.jsonl;rollout-2026-08-04T13-25-53-019fcb73-38aa-7dc1-a0e8-ba0bbda0b211.jsonl;rollout-2026-08-04T14-54-53-019fcbc4-b3f2-77f3-b7c1-a06a5366e820.jsonl;rollout-2026-08-04T16-25-55-019fcc18-0915-78d0-ba2c-e6b7a07eb9f1.jsonl;rollout-2026-08-04T20-47-31-019fcd07-8c5b-7af3-b9ec-87cb36d7a952.jsonl,public\admin_assets\img\user-default.png
public\admin_assets\img\user.jpg,True,12,12,rollout-2026-07-31T11-06-09-019fb659-d8c8-7971-aa5f-6125546bafd1.jsonl;rollout-2026-08-04T09-20-33-019fca92-996a-7fb0-beea-942596ee66ef.jsonl;rollout-2026-08-04T10-12-03-019fcac1-c2c1-7fa1-9025-75f407e5c17d.jsonl;rollout-2026-08-04T10-21-58-019fcaca-d45c-71e2-b106-bf99705f2352.jsonl;rollout-2026-08-04T10-34-18-019fcad6-1ecd-7850-99bb-3c6de4e50875.jsonl;rollout-2026-08-04T10-48-23-019fcae3-056d-75d1-92ad-eb777da35982.jsonl;rollout-2026-08-04T11-16-01-019fcafc-52a7-7192-8947-b6108df3e0a0.jsonl;rollout-2026-08-04T12-06-35-019fcb2a-9ce7-77a0-883d-13f05394caa9.jsonl;rollout-2026-08-04T13-25-53-019fcb73-38aa-7dc1-a0e8-ba0bbda0b211.jsonl;rollout-2026-08-04T14-54-53-019fcbc4-b3f2-77f3-b7c1-a06a5366e820.jsonl;rollout-2026-08-04T16-25-55-019fcc18-0915-78d0-ba2c-e6b7a07eb9f1.jsonl;rollout-2026-08-04T20-47-31-019fcd07-8c5b-7af3-b9ec-87cb36d7a952.jsonl,public\admin_assets\img\user.jpg
public\admin_assets\js\main.js,True,13,14,rollout-2026-07-31T11-06-09-019fb659-d8c8-7971-aa5f-6125546bafd1.jsonl;rollout-2026-08-02T17-29-48-019fc205-cd55-7a50-950b-2f6a196b5dee.jsonl;rollout-2026-08-04T09-20-33-019fca92-996a-7fb0-beea-942596ee66ef.jsonl;rollout-2026-08-04T10-12-03-019fcac1-c2c1-7fa1-9025-75f407e5c17d.jsonl;rollout-2026-08-04T10-21-58-019fcaca-d45c-71e2-b106-bf99705f2352.jsonl;rollout-2026-08-04T10-34-18-019fcad6-1ecd-7850-99bb-3c6de4e50875.jsonl;rollout-2026-08-04T10-48-23-019fcae3-056d-75d1-92ad-eb777da35982.jsonl;rollout-2026-08-04T11-16-01-019fcafc-52a7-7192-8947-b6108df3e0a0.jsonl;rollout-2026-08-04T12-06-35-019fcb2a-9ce7-77a0-883d-13f05394caa9.jsonl;rollout-2026-08-04T13-25-53-019fcb73-38aa-7dc1-a0e8-ba0bbda0b211.jsonl;rollout-2026-08-04T14-54-53-019fcbc4-b3f2-77f3-b7c1-a06a5366e820.jsonl;rollout-2026-08-04T16-25-55-019fcc18-0915-78d0-ba2c-e6b7a07eb9f1.jsonl;rollout-2026-08-04T20-47-31-019fcd07-8c5b-7af3-b9ec-87cb36d7a952.jsonl,public\admin_assets\js\main.js
public\admin_assets\lib\chart\chart.min.js,True,13,13,rollout-2026-07-31T11-06-09-019fb659-d8c8-7971-aa5f-6125546bafd1.jsonl;rollout-2026-08-02T17-29-48-019fc205-cd55-7a50-950b-2f6a196b5dee.jsonl;rollout-2026-08-04T09-20-33-019fca92-996a-7fb0-beea-942596ee66ef.jsonl;rollout-2026-08-04T10-12-03-019fcac1-c2c1-7fa1-9025-75f407e5c17d.jsonl;rollout-2026-08-04T10-21-58-019fcaca-d45c-71e2-b106-bf99705f2352.jsonl;rollout-2026-08-04T10-34-18-019fcad6-1ecd-7850-99bb-3c6de4e50875.jsonl;rollout-2026-08-04T10-48-23-019fcae3-056d-75d1-92ad-eb777da35982.jsonl;rollout-2026-08-04T11-16-01-019fcafc-52a7-7192-8947-b6108df3e0a0.jsonl;rollout-2026-08-04T12-06-35-019fcb2a-9ce7-77a0-883d-13f05394caa9.jsonl;rollout-2026-08-04T13-25-53-019fcb73-38aa-7dc1-a0e8-ba0bbda0b211.jsonl;rollout-2026-08-04T14-54-53-019fcbc4-b3f2-77f3-b7c1-a06a5366e820.jsonl;rollout-2026-08-04T16-25-55-019fcc18-0915-78d0-ba2c-e6b7a07eb9f1.jsonl;rollout-2026-08-04T20-47-31-019fcd07-8c5b-7af3-b9ec-87cb36d7a952.jsonl,public\admin_assets\lib\chart\chart.min.js
public\admin_assets\lib\easing\easing.js,True,13,13,rollout-2026-07-31T11-06-09-019fb659-d8c8-7971-aa5f-6125546bafd1.jsonl;rollout-2026-08-02T17-29-48-019fc205-cd55-7a50-950b-2f6a196b5dee.jsonl;rollout-2026-08-04T09-20-33-019fca92-996a-7fb0-beea-942596ee66ef.jsonl;rollout-2026-08-04T10-12-03-019fcac1-c2c1-7fa1-9025-75f407e5c17d.jsonl;rollout-2026-08-04T10-21-58-019fcaca-d45c-71e2-b106-bf99705f2352.jsonl;rollout-2026-08-04T10-34-18-019fcad6-1ecd-7850-99bb-3c6de4e50875.jsonl;rollout-2026-08-04T10-48-23-019fcae3-056d-75d1-92ad-eb777da35982.jsonl;rollout-2026-08-04T11-16-01-019fcafc-52a7-7192-8947-b6108df3e0a0.jsonl;rollout-2026-08-04T12-06-35-019fcb2a-9ce7-77a0-883d-13f05394caa9.jsonl;rollout-2026-08-04T13-25-53-019fcb73-38aa-7dc1-a0e8-ba0bbda0b211.jsonl;rollout-2026-08-04T14-54-53-019fcbc4-b3f2-77f3-b7c1-a06a5366e820.jsonl;rollout-2026-08-04T16-25-55-019fcc18-0915-78d0-ba2c-e6b7a07eb9f1.jsonl;rollout-2026-08-04T20-47-31-019fcd07-8c5b-7af3-b9ec-87cb36d7a952.jsonl,public\admin_assets\lib\easing\easing.js
public\admin_assets\lib\easing\easing.min.js,True,14,14,rollout-2026-07-31T11-06-09-019fb659-d8c8-7971-aa5f-6125546bafd1.jsonl;rollout-2026-08-02T17-29-48-019fc205-cd55-7a50-950b-2f6a196b5dee.jsonl;rollout-2026-08-04T09-20-33-019fca92-996a-7fb0-beea-942596ee66ef.jsonl;rollout-2026-08-04T10-12-03-019fcac1-c2c1-7fa1-9025-75f407e5c17d.jsonl;rollout-2026-08-04T10-15-17-019fcac4-b895-7d41-8678-b7e083a63a7c.jsonl;rollout-2026-08-04T10-21-58-019fcaca-d45c-71e2-b106-bf99705f2352.jsonl;rollout-2026-08-04T10-34-18-019fcad6-1ecd-7850-99bb-3c6de4e50875.jsonl;rollout-2026-08-04T10-48-23-019fcae3-056d-75d1-92ad-eb777da35982.jsonl;rollout-2026-08-04T11-16-01-019fcafc-52a7-7192-8947-b6108df3e0a0.jsonl;rollout-2026-08-04T12-06-35-019fcb2a-9ce7-77a0-883d-13f05394caa9.jsonl;rollout-2026-08-04T13-25-53-019fcb73-38aa-7dc1-a0e8-ba0bbda0b211.jsonl;rollout-2026-08-04T14-54-53-019fcbc4-b3f2-77f3-b7c1-a06a5366e820.jsonl;rollout-2026-08-04T16-25-55-019fcc18-0915-78d0-ba2c-e6b7a07eb9f1.jsonl;rollout-2026-08-04T20-47-31-019fcd07-8c5b-7af3-b9ec-87cb36d7a952.jsonl,public\admin_assets\lib\easing\easing.min.js
public\admin_assets\lib\owlcarousel\assets\owl.carousel.css,True,13,14,rollout-2026-07-31T11-06-09-019fb659-d8c8-7971-aa5f-6125546bafd1.jsonl;rollout-2026-08-02T17-29-48-019fc205-cd55-7a50-950b-2f6a196b5dee.jsonl;rollout-2026-08-04T09-20-33-019fca92-996a-7fb0-beea-942596ee66ef.jsonl;rollout-2026-08-04T10-12-03-019fcac1-c2c1-7fa1-9025-75f407e5c17d.jsonl;rollout-2026-08-04T10-21-58-019fcaca-d45c-71e2-b106-bf99705f2352.jsonl;rollout-2026-08-04T10-34-18-019fcad6-1ecd-7850-99bb-3c6de4e50875.jsonl;rollout-2026-08-04T10-48-23-019fcae3-056d-75d1-92ad-eb777da35982.jsonl;rollout-2026-08-04T11-16-01-019fcafc-52a7-7192-8947-b6108df3e0a0.jsonl;rollout-2026-08-04T12-06-35-019fcb2a-9ce7-77a0-883d-13f05394caa9.jsonl;rollout-2026-08-04T13-25-53-019fcb73-38aa-7dc1-a0e8-ba0bbda0b211.jsonl;rollout-2026-08-04T14-54-53-019fcbc4-b3f2-77f3-b7c1-a06a5366e820.jsonl;rollout-2026-08-04T16-25-55-019fcc18-0915-78d0-ba2c-e6b7a07eb9f1.jsonl;rollout-2026-08-04T20-47-31-019fcd07-8c5b-7af3-b9ec-87cb36d7a952.jsonl,public\admin_assets\lib\owlcarousel\assets\owl.carousel.css
public\admin_assets\lib\owlcarousel\assets\owl.carousel.min.css,True,13,14,rollout-2026-07-31T11-06-09-019fb659-d8c8-7971-aa5f-6125546bafd1.jsonl;rollout-2026-08-02T17-29-48-019fc205-cd55-7a50-950b-2f6a196b5dee.jsonl;rollout-2026-08-04T09-20-33-019fca92-996a-7fb0-beea-942596ee66ef.jsonl;rollout-2026-08-04T10-12-03-019fcac1-c2c1-7fa1-9025-75f407e5c17d.jsonl;rollout-2026-08-04T10-21-58-019fcaca-d45c-71e2-b106-bf99705f2352.jsonl;rollout-2026-08-04T10-34-18-019fcad6-1ecd-7850-99bb-3c6de4e50875.jsonl;rollout-2026-08-04T10-48-23-019fcae3-056d-75d1-92ad-eb777da35982.jsonl;rollout-2026-08-04T11-16-01-019fcafc-52a7-7192-8947-b6108df3e0a0.jsonl;rollout-2026-08-04T12-06-35-019fcb2a-9ce7-77a0-883d-13f05394caa9.jsonl;rollout-2026-08-04T13-25-53-019fcb73-38aa-7dc1-a0e8-ba0bbda0b211.jsonl;rollout-2026-08-04T14-54-53-019fcbc4-b3f2-77f3-b7c1-a06a5366e820.jsonl;rollout-2026-08-04T16-25-55-019fcc18-0915-78d0-ba2c-e6b7a07eb9f1.jsonl;rollout-2026-08-04T20-47-31-019fcd07-8c5b-7af3-b9ec-87cb36d7a952.jsonl,public\admin_assets\lib\owlcarousel\assets\owl.carousel.min.css
public\admin_assets\lib\owlcarousel\assets\owl.theme.default.css,True,13,13,rollout-2026-07-31T11-06-09-019fb659-d8c8-7971-aa5f-6125546bafd1.jsonl;rollout-2026-08-02T17-29-48-019fc205-cd55-7a50-950b-2f6a196b5dee.jsonl;rollout-2026-08-04T09-20-33-019fca92-996a-7fb0-beea-942596ee66ef.jsonl;rollout-2026-08-04T10-12-03-019fcac1-c2c1-7fa1-9025-75f407e5c17d.jsonl;rollout-2026-08-04T10-21-58-019fcaca-d45c-71e2-b106-bf99705f2352.jsonl;rollout-2026-08-04T10-34-18-019fcad6-1ecd-7850-99bb-3c6de4e50875.jsonl;rollout-2026-08-04T10-48-23-019fcae3-056d-75d1-92ad-eb777da35982.jsonl;rollout-2026-08-04T11-16-01-019fcafc-52a7-7192-8947-b6108df3e0a0.jsonl;rollout-2026-08-04T12-06-35-019fcb2a-9ce7-77a0-883d-13f05394caa9.jsonl;rollout-2026-08-04T13-25-53-019fcb73-38aa-7dc1-a0e8-ba0bbda0b211.jsonl;rollout-2026-08-04T14-54-53-019fcbc4-b3f2-77f3-b7c1-a06a5366e820.jsonl;rollout-2026-08-04T16-25-55-019fcc18-0915-78d0-ba2c-e6b7a07eb9f1.jsonl;rollout-2026-08-04T20-47-31-019fcd07-8c5b-7af3-b9ec-87cb36d7a952.jsonl,public\admin_assets\lib\owlcarousel\assets\owl.theme.default.css
public\admin_assets\lib\owlcarousel\assets\owl.theme.default.min.css,True,13,13,rollout-2026-07-31T11-06-09-019fb659-d8c8-7971-aa5f-6125546bafd1.jsonl;rollout-2026-08-02T17-29-48-019fc205-cd55-7a50-950b-2f6a196b5dee.jsonl;rollout-2026-08-04T09-20-33-019fca92-996a-7fb0-beea-942596ee66ef.jsonl;rollout-2026-08-04T10-12-03-019fcac1-c2c1-7fa1-9025-75f407e5c17d.jsonl;rollout-2026-08-04T10-21-58-019fcaca-d45c-71e2-b106-bf99705f2352.jsonl;rollout-2026-08-04T10-34-18-019fcad6-1ecd-7850-99bb-3c6de4e50875.jsonl;rollout-2026-08-04T10-48-23-019fcae3-056d-75d1-92ad-eb777da35982.jsonl;rollout-2026-08-04T11-16-01-019fcafc-52a7-7192-8947-b6108df3e0a0.jsonl;rollout-2026-08-04T12-06-35-019fcb2a-9ce7-77a0-883d-13f05394caa9.jsonl;rollout-2026-08-04T13-25-53-019fcb73-38aa-7dc1-a0e8-ba0bbda0b211.jsonl;rollout-2026-08-04T14-54-53-019fcbc4-b3f2-77f3-b7c1-a06a5366e820.jsonl;rollout-2026-08-04T16-25-55-019fcc18-0915-78d0-ba2c-e6b7a07eb9f1.jsonl;rollout-2026-08-04T20-47-31-019fcd07-8c5b-7af3-b9ec-87cb36d7a952.jsonl,public\admin_assets\lib\owlcarousel\assets\owl.theme.default.min.css
public\admin_assets\lib\owlcarousel\assets\owl.theme.green.css,True,13,13,rollout-2026-07-31T11-06-09-019fb659-d8c8-7971-aa5f-6125546bafd1.jsonl;rollout-2026-08-02T17-29-48-019fc205-cd55-7a50-950b-2f6a196b5dee.jsonl;rollout-2026-08-04T09-20-33-019fca92-996a-7fb0-beea-942596ee66ef.jsonl;rollout-2026-08-04T10-12-03-019fcac1-c2c1-7fa1-9025-75f407e5c17d.jsonl;rollout-2026-08-04T10-21-58-019fcaca-d45c-71e2-b106-bf99705f2352.jsonl;rollout-2026-08-04T10-34-18-019fcad6-1ecd-7850-99bb-3c6de4e50875.jsonl;rollout-2026-08-04T10-48-23-019fcae3-056d-75d1-92ad-eb777da35982.jsonl;rollout-2026-08-04T11-16-01-019fcafc-52a7-7192-8947-b6108df3e0a0.jsonl;rollout-2026-08-04T12-06-35-019fcb2a-9ce7-77a0-883d-13f05394caa9.jsonl;rollout-2026-08-04T13-25-53-019fcb73-38aa-7dc1-a0e8-ba0bbda0b211.jsonl;rollout-2026-08-04T14-54-53-019fcbc4-b3f2-77f3-b7c1-a06a5366e820.jsonl;rollout-2026-08-04T16-25-55-019fcc18-0915-78d0-ba2c-e6b7a07eb9f1.jsonl;rollout-2026-08-04T20-47-31-019fcd07-8c5b-7af3-b9ec-87cb36d7a952.jsonl,public\admin_assets\lib\owlcarousel\assets\owl.theme.green.css
public\admin_assets\lib\owlcarousel\assets\owl.theme.green.min.css,True,13,13,rollout-2026-07-31T11-06-09-019fb659-d8c8-7971-aa5f-6125546bafd1.jsonl;rollout-2026-08-02T17-29-48-019fc205-cd55-7a50-950b-2f6a196b5dee.jsonl;rollout-2026-08-04T09-20-33-019fca92-996a-7fb0-beea-942596ee66ef.jsonl;rollout-2026-08-04T10-12-03-019fcac1-c2c1-7fa1-9025-75f407e5c17d.jsonl;rollout-2026-08-04T10-21-58-019fcaca-d45c-71e2-b106-bf99705f2352.jsonl;rollout-2026-08-04T10-34-18-019fcad6-1ecd-7850-99bb-3c6de4e50875.jsonl;rollout-2026-08-04T10-48-23-019fcae3-056d-75d1-92ad-eb777da35982.jsonl;rollout-2026-08-04T11-16-01-019fcafc-52a7-7192-8947-b6108df3e0a0.jsonl;rollout-2026-08-04T12-06-35-019fcb2a-9ce7-77a0-883d-13f05394caa9.jsonl;rollout-2026-08-04T13-25-53-019fcb73-38aa-7dc1-a0e8-ba0bbda0b211.jsonl;rollout-2026-08-04T14-54-53-019fcbc4-b3f2-77f3-b7c1-a06a5366e820.jsonl;rollout-2026-08-04T16-25-55-019fcc18-0915-78d0-ba2c-e6b7a07eb9f1.jsonl;rollout-2026-08-04T20-47-31-019fcd07-8c5b-7af3-b9ec-87cb36d7a952.jsonl,public\admin_assets\lib\owlcarousel\assets\owl.theme.green.min.css
public\admin_assets\lib\owlcarousel\assets\owl.video.play.png,True,12,12,rollout-2026-07-31T11-06-09-019fb659-d8c8-7971-aa5f-6125546bafd1.jsonl;rollout-2026-08-04T09-20-33-019fca92-996a-7fb0-beea-942596ee66ef.jsonl;rollout-2026-08-04T10-12-03-019fcac1-c2c1-7fa1-9025-75f407e5c17d.jsonl;rollout-2026-08-04T10-21-58-019fcaca-d45c-71e2-b106-bf99705f2352.jsonl;rollout-2026-08-04T10-34-18-019fcad6-1ecd-7850-99bb-3c6de4e50875.jsonl;rollout-2026-08-04T10-48-23-019fcae3-056d-75d1-92ad-eb777da35982.jsonl;rollout-2026-08-04T11-16-01-019fcafc-52a7-7192-8947-b6108df3e0a0.jsonl;rollout-2026-08-04T12-06-35-019fcb2a-9ce7-77a0-883d-13f05394caa9.jsonl;rollout-2026-08-04T13-25-53-019fcb73-38aa-7dc1-a0e8-ba0bbda0b211.jsonl;rollout-2026-08-04T14-54-53-019fcbc4-b3f2-77f3-b7c1-a06a5366e820.jsonl;rollout-2026-08-04T16-25-55-019fcc18-0915-78d0-ba2c-e6b7a07eb9f1.jsonl;rollout-2026-08-04T20-47-31-019fcd07-8c5b-7af3-b9ec-87cb36d7a952.jsonl,public\admin_assets\lib\owlcarousel\assets\owl.video.play.png
public\admin_assets\lib\owlcarousel\owl.carousel.js,True,15,65,rollout-2026-07-31T11-06-09-019fb659-d8c8-7971-aa5f-6125546bafd1.jsonl;rollout-2026-08-02T17-29-48-019fc205-cd55-7a50-950b-2f6a196b5dee.jsonl;rollout-2026-08-03T11-06-38-019fc5cd-5f39-7863-a5b2-93a372b3a4ab.jsonl;rollout-2026-08-04T08-35-38-019fca69-7aad-7c81-a41b-21d9b9b7a3a6.jsonl;rollout-2026-08-04T09-20-33-019fca92-996a-7fb0-beea-942596ee66ef.jsonl;rollout-2026-08-04T10-12-03-019fcac1-c2c1-7fa1-9025-75f407e5c17d.jsonl;rollout-2026-08-04T10-21-58-019fcaca-d45c-71e2-b106-bf99705f2352.jsonl;rollout-2026-08-04T10-34-18-019fcad6-1ecd-7850-99bb-3c6de4e50875.jsonl;rollout-2026-08-04T10-48-23-019fcae3-056d-75d1-92ad-eb777da35982.jsonl;rollout-2026-08-04T11-16-01-019fcafc-52a7-7192-8947-b6108df3e0a0.jsonl;rollout-2026-08-04T12-06-35-019fcb2a-9ce7-77a0-883d-13f05394caa9.jsonl;rollout-2026-08-04T13-25-53-019fcb73-38aa-7dc1-a0e8-ba0bbda0b211.jsonl;rollout-2026-08-04T14-54-53-019fcbc4-b3f2-77f3-b7c1-a06a5366e820.jsonl;rollout-2026-08-04T16-25-55-019fcc18-0915-78d0-ba2c-e6b7a07eb9f1.jsonl;rollout-2026-08-04T20-47-31-019fcd07-8c5b-7af3-b9ec-87cb36d7a952.jsonl,public\admin_assets\lib\owlcarousel\owl.carousel.js
public\admin_assets\lib\owlcarousel\owl.carousel.min.js,True,13,14,rollout-2026-07-31T11-06-09-019fb659-d8c8-7971-aa5f-6125546bafd1.jsonl;rollout-2026-08-02T17-29-48-019fc205-cd55-7a50-950b-2f6a196b5dee.jsonl;rollout-2026-08-04T09-20-33-019fca92-996a-7fb0-beea-942596ee66ef.jsonl;rollout-2026-08-04T10-12-03-019fcac1-c2c1-7fa1-9025-75f407e5c17d.jsonl;rollout-2026-08-04T10-21-58-019fcaca-d45c-71e2-b106-bf99705f2352.jsonl;rollout-2026-08-04T10-34-18-019fcad6-1ecd-7850-99bb-3c6de4e50875.jsonl;rollout-2026-08-04T10-48-23-019fcae3-056d-75d1-92ad-eb777da35982.jsonl;rollout-2026-08-04T11-16-01-019fcafc-52a7-7192-8947-b6108df3e0a0.jsonl;rollout-2026-08-04T12-06-35-019fcb2a-9ce7-77a0-883d-13f05394caa9.jsonl;rollout-2026-08-04T13-25-53-019fcb73-38aa-7dc1-a0e8-ba0bbda0b211.jsonl;rollout-2026-08-04T14-54-53-019fcbc4-b3f2-77f3-b7c1-a06a5366e820.jsonl;rollout-2026-08-04T16-25-55-019fcc18-0915-78d0-ba2c-e6b7a07eb9f1.jsonl;rollout-2026-08-04T20-47-31-019fcd07-8c5b-7af3-b9ec-87cb36d7a952.jsonl,public\admin_assets\lib\owlcarousel\owl.carousel.min.js
public\admin_assets\lib\tempusdominus\css\tempusdominus-bootstrap-4.css,True,13,14,rollout-2026-07-31T11-06-09-019fb659-d8c8-7971-aa5f-6125546bafd1.jsonl;rollout-2026-08-02T17-29-48-019fc205-cd55-7a50-950b-2f6a196b5dee.jsonl;rollout-2026-08-04T09-20-33-019fca92-996a-7fb0-beea-942596ee66ef.jsonl;rollout-2026-08-04T10-12-03-019fcac1-c2c1-7fa1-9025-75f407e5c17d.jsonl;rollout-2026-08-04T10-21-58-019fcaca-d45c-71e2-b106-bf99705f2352.jsonl;rollout-2026-08-04T10-34-18-019fcad6-1ecd-7850-99bb-3c6de4e50875.jsonl;rollout-2026-08-04T10-48-23-019fcae3-056d-75d1-92ad-eb777da35982.jsonl;rollout-2026-08-04T11-16-01-019fcafc-52a7-7192-8947-b6108df3e0a0.jsonl;rollout-2026-08-04T12-06-35-019fcb2a-9ce7-77a0-883d-13f05394caa9.jsonl;rollout-2026-08-04T13-25-53-019fcb73-38aa-7dc1-a0e8-ba0bbda0b211.jsonl;rollout-2026-08-04T14-54-53-019fcbc4-b3f2-77f3-b7c1-a06a5366e820.jsonl;rollout-2026-08-04T16-25-55-019fcc18-0915-78d0-ba2c-e6b7a07eb9f1.jsonl;rollout-2026-08-04T20-47-31-019fcd07-8c5b-7af3-b9ec-87cb36d7a952.jsonl,public\admin_assets\lib\tempusdominus\css\tempusdominus-bootstrap-4.css
public\admin_assets\lib\tempusdominus\css\tempusdominus-bootstrap-4.min.css,True,13,14,rollout-2026-07-31T11-06-09-019fb659-d8c8-7971-aa5f-6125546bafd1.jsonl;rollout-2026-08-02T17-29-48-019fc205-cd55-7a50-950b-2f6a196b5dee.jsonl;rollout-2026-08-04T09-20-33-019fca92-996a-7fb0-beea-942596ee66ef.jsonl;rollout-2026-08-04T10-12-03-019fcac1-c2c1-7fa1-9025-75f407e5c17d.jsonl;rollout-2026-08-04T10-21-58-019fcaca-d45c-71e2-b106-bf99705f2352.jsonl;rollout-2026-08-04T10-34-18-019fcad6-1ecd-7850-99bb-3c6de4e50875.jsonl;rollout-2026-08-04T10-48-23-019fcae3-056d-75d1-92ad-eb777da35982.jsonl;rollout-2026-08-04T11-16-01-019fcafc-52a7-7192-8947-b6108df3e0a0.jsonl;rollout-2026-08-04T12-06-35-019fcb2a-9ce7-77a0-883d-13f05394caa9.jsonl;rollout-2026-08-04T13-25-53-019fcb73-38aa-7dc1-a0e8-ba0bbda0b211.jsonl;rollout-2026-08-04T14-54-53-019fcbc4-b3f2-77f3-b7c1-a06a5366e820.jsonl;rollout-2026-08-04T16-25-55-019fcc18-0915-78d0-ba2c-e6b7a07eb9f1.jsonl;rollout-2026-08-04T20-47-31-019fcd07-8c5b-7af3-b9ec-87cb36d7a952.jsonl,public\admin_assets\lib\tempusdominus\css\tempusdominus-bootstrap-4.min.css
public\admin_assets\lib\tempusdominus\js\moment-timezone.min.js,True,13,13,rollout-2026-07-31T11-06-09-019fb659-d8c8-7971-aa5f-6125546bafd1.jsonl;rollout-2026-08-02T17-29-48-019fc205-cd55-7a50-950b-2f6a196b5dee.jsonl;rollout-2026-08-04T09-20-33-019fca92-996a-7fb0-beea-942596ee66ef.jsonl;rollout-2026-08-04T10-12-03-019fcac1-c2c1-7fa1-9025-75f407e5c17d.jsonl;rollout-2026-08-04T10-21-58-019fcaca-d45c-71e2-b106-bf99705f2352.jsonl;rollout-2026-08-04T10-34-18-019fcad6-1ecd-7850-99bb-3c6de4e50875.jsonl;rollout-2026-08-04T10-48-23-019fcae3-056d-75d1-92ad-eb777da35982.jsonl;rollout-2026-08-04T11-16-01-019fcafc-52a7-7192-8947-b6108df3e0a0.jsonl;rollout-2026-08-04T12-06-35-019fcb2a-9ce7-77a0-883d-13f05394caa9.jsonl;rollout-2026-08-04T13-25-53-019fcb73-38aa-7dc1-a0e8-ba0bbda0b211.jsonl;rollout-2026-08-04T14-54-53-019fcbc4-b3f2-77f3-b7c1-a06a5366e820.jsonl;rollout-2026-08-04T16-25-55-019fcc18-0915-78d0-ba2c-e6b7a07eb9f1.jsonl;rollout-2026-08-04T20-47-31-019fcd07-8c5b-7af3-b9ec-87cb36d7a952.jsonl,public\admin_assets\lib\tempusdominus\js\moment-timezone.min.js
public\admin_assets\lib\tempusdominus\js\moment.min.js,True,13,13,rollout-2026-07-31T11-06-09-019fb659-d8c8-7971-aa5f-6125546bafd1.jsonl;rollout-2026-08-02T17-29-48-019fc205-cd55-7a50-950b-2f6a196b5dee.jsonl;rollout-2026-08-04T09-20-33-019fca92-996a-7fb0-beea-942596ee66ef.jsonl;rollout-2026-08-04T10-12-03-019fcac1-c2c1-7fa1-9025-75f407e5c17d.jsonl;rollout-2026-08-04T10-21-58-019fcaca-d45c-71e2-b106-bf99705f2352.jsonl;rollout-2026-08-04T10-34-18-019fcad6-1ecd-7850-99bb-3c6de4e50875.jsonl;rollout-2026-08-04T10-48-23-019fcae3-056d-75d1-92ad-eb777da35982.jsonl;rollout-2026-08-04T11-16-01-019fcafc-52a7-7192-8947-b6108df3e0a0.jsonl;rollout-2026-08-04T12-06-35-019fcb2a-9ce7-77a0-883d-13f05394caa9.jsonl;rollout-2026-08-04T13-25-53-019fcb73-38aa-7dc1-a0e8-ba0bbda0b211.jsonl;rollout-2026-08-04T14-54-53-019fcbc4-b3f2-77f3-b7c1-a06a5366e820.jsonl;rollout-2026-08-04T16-25-55-019fcc18-0915-78d0-ba2c-e6b7a07eb9f1.jsonl;rollout-2026-08-04T20-47-31-019fcd07-8c5b-7af3-b9ec-87cb36d7a952.jsonl,public\admin_assets\lib\tempusdominus\js\moment.min.js
public\admin_assets\lib\tempusdominus\js\tempusdominus-bootstrap-4.js,True,13,13,rollout-2026-07-31T11-06-09-019fb659-d8c8-7971-aa5f-6125546bafd1.jsonl;rollout-2026-08-02T17-29-48-019fc205-cd55-7a50-950b-2f6a196b5dee.jsonl;rollout-2026-08-04T09-20-33-019fca92-996a-7fb0-beea-942596ee66ef.jsonl;rollout-2026-08-04T10-12-03-019fcac1-c2c1-7fa1-9025-75f407e5c17d.jsonl;rollout-2026-08-04T10-21-58-019fcaca-d45c-71e2-b106-bf99705f2352.jsonl;rollout-2026-08-04T10-34-18-019fcad6-1ecd-7850-99bb-3c6de4e50875.jsonl;rollout-2026-08-04T10-48-23-019fcae3-056d-75d1-92ad-eb777da35982.jsonl;rollout-2026-08-04T11-16-01-019fcafc-52a7-7192-8947-b6108df3e0a0.jsonl;rollout-2026-08-04T12-06-35-019fcb2a-9ce7-77a0-883d-13f05394caa9.jsonl;rollout-2026-08-04T13-25-53-019fcb73-38aa-7dc1-a0e8-ba0bbda0b211.jsonl;rollout-2026-08-04T14-54-53-019fcbc4-b3f2-77f3-b7c1-a06a5366e820.jsonl;rollout-2026-08-04T16-25-55-019fcc18-0915-78d0-ba2c-e6b7a07eb9f1.jsonl;rollout-2026-08-04T20-47-31-019fcd07-8c5b-7af3-b9ec-87cb36d7a952.jsonl,public\admin_assets\lib\tempusdominus\js\tempusdominus-bootstrap-4.js
public\admin_assets\lib\tempusdominus\js\tempusdominus-bootstrap-4.min.js,True,14,14,rollout-2026-07-31T11-06-09-019fb659-d8c8-7971-aa5f-6125546bafd1.jsonl;rollout-2026-08-02T17-29-48-019fc205-cd55-7a50-950b-2f6a196b5dee.jsonl;rollout-2026-08-04T09-20-33-019fca92-996a-7fb0-beea-942596ee66ef.jsonl;rollout-2026-08-04T10-12-03-019fcac1-c2c1-7fa1-9025-75f407e5c17d.jsonl;rollout-2026-08-04T10-21-58-019fcaca-d45c-71e2-b106-bf99705f2352.jsonl;rollout-2026-08-04T10-34-18-019fcad6-1ecd-7850-99bb-3c6de4e50875.jsonl;rollout-2026-08-04T10-48-23-019fcae3-056d-75d1-92ad-eb777da35982.jsonl;rollout-2026-08-04T11-16-01-019fcafc-52a7-7192-8947-b6108df3e0a0.jsonl;rollout-2026-08-04T12-06-35-019fcb2a-9ce7-77a0-883d-13f05394caa9.jsonl;rollout-2026-08-04T13-25-53-019fcb73-38aa-7dc1-a0e8-ba0bbda0b211.jsonl;rollout-2026-08-04T14-54-53-019fcbc4-b3f2-77f3-b7c1-a06a5366e820.jsonl;rollout-2026-08-04T15-01-41-019fcbca-eaed-74d1-bf45-177cdb3f3491.jsonl;rollout-2026-08-04T16-25-55-019fcc18-0915-78d0-ba2c-e6b7a07eb9f1.jsonl;rollout-2026-08-04T20-47-31-019fcd07-8c5b-7af3-b9ec-87cb36d7a952.jsonl,public\admin_assets\lib\tempusdominus\js\tempusdominus-bootstrap-4.min.js
public\admin_assets\lib\waypoints\links.php,True,12,12,rollout-2026-07-31T11-06-09-019fb659-d8c8-7971-aa5f-6125546bafd1.jsonl;rollout-2026-08-04T09-20-33-019fca92-996a-7fb0-beea-942596ee66ef.jsonl;rollout-2026-08-04T10-12-03-019fcac1-c2c1-7fa1-9025-75f407e5c17d.jsonl;rollout-2026-08-04T10-21-58-019fcaca-d45c-71e2-b106-bf99705f2352.jsonl;rollout-2026-08-04T10-34-18-019fcad6-1ecd-7850-99bb-3c6de4e50875.jsonl;rollout-2026-08-04T10-48-23-019fcae3-056d-75d1-92ad-eb777da35982.jsonl;rollout-2026-08-04T11-16-01-019fcafc-52a7-7192-8947-b6108df3e0a0.jsonl;rollout-2026-08-04T12-06-35-019fcb2a-9ce7-77a0-883d-13f05394caa9.jsonl;rollout-2026-08-04T13-25-53-019fcb73-38aa-7dc1-a0e8-ba0bbda0b211.jsonl;rollout-2026-08-04T14-54-53-019fcbc4-b3f2-77f3-b7c1-a06a5366e820.jsonl;rollout-2026-08-04T16-25-55-019fcc18-0915-78d0-ba2c-e6b7a07eb9f1.jsonl;rollout-2026-08-04T20-47-31-019fcd07-8c5b-7af3-b9ec-87cb36d7a952.jsonl,public\admin_assets\lib\waypoints\links.php
public\admin_assets\lib\waypoints\waypoints.min.js,True,13,13,rollout-2026-07-31T11-06-09-019fb659-d8c8-7971-aa5f-6125546bafd1.jsonl;rollout-2026-08-02T17-29-48-019fc205-cd55-7a50-950b-2f6a196b5dee.jsonl;rollout-2026-08-04T09-20-33-019fca92-996a-7fb0-beea-942596ee66ef.jsonl;rollout-2026-08-04T10-12-03-019fcac1-c2c1-7fa1-9025-75f407e5c17d.jsonl;rollout-2026-08-04T10-21-58-019fcaca-d45c-71e2-b106-bf99705f2352.jsonl;rollout-2026-08-04T10-34-18-019fcad6-1ecd-7850-99bb-3c6de4e50875.jsonl;rollout-2026-08-04T10-48-23-019fcae3-056d-75d1-92ad-eb777da35982.jsonl;rollout-2026-08-04T11-16-01-019fcafc-52a7-7192-8947-b6108df3e0a0.jsonl;rollout-2026-08-04T12-06-35-019fcb2a-9ce7-77a0-883d-13f05394caa9.jsonl;rollout-2026-08-04T13-25-53-019fcb73-38aa-7dc1-a0e8-ba0bbda0b211.jsonl;rollout-2026-08-04T14-54-53-019fcbc4-b3f2-77f3-b7c1-a06a5366e820.jsonl;rollout-2026-08-04T16-25-55-019fcc18-0915-78d0-ba2c-e6b7a07eb9f1.jsonl;rollout-2026-08-04T20-47-31-019fcd07-8c5b-7af3-b9ec-87cb36d7a952.jsonl,public\admin_assets\lib\waypoints\waypoints.min.js
public\admin_assets\plugins\toastr\toastr-init.js,True,13,13,rollout-2026-07-31T11-06-09-019fb659-d8c8-7971-aa5f-6125546bafd1.jsonl;rollout-2026-08-02T17-29-48-019fc205-cd55-7a50-950b-2f6a196b5dee.jsonl;rollout-2026-08-04T09-20-33-019fca92-996a-7fb0-beea-942596ee66ef.jsonl;rollout-2026-08-04T10-12-03-019fcac1-c2c1-7fa1-9025-75f407e5c17d.jsonl;rollout-2026-08-04T10-21-58-019fcaca-d45c-71e2-b106-bf99705f2352.jsonl;rollout-2026-08-04T10-34-18-019fcad6-1ecd-7850-99bb-3c6de4e50875.jsonl;rollout-2026-08-04T10-48-23-019fcae3-056d-75d1-92ad-eb777da35982.jsonl;rollout-2026-08-04T11-16-01-019fcafc-52a7-7192-8947-b6108df3e0a0.jsonl;rollout-2026-08-04T12-06-35-019fcb2a-9ce7-77a0-883d-13f05394caa9.jsonl;rollout-2026-08-04T13-25-53-019fcb73-38aa-7dc1-a0e8-ba0bbda0b211.jsonl;rollout-2026-08-04T14-54-53-019fcbc4-b3f2-77f3-b7c1-a06a5366e820.jsonl;rollout-2026-08-04T16-25-55-019fcc18-0915-78d0-ba2c-e6b7a07eb9f1.jsonl;rollout-2026-08-04T20-47-31-019fcd07-8c5b-7af3-b9ec-87cb36d7a952.jsonl,public\admin_assets\plugins\toastr\toastr-init.js
public\admin_assets\plugins\toastr\toastr.css,True,13,13,rollout-2026-07-31T11-06-09-019fb659-d8c8-7971-aa5f-6125546bafd1.jsonl;rollout-2026-08-02T17-29-48-019fc205-cd55-7a50-950b-2f6a196b5dee.jsonl;rollout-2026-08-04T09-20-33-019fca92-996a-7fb0-beea-942596ee66ef.jsonl;rollout-2026-08-04T10-12-03-019fcac1-c2c1-7fa1-9025-75f407e5c17d.jsonl;rollout-2026-08-04T10-21-58-019fcaca-d45c-71e2-b106-bf99705f2352.jsonl;rollout-2026-08-04T10-34-18-019fcad6-1ecd-7850-99bb-3c6de4e50875.jsonl;rollout-2026-08-04T10-48-23-019fcae3-056d-75d1-92ad-eb777da35982.jsonl;rollout-2026-08-04T11-16-01-019fcafc-52a7-7192-8947-b6108df3e0a0.jsonl;rollout-2026-08-04T12-06-35-019fcb2a-9ce7-77a0-883d-13f05394caa9.jsonl;rollout-2026-08-04T13-25-53-019fcb73-38aa-7dc1-a0e8-ba0bbda0b211.jsonl;rollout-2026-08-04T14-54-53-019fcbc4-b3f2-77f3-b7c1-a06a5366e820.jsonl;rollout-2026-08-04T16-25-55-019fcc18-0915-78d0-ba2c-e6b7a07eb9f1.jsonl;rollout-2026-08-04T20-47-31-019fcd07-8c5b-7af3-b9ec-87cb36d7a952.jsonl,public\admin_assets\plugins\toastr\toastr.css
public\admin_assets\plugins\toastr\toastr.min.js,True,13,14,rollout-2026-07-31T11-06-09-019fb659-d8c8-7971-aa5f-6125546bafd1.jsonl;rollout-2026-08-02T17-29-48-019fc205-cd55-7a50-950b-2f6a196b5dee.jsonl;rollout-2026-08-04T09-20-33-019fca92-996a-7fb0-beea-942596ee66ef.jsonl;rollout-2026-08-04T10-12-03-019fcac1-c2c1-7fa1-9025-75f407e5c17d.jsonl;rollout-2026-08-04T10-21-58-019fcaca-d45c-71e2-b106-bf99705f2352.jsonl;rollout-2026-08-04T10-34-18-019fcad6-1ecd-7850-99bb-3c6de4e50875.jsonl;rollout-2026-08-04T10-48-23-019fcae3-056d-75d1-92ad-eb777da35982.jsonl;rollout-2026-08-04T11-16-01-019fcafc-52a7-7192-8947-b6108df3e0a0.jsonl;rollout-2026-08-04T12-06-35-019fcb2a-9ce7-77a0-883d-13f05394caa9.jsonl;rollout-2026-08-04T13-25-53-019fcb73-38aa-7dc1-a0e8-ba0bbda0b211.jsonl;rollout-2026-08-04T14-54-53-019fcbc4-b3f2-77f3-b7c1-a06a5366e820.jsonl;rollout-2026-08-04T16-25-55-019fcc18-0915-78d0-ba2c-e6b7a07eb9f1.jsonl;rollout-2026-08-04T20-47-31-019fcd07-8c5b-7af3-b9ec-87cb36d7a952.jsonl,public\admin_assets\plugins\toastr\toastr.min.js
public\build\assets\app-BBfXNPkC.css,False,1,3,rollout-2026-08-04T08-35-38-019fca69-7aad-7c81-a41b-21d9b9b7a3a6.jsonl,public/build/assets/app-BBfXNPkC.css  57.23 kB │ gzip: 9.36 kB
public\build\assets\app-BvRk9kiK.js,True,2,6,rollout-2026-08-04T08-35-38-019fca69-7aad-7c81-a41b-21d9b9b7a3a6.jsonl;rollout-2026-08-04T20-47-31-019fcd07-8c5b-7af3-b9ec-87cb36d7a952.jsonl,public/build/assets/app-BvRk9kiK.js    0.00 kB │ gzip: 0.02 kB
public\build\assets\app-Vc9x2dly.css,True,2,3,rollout-2026-08-04T08-35-38-019fca69-7aad-7c81-a41b-21d9b9b7a3a6.jsonl;rollout-2026-08-04T20-47-31-019fcd07-8c5b-7af3-b9ec-87cb36d7a952.jsonl,public/build/assets/app-Vc9x2dly.css  58.00 kB │ gzip: 9.50 kB
public\build\manifest.js,False,2,8,rollout-2026-08-04T08-35-38-019fca69-7aad-7c81-a41b-21d9b9b7a3a6.jsonl;rollout-2026-08-04T20-47-31-019fcd07-8c5b-7af3-b9ec-87cb36d7a952.jsonl,public/build/manifest.json             0.33 kB │ gzip: 0.16 kB
public\css\bootstrap.min.css,True,13,15,rollout-2026-07-31T11-06-09-019fb659-d8c8-7971-aa5f-6125546bafd1.jsonl;rollout-2026-08-02T17-29-48-019fc205-cd55-7a50-950b-2f6a196b5dee.jsonl;rollout-2026-08-04T09-20-33-019fca92-996a-7fb0-beea-942596ee66ef.jsonl;rollout-2026-08-04T10-12-03-019fcac1-c2c1-7fa1-9025-75f407e5c17d.jsonl;rollout-2026-08-04T10-15-17-019fcac4-b895-7d41-8678-b7e083a63a7c.jsonl;rollout-2026-08-04T10-21-58-019fcaca-d45c-71e2-b106-bf99705f2352.jsonl;rollout-2026-08-04T10-34-18-019fcad6-1ecd-7850-99bb-3c6de4e50875.jsonl;rollout-2026-08-04T10-48-23-019fcae3-056d-75d1-92ad-eb777da35982.jsonl;rollout-2026-08-04T11-16-01-019fcafc-52a7-7192-8947-b6108df3e0a0.jsonl;rollout-2026-08-04T12-06-35-019fcb2a-9ce7-77a0-883d-13f05394caa9.jsonl;rollout-2026-08-04T13-25-53-019fcb73-38aa-7dc1-a0e8-ba0bbda0b211.jsonl;rollout-2026-08-04T14-54-53-019fcbc4-b3f2-77f3-b7c1-a06a5366e820.jsonl;rollout-2026-08-04T16-25-55-019fcc18-0915-78d0-ba2c-e6b7a07eb9f1.jsonl,public\css\bootstrap.min.css
public\css\elegant-icons.css,True,12,16,rollout-2026-07-31T11-06-09-019fb659-d8c8-7971-aa5f-6125546bafd1.jsonl;rollout-2026-08-02T17-29-48-019fc205-cd55-7a50-950b-2f6a196b5dee.jsonl;rollout-2026-08-04T09-20-33-019fca92-996a-7fb0-beea-942596ee66ef.jsonl;rollout-2026-08-04T10-12-03-019fcac1-c2c1-7fa1-9025-75f407e5c17d.jsonl;rollout-2026-08-04T10-21-58-019fcaca-d45c-71e2-b106-bf99705f2352.jsonl;rollout-2026-08-04T10-34-18-019fcad6-1ecd-7850-99bb-3c6de4e50875.jsonl;rollout-2026-08-04T10-48-23-019fcae3-056d-75d1-92ad-eb777da35982.jsonl;rollout-2026-08-04T11-16-01-019fcafc-52a7-7192-8947-b6108df3e0a0.jsonl;rollout-2026-08-04T12-06-35-019fcb2a-9ce7-77a0-883d-13f05394caa9.jsonl;rollout-2026-08-04T13-25-53-019fcb73-38aa-7dc1-a0e8-ba0bbda0b211.jsonl;rollout-2026-08-04T14-54-53-019fcbc4-b3f2-77f3-b7c1-a06a5366e820.jsonl;rollout-2026-08-04T16-25-55-019fcc18-0915-78d0-ba2c-e6b7a07eb9f1.jsonl,public\css\elegant-icons.css
public\css\font-awesome.min.css,True,13,13,rollout-2026-07-31T11-06-09-019fb659-d8c8-7971-aa5f-6125546bafd1.jsonl;rollout-2026-08-02T17-29-48-019fc205-cd55-7a50-950b-2f6a196b5dee.jsonl;rollout-2026-08-04T08-35-38-019fca69-7aad-7c81-a41b-21d9b9b7a3a6.jsonl;rollout-2026-08-04T09-20-33-019fca92-996a-7fb0-beea-942596ee66ef.jsonl;rollout-2026-08-04T10-12-03-019fcac1-c2c1-7fa1-9025-75f407e5c17d.jsonl;rollout-2026-08-04T10-21-58-019fcaca-d45c-71e2-b106-bf99705f2352.jsonl;rollout-2026-08-04T10-34-18-019fcad6-1ecd-7850-99bb-3c6de4e50875.jsonl;rollout-2026-08-04T10-48-23-019fcae3-056d-75d1-92ad-eb777da35982.jsonl;rollout-2026-08-04T11-16-01-019fcafc-52a7-7192-8947-b6108df3e0a0.jsonl;rollout-2026-08-04T12-06-35-019fcb2a-9ce7-77a0-883d-13f05394caa9.jsonl;rollout-2026-08-04T13-25-53-019fcb73-38aa-7dc1-a0e8-ba0bbda0b211.jsonl;rollout-2026-08-04T14-54-53-019fcbc4-b3f2-77f3-b7c1-a06a5366e820.jsonl;rollout-2026-08-04T16-25-55-019fcc18-0915-78d0-ba2c-e6b7a07eb9f1.jsonl,public\css\font-awesome.min.css
public\css\jquery-ui.min.css,True,13,14,rollout-2026-07-31T11-06-09-019fb659-d8c8-7971-aa5f-6125546bafd1.jsonl;rollout-2026-08-02T17-29-48-019fc205-cd55-7a50-950b-2f6a196b5dee.jsonl;rollout-2026-08-04T09-20-33-019fca92-996a-7fb0-beea-942596ee66ef.jsonl;rollout-2026-08-04T10-12-03-019fcac1-c2c1-7fa1-9025-75f407e5c17d.jsonl;rollout-2026-08-04T10-21-58-019fcaca-d45c-71e2-b106-bf99705f2352.jsonl;rollout-2026-08-04T10-34-18-019fcad6-1ecd-7850-99bb-3c6de4e50875.jsonl;rollout-2026-08-04T10-48-23-019fcae3-056d-75d1-92ad-eb777da35982.jsonl;rollout-2026-08-04T11-16-01-019fcafc-52a7-7192-8947-b6108df3e0a0.jsonl;rollout-2026-08-04T12-04-05-019fcb28-5502-7851-a2a2-04d6af5ebca0.jsonl;rollout-2026-08-04T12-06-35-019fcb2a-9ce7-77a0-883d-13f05394caa9.jsonl;rollout-2026-08-04T13-25-53-019fcb73-38aa-7dc1-a0e8-ba0bbda0b211.jsonl;rollout-2026-08-04T14-54-53-019fcbc4-b3f2-77f3-b7c1-a06a5366e820.jsonl;rollout-2026-08-04T16-25-55-019fcc18-0915-78d0-ba2c-e6b7a07eb9f1.jsonl,public\css\jquery-ui.min.css
public\css\magnific-popup.css,True,12,12,rollout-2026-07-31T11-06-09-019fb659-d8c8-7971-aa5f-6125546bafd1.jsonl;rollout-2026-08-02T17-29-48-019fc205-cd55-7a50-950b-2f6a196b5dee.jsonl;rollout-2026-08-04T09-20-33-019fca92-996a-7fb0-beea-942596ee66ef.jsonl;rollout-2026-08-04T10-12-03-019fcac1-c2c1-7fa1-9025-75f407e5c17d.jsonl;rollout-2026-08-04T10-21-58-019fcaca-d45c-71e2-b106-bf99705f2352.jsonl;rollout-2026-08-04T10-34-18-019fcad6-1ecd-7850-99bb-3c6de4e50875.jsonl;rollout-2026-08-04T10-48-23-019fcae3-056d-75d1-92ad-eb777da35982.jsonl;rollout-2026-08-04T11-16-01-019fcafc-52a7-7192-8947-b6108df3e0a0.jsonl;rollout-2026-08-04T12-06-35-019fcb2a-9ce7-77a0-883d-13f05394caa9.jsonl;rollout-2026-08-04T13-25-53-019fcb73-38aa-7dc1-a0e8-ba0bbda0b211.jsonl;rollout-2026-08-04T14-54-53-019fcbc4-b3f2-77f3-b7c1-a06a5366e820.jsonl;rollout-2026-08-04T16-25-55-019fcc18-0915-78d0-ba2c-e6b7a07eb9f1.jsonl,public\css\magnific-popup.css
public\css\owl.carousel.min.css,True,12,12,rollout-2026-07-31T11-06-09-019fb659-d8c8-7971-aa5f-6125546bafd1.jsonl;rollout-2026-08-02T17-29-48-019fc205-cd55-7a50-950b-2f6a196b5dee.jsonl;rollout-2026-08-04T09-20-33-019fca92-996a-7fb0-beea-942596ee66ef.jsonl;rollout-2026-08-04T10-12-03-019fcac1-c2c1-7fa1-9025-75f407e5c17d.jsonl;rollout-2026-08-04T10-21-58-019fcaca-d45c-71e2-b106-bf99705f2352.jsonl;rollout-2026-08-04T10-34-18-019fcad6-1ecd-7850-99bb-3c6de4e50875.jsonl;rollout-2026-08-04T10-48-23-019fcae3-056d-75d1-92ad-eb777da35982.jsonl;rollout-2026-08-04T11-16-01-019fcafc-52a7-7192-8947-b6108df3e0a0.jsonl;rollout-2026-08-04T12-06-35-019fcb2a-9ce7-77a0-883d-13f05394caa9.jsonl;rollout-2026-08-04T13-25-53-019fcb73-38aa-7dc1-a0e8-ba0bbda0b211.jsonl;rollout-2026-08-04T14-54-53-019fcbc4-b3f2-77f3-b7c1-a06a5366e820.jsonl;rollout-2026-08-04T16-25-55-019fcc18-0915-78d0-ba2c-e6b7a07eb9f1.jsonl,public\css\owl.carousel.min.css
public\css\slicknav.min.css,True,12,12,rollout-2026-07-31T11-06-09-019fb659-d8c8-7971-aa5f-6125546bafd1.jsonl;rollout-2026-08-02T17-29-48-019fc205-cd55-7a50-950b-2f6a196b5dee.jsonl;rollout-2026-08-04T09-20-33-019fca92-996a-7fb0-beea-942596ee66ef.jsonl;rollout-2026-08-04T10-12-03-019fcac1-c2c1-7fa1-9025-75f407e5c17d.jsonl;rollout-2026-08-04T10-21-58-019fcaca-d45c-71e2-b106-bf99705f2352.jsonl;rollout-2026-08-04T10-34-18-019fcad6-1ecd-7850-99bb-3c6de4e50875.jsonl;rollout-2026-08-04T10-48-23-019fcae3-056d-75d1-92ad-eb777da35982.jsonl;rollout-2026-08-04T11-16-01-019fcafc-52a7-7192-8947-b6108df3e0a0.jsonl;rollout-2026-08-04T12-06-35-019fcb2a-9ce7-77a0-883d-13f05394caa9.jsonl;rollout-2026-08-04T13-25-53-019fcb73-38aa-7dc1-a0e8-ba0bbda0b211.jsonl;rollout-2026-08-04T14-54-53-019fcbc4-b3f2-77f3-b7c1-a06a5366e820.jsonl;rollout-2026-08-04T16-25-55-019fcc18-0915-78d0-ba2c-e6b7a07eb9f1.jsonl,public\css\slicknav.min.css
public\css\style.css,True,21,217,rollout-2026-07-31T11-06-09-019fb659-d8c8-7971-aa5f-6125546bafd1.jsonl;rollout-2026-08-02T17-29-48-019fc205-cd55-7a50-950b-2f6a196b5dee.jsonl;rollout-2026-08-04T08-35-38-019fca69-7aad-7c81-a41b-21d9b9b7a3a6.jsonl;rollout-2026-08-04T09-20-33-019fca92-996a-7fb0-beea-942596ee66ef.jsonl;rollout-2026-08-04T10-12-03-019fcac1-c2c1-7fa1-9025-75f407e5c17d.jsonl;rollout-2026-08-04T10-15-17-019fcac4-b895-7d41-8678-b7e083a63a7c.jsonl;rollout-2026-08-04T10-19-37-019fcac8-aef6-7891-b93f-98ea184a621a.jsonl;rollout-2026-08-04T10-21-58-019fcaca-d45c-71e2-b106-bf99705f2352.jsonl;rollout-2026-08-04T10-34-18-019fcad6-1ecd-7850-99bb-3c6de4e50875.jsonl;rollout-2026-08-04T10-48-23-019fcae3-056d-75d1-92ad-eb777da35982.jsonl;rollout-2026-08-04T11-16-01-019fcafc-52a7-7192-8947-b6108df3e0a0.jsonl;rollout-2026-08-04T11-30-54-019fcb09-f095-73f0-a684-f990ae1268d9.jsonl;rollout-2026-08-04T12-04-05-019fcb28-5502-7851-a2a2-04d6af5ebca0.jsonl;rollout-2026-08-04T12-06-35-019fcb2a-9ce7-77a0-883d-13f05394caa9.jsonl;rollout-2026-08-04T13-25-53-019fcb73-38aa-7dc1-a0e8-ba0bbda0b211.jsonl;rollout-2026-08-04T13-46-54-019fcb86-7621-7113-8c34-e9e4bbbbcec9.jsonl;rollout-2026-08-04T14-54-53-019fcbc4-b3f2-77f3-b7c1-a06a5366e820.jsonl;rollout-2026-08-04T15-01-41-019fcbca-eaed-74d1-bf45-177cdb3f3491.jsonl;rollout-2026-08-04T15-07-44-019fcbd0-75f1-73c3-a828-838aa341eb82.jsonl;rollout-2026-08-04T16-25-55-019fcc18-0915-78d0-ba2c-e6b7a07eb9f1.jsonl;rollout-2026-08-04T20-47-31-019fcd07-8c5b-7af3-b9ec-87cb36d7a952.jsonl,public\css\style.css.map
public\css\tryon-ai.css,True,13,31,rollout-2026-07-31T11-06-09-019fb659-d8c8-7971-aa5f-6125546bafd1.jsonl;rollout-2026-08-02T17-29-48-019fc205-cd55-7a50-950b-2f6a196b5dee.jsonl;rollout-2026-08-04T09-20-33-019fca92-996a-7fb0-beea-942596ee66ef.jsonl;rollout-2026-08-04T10-12-03-019fcac1-c2c1-7fa1-9025-75f407e5c17d.jsonl;rollout-2026-08-04T10-21-58-019fcaca-d45c-71e2-b106-bf99705f2352.jsonl;rollout-2026-08-04T10-34-18-019fcad6-1ecd-7850-99bb-3c6de4e50875.jsonl;rollout-2026-08-04T10-48-23-019fcae3-056d-75d1-92ad-eb777da35982.jsonl;rollout-2026-08-04T11-16-01-019fcafc-52a7-7192-8947-b6108df3e0a0.jsonl;rollout-2026-08-04T12-06-35-019fcb2a-9ce7-77a0-883d-13f05394caa9.jsonl;rollout-2026-08-04T13-25-53-019fcb73-38aa-7dc1-a0e8-ba0bbda0b211.jsonl;rollout-2026-08-04T14-54-53-019fcbc4-b3f2-77f3-b7c1-a06a5366e820.jsonl;rollout-2026-08-04T16-25-55-019fcc18-0915-78d0-ba2c-e6b7a07eb9f1.jsonl;rollout-2026-08-04T20-47-31-019fcd07-8c5b-7af3-b9ec-87cb36d7a952.jsonl,public\css\tryon-ai.css
public\css\ui-human.css,True,21,166,rollout-2026-07-31T11-06-09-019fb659-d8c8-7971-aa5f-6125546bafd1.jsonl;rollout-2026-08-02T17-29-48-019fc205-cd55-7a50-950b-2f6a196b5dee.jsonl;rollout-2026-08-04T08-35-38-019fca69-7aad-7c81-a41b-21d9b9b7a3a6.jsonl;rollout-2026-08-04T09-20-33-019fca92-996a-7fb0-beea-942596ee66ef.jsonl;rollout-2026-08-04T10-12-03-019fcac1-c2c1-7fa1-9025-75f407e5c17d.jsonl;rollout-2026-08-04T10-15-17-019fcac4-b895-7d41-8678-b7e083a63a7c.jsonl;rollout-2026-08-04T10-19-37-019fcac8-aef6-7891-b93f-98ea184a621a.jsonl;rollout-2026-08-04T10-21-58-019fcaca-d45c-71e2-b106-bf99705f2352.jsonl;rollout-2026-08-04T10-34-18-019fcad6-1ecd-7850-99bb-3c6de4e50875.jsonl;rollout-2026-08-04T10-48-23-019fcae3-056d-75d1-92ad-eb777da35982.jsonl;rollout-2026-08-04T11-16-01-019fcafc-52a7-7192-8947-b6108df3e0a0.jsonl;rollout-2026-08-04T11-30-54-019fcb09-f095-73f0-a684-f990ae1268d9.jsonl;rollout-2026-08-04T12-04-05-019fcb28-5502-7851-a2a2-04d6af5ebca0.jsonl;rollout-2026-08-04T12-06-35-019fcb2a-9ce7-77a0-883d-13f05394caa9.jsonl;rollout-2026-08-04T13-25-53-019fcb73-38aa-7dc1-a0e8-ba0bbda0b211.jsonl;rollout-2026-08-04T13-46-54-019fcb86-7621-7113-8c34-e9e4bbbbcec9.jsonl;rollout-2026-08-04T14-54-53-019fcbc4-b3f2-77f3-b7c1-a06a5366e820.jsonl;rollout-2026-08-04T15-01-41-019fcbca-eaed-74d1-bf45-177cdb3f3491.jsonl;rollout-2026-08-04T15-07-44-019fcbd0-75f1-73c3-a828-838aa341eb82.jsonl;rollout-2026-08-04T16-25-55-019fcc18-0915-78d0-ba2c-e6b7a07eb9f1.jsonl;rollout-2026-08-04T20-47-31-019fcd07-8c5b-7af3-b9ec-87cb36d7a952.jsonl,public\css\ui-human.css
public\css\views\blog\blog-by-category.css,True,12,12,rollout-2026-07-31T11-06-09-019fb659-d8c8-7971-aa5f-6125546bafd1.jsonl;rollout-2026-08-02T17-29-48-019fc205-cd55-7a50-950b-2f6a196b5dee.jsonl;rollout-2026-08-04T09-20-33-019fca92-996a-7fb0-beea-942596ee66ef.jsonl;rollout-2026-08-04T10-12-03-019fcac1-c2c1-7fa1-9025-75f407e5c17d.jsonl;rollout-2026-08-04T10-21-58-019fcaca-d45c-71e2-b106-bf99705f2352.jsonl;rollout-2026-08-04T10-34-18-019fcad6-1ecd-7850-99bb-3c6de4e50875.jsonl;rollout-2026-08-04T10-48-23-019fcae3-056d-75d1-92ad-eb777da35982.jsonl;rollout-2026-08-04T11-16-01-019fcafc-52a7-7192-8947-b6108df3e0a0.jsonl;rollout-2026-08-04T12-06-35-019fcb2a-9ce7-77a0-883d-13f05394caa9.jsonl;rollout-2026-08-04T13-25-53-019fcb73-38aa-7dc1-a0e8-ba0bbda0b211.jsonl;rollout-2026-08-04T14-54-53-019fcbc4-b3f2-77f3-b7c1-a06a5366e820.jsonl;rollout-2026-08-04T16-25-55-019fcc18-0915-78d0-ba2c-e6b7a07eb9f1.jsonl,public\css\views\blog\blog-by-category.css
public\css\views\blog\blog-details.css,True,12,12,rollout-2026-07-31T11-06-09-019fb659-d8c8-7971-aa5f-6125546bafd1.jsonl;rollout-2026-08-02T17-29-48-019fc205-cd55-7a50-950b-2f6a196b5dee.jsonl;rollout-2026-08-04T09-20-33-019fca92-996a-7fb0-beea-942596ee66ef.jsonl;rollout-2026-08-04T10-12-03-019fcac1-c2c1-7fa1-9025-75f407e5c17d.jsonl;rollout-2026-08-04T10-21-58-019fcaca-d45c-71e2-b106-bf99705f2352.jsonl;rollout-2026-08-04T10-34-18-019fcad6-1ecd-7850-99bb-3c6de4e50875.jsonl;rollout-2026-08-04T10-48-23-019fcae3-056d-75d1-92ad-eb777da35982.jsonl;rollout-2026-08-04T11-16-01-019fcafc-52a7-7192-8947-b6108df3e0a0.jsonl;rollout-2026-08-04T12-06-35-019fcb2a-9ce7-77a0-883d-13f05394caa9.jsonl;rollout-2026-08-04T13-25-53-019fcb73-38aa-7dc1-a0e8-ba0bbda0b211.jsonl;rollout-2026-08-04T14-54-53-019fcbc4-b3f2-77f3-b7c1-a06a5366e820.jsonl;rollout-2026-08-04T16-25-55-019fcc18-0915-78d0-ba2c-e6b7a07eb9f1.jsonl,public\css\views\blog\blog-details.css
public\css\views\blog\blogs.css,True,12,12,rollout-2026-07-31T11-06-09-019fb659-d8c8-7971-aa5f-6125546bafd1.jsonl;rollout-2026-08-02T17-29-48-019fc205-cd55-7a50-950b-2f6a196b5dee.jsonl;rollout-2026-08-04T09-20-33-019fca92-996a-7fb0-beea-942596ee66ef.jsonl;rollout-2026-08-04T10-12-03-019fcac1-c2c1-7fa1-9025-75f407e5c17d.jsonl;rollout-2026-08-04T10-21-58-019fcaca-d45c-71e2-b106-bf99705f2352.jsonl;rollout-2026-08-04T10-34-18-019fcad6-1ecd-7850-99bb-3c6de4e50875.jsonl;rollout-2026-08-04T10-48-23-019fcae3-056d-75d1-92ad-eb777da35982.jsonl;rollout-2026-08-04T11-16-01-019fcafc-52a7-7192-8947-b6108df3e0a0.jsonl;rollout-2026-08-04T12-06-35-019fcb2a-9ce7-77a0-883d-13f05394caa9.jsonl;rollout-2026-08-04T13-25-53-019fcb73-38aa-7dc1-a0e8-ba0bbda0b211.jsonl;rollout-2026-08-04T14-54-53-019fcbc4-b3f2-77f3-b7c1-a06a5366e820.jsonl;rollout-2026-08-04T16-25-55-019fcc18-0915-78d0-ba2c-e6b7a07eb9f1.jsonl,public\css\views\blog\blogs.css
public\css\views\cart-main.css,True,21,68,rollout-2026-07-31T11-06-09-019fb659-d8c8-7971-aa5f-6125546bafd1.jsonl;rollout-2026-08-02T17-29-48-019fc205-cd55-7a50-950b-2f6a196b5dee.jsonl;rollout-2026-08-04T08-35-38-019fca69-7aad-7c81-a41b-21d9b9b7a3a6.jsonl;rollout-2026-08-04T09-20-33-019fca92-996a-7fb0-beea-942596ee66ef.jsonl;rollout-2026-08-04T10-12-03-019fcac1-c2c1-7fa1-9025-75f407e5c17d.jsonl;rollout-2026-08-04T10-15-17-019fcac4-b895-7d41-8678-b7e083a63a7c.jsonl;rollout-2026-08-04T10-19-37-019fcac8-aef6-7891-b93f-98ea184a621a.jsonl;rollout-2026-08-04T10-21-58-019fcaca-d45c-71e2-b106-bf99705f2352.jsonl;rollout-2026-08-04T10-34-18-019fcad6-1ecd-7850-99bb-3c6de4e50875.jsonl;rollout-2026-08-04T10-48-23-019fcae3-056d-75d1-92ad-eb777da35982.jsonl;rollout-2026-08-04T11-16-01-019fcafc-52a7-7192-8947-b6108df3e0a0.jsonl;rollout-2026-08-04T11-30-54-019fcb09-f095-73f0-a684-f990ae1268d9.jsonl;rollout-2026-08-04T12-04-05-019fcb28-5502-7851-a2a2-04d6af5ebca0.jsonl;rollout-2026-08-04T12-06-35-019fcb2a-9ce7-77a0-883d-13f05394caa9.jsonl;rollout-2026-08-04T13-25-53-019fcb73-38aa-7dc1-a0e8-ba0bbda0b211.jsonl;rollout-2026-08-04T13-46-54-019fcb86-7621-7113-8c34-e9e4bbbbcec9.jsonl;rollout-2026-08-04T14-54-53-019fcbc4-b3f2-77f3-b7c1-a06a5366e820.jsonl;rollout-2026-08-04T15-01-41-019fcbca-eaed-74d1-bf45-177cdb3f3491.jsonl;rollout-2026-08-04T15-07-44-019fcbd0-75f1-73c3-a828-838aa341eb82.jsonl;rollout-2026-08-04T16-25-55-019fcc18-0915-78d0-ba2c-e6b7a07eb9f1.jsonl;rollout-2026-08-04T20-47-31-019fcd07-8c5b-7af3-b9ec-87cb36d7a952.jsonl,public\css\views\cart-main.css
public\css\views\cart.css,True,14,23,rollout-2026-07-31T11-06-09-019fb659-d8c8-7971-aa5f-6125546bafd1.jsonl;rollout-2026-08-02T17-29-48-019fc205-cd55-7a50-950b-2f6a196b5dee.jsonl;rollout-2026-08-03T11-06-38-019fc5cd-5f39-7863-a5b2-93a372b3a4ab.jsonl;rollout-2026-08-04T09-20-33-019fca92-996a-7fb0-beea-942596ee66ef.jsonl;rollout-2026-08-04T10-12-03-019fcac1-c2c1-7fa1-9025-75f407e5c17d.jsonl;rollout-2026-08-04T10-21-58-019fcaca-d45c-71e2-b106-bf99705f2352.jsonl;rollout-2026-08-04T10-34-18-019fcad6-1ecd-7850-99bb-3c6de4e50875.jsonl;rollout-2026-08-04T10-48-23-019fcae3-056d-75d1-92ad-eb777da35982.jsonl;rollout-2026-08-04T11-16-01-019fcafc-52a7-7192-8947-b6108df3e0a0.jsonl;rollout-2026-08-04T12-06-35-019fcb2a-9ce7-77a0-883d-13f05394caa9.jsonl;rollout-2026-08-04T13-25-53-019fcb73-38aa-7dc1-a0e8-ba0bbda0b211.jsonl;rollout-2026-08-04T13-46-54-019fcb86-7621-7113-8c34-e9e4bbbbcec9.jsonl;rollout-2026-08-04T14-54-53-019fcbc4-b3f2-77f3-b7c1-a06a5366e820.jsonl;rollout-2026-08-04T16-25-55-019fcc18-0915-78d0-ba2c-e6b7a07eb9f1.jsonl,public\css\views\cart.css
public\css\views\checkout-address.css,True,15,54,rollout-2026-07-31T11-06-09-019fb659-d8c8-7971-aa5f-6125546bafd1.jsonl;rollout-2026-08-02T17-29-48-019fc205-cd55-7a50-950b-2f6a196b5dee.jsonl;rollout-2026-08-03T11-06-38-019fc5cd-5f39-7863-a5b2-93a372b3a4ab.jsonl;rollout-2026-08-04T09-20-33-019fca92-996a-7fb0-beea-942596ee66ef.jsonl;rollout-2026-08-04T10-12-03-019fcac1-c2c1-7fa1-9025-75f407e5c17d.jsonl;rollout-2026-08-04T10-19-37-019fcac8-aef6-7891-b93f-98ea184a621a.jsonl;rollout-2026-08-04T10-21-58-019fcaca-d45c-71e2-b106-bf99705f2352.jsonl;rollout-2026-08-04T10-34-18-019fcad6-1ecd-7850-99bb-3c6de4e50875.jsonl;rollout-2026-08-04T10-48-23-019fcae3-056d-75d1-92ad-eb777da35982.jsonl;rollout-2026-08-04T11-16-01-019fcafc-52a7-7192-8947-b6108df3e0a0.jsonl;rollout-2026-08-04T12-06-35-019fcb2a-9ce7-77a0-883d-13f05394caa9.jsonl;rollout-2026-08-04T13-25-53-019fcb73-38aa-7dc1-a0e8-ba0bbda0b211.jsonl;rollout-2026-08-04T13-46-54-019fcb86-7621-7113-8c34-e9e4bbbbcec9.jsonl;rollout-2026-08-04T14-54-53-019fcbc4-b3f2-77f3-b7c1-a06a5366e820.jsonl;rollout-2026-08-04T16-25-55-019fcc18-0915-78d0-ba2c-e6b7a07eb9f1.jsonl,public\css\views\checkout-address.css
public\css\views\checkout.css,True,21,247,rollout-2026-07-31T11-06-09-019fb659-d8c8-7971-aa5f-6125546bafd1.jsonl;rollout-2026-08-02T17-29-48-019fc205-cd55-7a50-950b-2f6a196b5dee.jsonl;rollout-2026-08-04T08-35-38-019fca69-7aad-7c81-a41b-21d9b9b7a3a6.jsonl;rollout-2026-08-04T09-20-33-019fca92-996a-7fb0-beea-942596ee66ef.jsonl;rollout-2026-08-04T10-12-03-019fcac1-c2c1-7fa1-9025-75f407e5c17d.jsonl;rollout-2026-08-04T10-15-17-019fcac4-b895-7d41-8678-b7e083a63a7c.jsonl;rollout-2026-08-04T10-19-37-019fcac8-aef6-7891-b93f-98ea184a621a.jsonl;rollout-2026-08-04T10-21-58-019fcaca-d45c-71e2-b106-bf99705f2352.jsonl;rollout-2026-08-04T10-34-18-019fcad6-1ecd-7850-99bb-3c6de4e50875.jsonl;rollout-2026-08-04T10-48-23-019fcae3-056d-75d1-92ad-eb777da35982.jsonl;rollout-2026-08-04T11-16-01-019fcafc-52a7-7192-8947-b6108df3e0a0.jsonl;rollout-2026-08-04T11-30-54-019fcb09-f095-73f0-a684-f990ae1268d9.jsonl;rollout-2026-08-04T12-04-05-019fcb28-5502-7851-a2a2-04d6af5ebca0.jsonl;rollout-2026-08-04T12-06-35-019fcb2a-9ce7-77a0-883d-13f05394caa9.jsonl;rollout-2026-08-04T13-25-53-019fcb73-38aa-7dc1-a0e8-ba0bbda0b211.jsonl;rollout-2026-08-04T13-46-54-019fcb86-7621-7113-8c34-e9e4bbbbcec9.jsonl;rollout-2026-08-04T14-54-53-019fcbc4-b3f2-77f3-b7c1-a06a5366e820.jsonl;rollout-2026-08-04T15-01-41-019fcbca-eaed-74d1-bf45-177cdb3f3491.jsonl;rollout-2026-08-04T15-07-44-019fcbd0-75f1-73c3-a828-838aa341eb82.jsonl;rollout-2026-08-04T16-25-55-019fcc18-0915-78d0-ba2c-e6b7a07eb9f1.jsonl;rollout-2026-08-04T20-47-31-019fcd07-8c5b-7af3-b9ec-87cb36d7a952.jsonl,public\css\views\checkout.css
public\css\views\checkout\checkout-address.css,True,13,54,rollout-2026-07-31T11-06-09-019fb659-d8c8-7971-aa5f-6125546bafd1.jsonl;rollout-2026-08-02T17-29-48-019fc205-cd55-7a50-950b-2f6a196b5dee.jsonl;rollout-2026-08-03T11-06-38-019fc5cd-5f39-7863-a5b2-93a372b3a4ab.jsonl;rollout-2026-08-04T09-20-33-019fca92-996a-7fb0-beea-942596ee66ef.jsonl;rollout-2026-08-04T10-12-03-019fcac1-c2c1-7fa1-9025-75f407e5c17d.jsonl;rollout-2026-08-04T10-21-58-019fcaca-d45c-71e2-b106-bf99705f2352.jsonl;rollout-2026-08-04T10-34-18-019fcad6-1ecd-7850-99bb-3c6de4e50875.jsonl;rollout-2026-08-04T10-48-23-019fcae3-056d-75d1-92ad-eb777da35982.jsonl;rollout-2026-08-04T11-16-01-019fcafc-52a7-7192-8947-b6108df3e0a0.jsonl;rollout-2026-08-04T12-06-35-019fcb2a-9ce7-77a0-883d-13f05394caa9.jsonl;rollout-2026-08-04T13-25-53-019fcb73-38aa-7dc1-a0e8-ba0bbda0b211.jsonl;rollout-2026-08-04T14-54-53-019fcbc4-b3f2-77f3-b7c1-a06a5366e820.jsonl;rollout-2026-08-04T16-25-55-019fcc18-0915-78d0-ba2c-e6b7a07eb9f1.jsonl,public\css\views\checkout\checkout-address.css
public\css\views\checkout\checkout.css,True,13,14,rollout-2026-07-31T11-06-09-019fb659-d8c8-7971-aa5f-6125546bafd1.jsonl;rollout-2026-08-02T17-29-48-019fc205-cd55-7a50-950b-2f6a196b5dee.jsonl;rollout-2026-08-03T11-06-38-019fc5cd-5f39-7863-a5b2-93a372b3a4ab.jsonl;rollout-2026-08-04T09-20-33-019fca92-996a-7fb0-beea-942596ee66ef.jsonl;rollout-2026-08-04T10-12-03-019fcac1-c2c1-7fa1-9025-75f407e5c17d.jsonl;rollout-2026-08-04T10-21-58-019fcaca-d45c-71e2-b106-bf99705f2352.jsonl;rollout-2026-08-04T10-34-18-019fcad6-1ecd-7850-99bb-3c6de4e50875.jsonl;rollout-2026-08-04T10-48-23-019fcae3-056d-75d1-92ad-eb777da35982.jsonl;rollout-2026-08-04T11-16-01-019fcafc-52a7-7192-8947-b6108df3e0a0.jsonl;rollout-2026-08-04T12-06-35-019fcb2a-9ce7-77a0-883d-13f05394caa9.jsonl;rollout-2026-08-04T13-25-53-019fcb73-38aa-7dc1-a0e8-ba0bbda0b211.jsonl;rollout-2026-08-04T14-54-53-019fcbc4-b3f2-77f3-b7c1-a06a5366e820.jsonl;rollout-2026-08-04T16-25-55-019fcc18-0915-78d0-ba2c-e6b7a07eb9f1.jsonl,public\css\views\checkout\checkout.css
public\css\views\checkout\checkout_momo.css,True,13,64,rollout-2026-07-31T11-06-09-019fb659-d8c8-7971-aa5f-6125546bafd1.jsonl;rollout-2026-08-02T17-29-48-019fc205-cd55-7a50-950b-2f6a196b5dee.jsonl;rollout-2026-08-03T11-06-38-019fc5cd-5f39-7863-a5b2-93a372b3a4ab.jsonl;rollout-2026-08-04T09-20-33-019fca92-996a-7fb0-beea-942596ee66ef.jsonl;rollout-2026-08-04T10-12-03-019fcac1-c2c1-7fa1-9025-75f407e5c17d.jsonl;rollout-2026-08-04T10-21-58-019fcaca-d45c-71e2-b106-bf99705f2352.jsonl;rollout-2026-08-04T10-34-18-019fcad6-1ecd-7850-99bb-3c6de4e50875.jsonl;rollout-2026-08-04T10-48-23-019fcae3-056d-75d1-92ad-eb777da35982.jsonl;rollout-2026-08-04T11-16-01-019fcafc-52a7-7192-8947-b6108df3e0a0.jsonl;rollout-2026-08-04T12-06-35-019fcb2a-9ce7-77a0-883d-13f05394caa9.jsonl;rollout-2026-08-04T13-25-53-019fcb73-38aa-7dc1-a0e8-ba0bbda0b211.jsonl;rollout-2026-08-04T14-54-53-019fcbc4-b3f2-77f3-b7c1-a06a5366e820.jsonl;rollout-2026-08-04T16-25-55-019fcc18-0915-78d0-ba2c-e6b7a07eb9f1.jsonl,public\css\views\checkout\checkout_momo.css
public\css\views\checkout\momo-address-2.css,True,13,62,rollout-2026-07-31T11-06-09-019fb659-d8c8-7971-aa5f-6125546bafd1.jsonl;rollout-2026-08-02T17-29-48-019fc205-cd55-7a50-950b-2f6a196b5dee.jsonl;rollout-2026-08-03T11-06-38-019fc5cd-5f39-7863-a5b2-93a372b3a4ab.jsonl;rollout-2026-08-04T09-20-33-019fca92-996a-7fb0-beea-942596ee66ef.jsonl;rollout-2026-08-04T10-12-03-019fcac1-c2c1-7fa1-9025-75f407e5c17d.jsonl;rollout-2026-08-04T10-21-58-019fcaca-d45c-71e2-b106-bf99705f2352.jsonl;rollout-2026-08-04T10-34-18-019fcad6-1ecd-7850-99bb-3c6de4e50875.jsonl;rollout-2026-08-04T10-48-23-019fcae3-056d-75d1-92ad-eb777da35982.jsonl;rollout-2026-08-04T11-16-01-019fcafc-52a7-7192-8947-b6108df3e0a0.jsonl;rollout-2026-08-04T12-06-35-019fcb2a-9ce7-77a0-883d-13f05394caa9.jsonl;rollout-2026-08-04T13-25-53-019fcb73-38aa-7dc1-a0e8-ba0bbda0b211.jsonl;rollout-2026-08-04T14-54-53-019fcbc4-b3f2-77f3-b7c1-a06a5366e820.jsonl;rollout-2026-08-04T16-25-55-019fcc18-0915-78d0-ba2c-e6b7a07eb9f1.jsonl,public\css\views\checkout\momo-address-2.css
public\css\views\checkout\momo-address.css,True,13,101,rollout-2026-07-31T11-06-09-019fb659-d8c8-7971-aa5f-6125546bafd1.jsonl;rollout-2026-08-02T17-29-48-019fc205-cd55-7a50-950b-2f6a196b5dee.jsonl;rollout-2026-08-03T11-06-38-019fc5cd-5f39-7863-a5b2-93a372b3a4ab.jsonl;rollout-2026-08-04T09-20-33-019fca92-996a-7fb0-beea-942596ee66ef.jsonl;rollout-2026-08-04T10-12-03-019fcac1-c2c1-7fa1-9025-75f407e5c17d.jsonl;rollout-2026-08-04T10-21-58-019fcaca-d45c-71e2-b106-bf99705f2352.jsonl;rollout-2026-08-04T10-34-18-019fcad6-1ecd-7850-99bb-3c6de4e50875.jsonl;rollout-2026-08-04T10-48-23-019fcae3-056d-75d1-92ad-eb777da35982.jsonl;rollout-2026-08-04T11-16-01-019fcafc-52a7-7192-8947-b6108df3e0a0.jsonl;rollout-2026-08-04T12-06-35-019fcb2a-9ce7-77a0-883d-13f05394caa9.jsonl;rollout-2026-08-04T13-25-53-019fcb73-38aa-7dc1-a0e8-ba0bbda0b211.jsonl;rollout-2026-08-04T14-54-53-019fcbc4-b3f2-77f3-b7c1-a06a5366e820.jsonl;rollout-2026-08-04T16-25-55-019fcc18-0915-78d0-ba2c-e6b7a07eb9f1.jsonl,public\css\views\checkout\momo-address.css
public\css\views\checkout\thanks.css,True,13,13,rollout-2026-07-31T11-06-09-019fb659-d8c8-7971-aa5f-6125546bafd1.jsonl;rollout-2026-08-02T17-29-48-019fc205-cd55-7a50-950b-2f6a196b5dee.jsonl;rollout-2026-08-03T11-06-38-019fc5cd-5f39-7863-a5b2-93a372b3a4ab.jsonl;rollout-2026-08-04T09-20-33-019fca92-996a-7fb0-beea-942596ee66ef.jsonl;rollout-2026-08-04T10-12-03-019fcac1-c2c1-7fa1-9025-75f407e5c17d.jsonl;rollout-2026-08-04T10-21-58-019fcaca-d45c-71e2-b106-bf99705f2352.jsonl;rollout-2026-08-04T10-34-18-019fcad6-1ecd-7850-99bb-3c6de4e50875.jsonl;rollout-2026-08-04T10-48-23-019fcae3-056d-75d1-92ad-eb777da35982.jsonl;rollout-2026-08-04T11-16-01-019fcafc-52a7-7192-8947-b6108df3e0a0.jsonl;rollout-2026-08-04T12-06-35-019fcb2a-9ce7-77a0-883d-13f05394caa9.jsonl;rollout-2026-08-04T13-25-53-019fcb73-38aa-7dc1-a0e8-ba0bbda0b211.jsonl;rollout-2026-08-04T14-54-53-019fcbc4-b3f2-77f3-b7c1-a06a5366e820.jsonl;rollout-2026-08-04T16-25-55-019fcc18-0915-78d0-ba2c-e6b7a07eb9f1.jsonl,public\css\views\checkout\thanks.css
public\css\views\comments.css,True,12,12,rollout-2026-07-31T11-06-09-019fb659-d8c8-7971-aa5f-6125546bafd1.jsonl;rollout-2026-08-02T17-29-48-019fc205-cd55-7a50-950b-2f6a196b5dee.jsonl;rollout-2026-08-04T09-20-33-019fca92-996a-7fb0-beea-942596ee66ef.jsonl;rollout-2026-08-04T10-12-03-019fcac1-c2c1-7fa1-9025-75f407e5c17d.jsonl;rollout-2026-08-04T10-21-58-019fcaca-d45c-71e2-b106-bf99705f2352.jsonl;rollout-2026-08-04T10-34-18-019fcad6-1ecd-7850-99bb-3c6de4e50875.jsonl;rollout-2026-08-04T10-48-23-019fcae3-056d-75d1-92ad-eb777da35982.jsonl;rollout-2026-08-04T11-16-01-019fcafc-52a7-7192-8947-b6108df3e0a0.jsonl;rollout-2026-08-04T12-06-35-019fcb2a-9ce7-77a0-883d-13f05394caa9.jsonl;rollout-2026-08-04T13-25-53-019fcb73-38aa-7dc1-a0e8-ba0bbda0b211.jsonl;rollout-2026-08-04T14-54-53-019fcbc4-b3f2-77f3-b7c1-a06a5366e820.jsonl;rollout-2026-08-04T16-25-55-019fcc18-0915-78d0-ba2c-e6b7a07eb9f1.jsonl,public\css\views\comments.css
public\css\views\contact.css,True,12,12,rollout-2026-07-31T11-06-09-019fb659-d8c8-7971-aa5f-6125546bafd1.jsonl;rollout-2026-08-02T17-29-48-019fc205-cd55-7a50-950b-2f6a196b5dee.jsonl;rollout-2026-08-04T09-20-33-019fca92-996a-7fb0-beea-942596ee66ef.jsonl;rollout-2026-08-04T10-12-03-019fcac1-c2c1-7fa1-9025-75f407e5c17d.jsonl;rollout-2026-08-04T10-21-58-019fcaca-d45c-71e2-b106-bf99705f2352.jsonl;rollout-2026-08-04T10-34-18-019fcad6-1ecd-7850-99bb-3c6de4e50875.jsonl;rollout-2026-08-04T10-48-23-019fcae3-056d-75d1-92ad-eb777da35982.jsonl;rollout-2026-08-04T11-16-01-019fcafc-52a7-7192-8947-b6108df3e0a0.jsonl;rollout-2026-08-04T12-06-35-019fcb2a-9ce7-77a0-883d-13f05394caa9.jsonl;rollout-2026-08-04T13-25-53-019fcb73-38aa-7dc1-a0e8-ba0bbda0b211.jsonl;rollout-2026-08-04T14-54-53-019fcbc4-b3f2-77f3-b7c1-a06a5366e820.jsonl;rollout-2026-08-04T16-25-55-019fcc18-0915-78d0-ba2c-e6b7a07eb9f1.jsonl,public\css\views\contact.css
public\css\views\help-center\styles.css,True,12,12,rollout-2026-07-31T11-06-09-019fb659-d8c8-7971-aa5f-6125546bafd1.jsonl;rollout-2026-08-02T17-29-48-019fc205-cd55-7a50-950b-2f6a196b5dee.jsonl;rollout-2026-08-04T09-20-33-019fca92-996a-7fb0-beea-942596ee66ef.jsonl;rollout-2026-08-04T10-12-03-019fcac1-c2c1-7fa1-9025-75f407e5c17d.jsonl;rollout-2026-08-04T10-21-58-019fcaca-d45c-71e2-b106-bf99705f2352.jsonl;rollout-2026-08-04T10-34-18-019fcad6-1ecd-7850-99bb-3c6de4e50875.jsonl;rollout-2026-08-04T10-48-23-019fcae3-056d-75d1-92ad-eb777da35982.jsonl;rollout-2026-08-04T11-16-01-019fcafc-52a7-7192-8947-b6108df3e0a0.jsonl;rollout-2026-08-04T12-06-35-019fcb2a-9ce7-77a0-883d-13f05394caa9.jsonl;rollout-2026-08-04T13-25-53-019fcb73-38aa-7dc1-a0e8-ba0bbda0b211.jsonl;rollout-2026-08-04T14-54-53-019fcbc4-b3f2-77f3-b7c1-a06a5366e820.jsonl;rollout-2026-08-04T16-25-55-019fcc18-0915-78d0-ba2c-e6b7a07eb9f1.jsonl,public\css\views\help-center\styles.css
public\css\views\home\banner.css,True,13,17,rollout-2026-07-31T11-06-09-019fb659-d8c8-7971-aa5f-6125546bafd1.jsonl;rollout-2026-08-02T17-29-48-019fc205-cd55-7a50-950b-2f6a196b5dee.jsonl;rollout-2026-08-04T09-20-33-019fca92-996a-7fb0-beea-942596ee66ef.jsonl;rollout-2026-08-04T10-12-03-019fcac1-c2c1-7fa1-9025-75f407e5c17d.jsonl;rollout-2026-08-04T10-15-17-019fcac4-b895-7d41-8678-b7e083a63a7c.jsonl;rollout-2026-08-04T10-21-58-019fcaca-d45c-71e2-b106-bf99705f2352.jsonl;rollout-2026-08-04T10-34-18-019fcad6-1ecd-7850-99bb-3c6de4e50875.jsonl;rollout-2026-08-04T10-48-23-019fcae3-056d-75d1-92ad-eb777da35982.jsonl;rollout-2026-08-04T11-16-01-019fcafc-52a7-7192-8947-b6108df3e0a0.jsonl;rollout-2026-08-04T12-06-35-019fcb2a-9ce7-77a0-883d-13f05394caa9.jsonl;rollout-2026-08-04T13-25-53-019fcb73-38aa-7dc1-a0e8-ba0bbda0b211.jsonl;rollout-2026-08-04T14-54-53-019fcbc4-b3f2-77f3-b7c1-a06a5366e820.jsonl;rollout-2026-08-04T16-25-55-019fcc18-0915-78d0-ba2c-e6b7a07eb9f1.jsonl,public\css\views\home\banner.css
public\css\views\home\brands.css,True,13,14,rollout-2026-07-31T11-06-09-019fb659-d8c8-7971-aa5f-6125546bafd1.jsonl;rollout-2026-08-02T17-29-48-019fc205-cd55-7a50-950b-2f6a196b5dee.jsonl;rollout-2026-08-04T09-20-33-019fca92-996a-7fb0-beea-942596ee66ef.jsonl;rollout-2026-08-04T10-12-03-019fcac1-c2c1-7fa1-9025-75f407e5c17d.jsonl;rollout-2026-08-04T10-21-58-019fcaca-d45c-71e2-b106-bf99705f2352.jsonl;rollout-2026-08-04T10-34-18-019fcad6-1ecd-7850-99bb-3c6de4e50875.jsonl;rollout-2026-08-04T10-48-23-019fcae3-056d-75d1-92ad-eb777da35982.jsonl;rollout-2026-08-04T11-16-01-019fcafc-52a7-7192-8947-b6108df3e0a0.jsonl;rollout-2026-08-04T12-06-35-019fcb2a-9ce7-77a0-883d-13f05394caa9.jsonl;rollout-2026-08-04T13-25-53-019fcb73-38aa-7dc1-a0e8-ba0bbda0b211.jsonl;rollout-2026-08-04T14-54-53-019fcbc4-b3f2-77f3-b7c1-a06a5366e820.jsonl;rollout-2026-08-04T16-25-55-019fcc18-0915-78d0-ba2c-e6b7a07eb9f1.jsonl;rollout-2026-08-04T20-47-31-019fcd07-8c5b-7af3-b9ec-87cb36d7a952.jsonl,public\css\views\home\brands.css
public\css\views\home\categories.css,True,12,12,rollout-2026-07-31T11-06-09-019fb659-d8c8-7971-aa5f-6125546bafd1.jsonl;rollout-2026-08-02T17-29-48-019fc205-cd55-7a50-950b-2f6a196b5dee.jsonl;rollout-2026-08-04T09-20-33-019fca92-996a-7fb0-beea-942596ee66ef.jsonl;rollout-2026-08-04T10-12-03-019fcac1-c2c1-7fa1-9025-75f407e5c17d.jsonl;rollout-2026-08-04T10-21-58-019fcaca-d45c-71e2-b106-bf99705f2352.jsonl;rollout-2026-08-04T10-34-18-019fcad6-1ecd-7850-99bb-3c6de4e50875.jsonl;rollout-2026-08-04T10-48-23-019fcae3-056d-75d1-92ad-eb777da35982.jsonl;rollout-2026-08-04T11-16-01-019fcafc-52a7-7192-8947-b6108df3e0a0.jsonl;rollout-2026-08-04T12-06-35-019fcb2a-9ce7-77a0-883d-13f05394caa9.jsonl;rollout-2026-08-04T13-25-53-019fcb73-38aa-7dc1-a0e8-ba0bbda0b211.jsonl;rollout-2026-08-04T14-54-53-019fcbc4-b3f2-77f3-b7c1-a06a5366e820.jsonl;rollout-2026-08-04T16-25-55-019fcc18-0915-78d0-ba2c-e6b7a07eb9f1.jsonl,public\css\views\home\categories.css
public\css\views\home\celebs.css,True,12,12,rollout-2026-07-31T11-06-09-019fb659-d8c8-7971-aa5f-6125546bafd1.jsonl;rollout-2026-08-02T17-29-48-019fc205-cd55-7a50-950b-2f6a196b5dee.jsonl;rollout-2026-08-04T09-20-33-019fca92-996a-7fb0-beea-942596ee66ef.jsonl;rollout-2026-08-04T10-12-03-019fcac1-c2c1-7fa1-9025-75f407e5c17d.jsonl;rollout-2026-08-04T10-21-58-019fcaca-d45c-71e2-b106-bf99705f2352.jsonl;rollout-2026-08-04T10-34-18-019fcad6-1ecd-7850-99bb-3c6de4e50875.jsonl;rollout-2026-08-04T10-48-23-019fcae3-056d-75d1-92ad-eb777da35982.jsonl;rollout-2026-08-04T11-16-01-019fcafc-52a7-7192-8947-b6108df3e0a0.jsonl;rollout-2026-08-04T12-06-35-019fcb2a-9ce7-77a0-883d-13f05394caa9.jsonl;rollout-2026-08-04T13-25-53-019fcb73-38aa-7dc1-a0e8-ba0bbda0b211.jsonl;rollout-2026-08-04T14-54-53-019fcbc4-b3f2-77f3-b7c1-a06a5366e820.jsonl;rollout-2026-08-04T16-25-55-019fcc18-0915-78d0-ba2c-e6b7a07eb9f1.jsonl,public\css\views\home\celebs.css
public\css\views\home\home.css,True,14,28,rollout-2026-07-31T11-06-09-019fb659-d8c8-7971-aa5f-6125546bafd1.jsonl;rollout-2026-08-02T17-29-48-019fc205-cd55-7a50-950b-2f6a196b5dee.jsonl;rollout-2026-08-04T09-20-33-019fca92-996a-7fb0-beea-942596ee66ef.jsonl;rollout-2026-08-04T10-12-03-019fcac1-c2c1-7fa1-9025-75f407e5c17d.jsonl;rollout-2026-08-04T10-19-37-019fcac8-aef6-7891-b93f-98ea184a621a.jsonl;rollout-2026-08-04T10-21-58-019fcaca-d45c-71e2-b106-bf99705f2352.jsonl;rollout-2026-08-04T10-34-18-019fcad6-1ecd-7850-99bb-3c6de4e50875.jsonl;rollout-2026-08-04T10-48-23-019fcae3-056d-75d1-92ad-eb777da35982.jsonl;rollout-2026-08-04T11-16-01-019fcafc-52a7-7192-8947-b6108df3e0a0.jsonl;rollout-2026-08-04T12-06-35-019fcb2a-9ce7-77a0-883d-13f05394caa9.jsonl;rollout-2026-08-04T13-25-53-019fcb73-38aa-7dc1-a0e8-ba0bbda0b211.jsonl;rollout-2026-08-04T13-46-54-019fcb86-7621-7113-8c34-e9e4bbbbcec9.jsonl;rollout-2026-08-04T14-54-53-019fcbc4-b3f2-77f3-b7c1-a06a5366e820.jsonl;rollout-2026-08-04T16-25-55-019fcc18-0915-78d0-ba2c-e6b7a07eb9f1.jsonl,public\css\views\home\home.css
public\css\views\my-order.css,True,12,53,rollout-2026-07-31T11-06-09-019fb659-d8c8-7971-aa5f-6125546bafd1.jsonl;rollout-2026-08-02T17-29-48-019fc205-cd55-7a50-950b-2f6a196b5dee.jsonl;rollout-2026-08-04T09-20-33-019fca92-996a-7fb0-beea-942596ee66ef.jsonl;rollout-2026-08-04T10-12-03-019fcac1-c2c1-7fa1-9025-75f407e5c17d.jsonl;rollout-2026-08-04T10-21-58-019fcaca-d45c-71e2-b106-bf99705f2352.jsonl;rollout-2026-08-04T10-34-18-019fcad6-1ecd-7850-99bb-3c6de4e50875.jsonl;rollout-2026-08-04T10-48-23-019fcae3-056d-75d1-92ad-eb777da35982.jsonl;rollout-2026-08-04T11-16-01-019fcafc-52a7-7192-8947-b6108df3e0a0.jsonl;rollout-2026-08-04T12-06-35-019fcb2a-9ce7-77a0-883d-13f05394caa9.jsonl;rollout-2026-08-04T13-25-53-019fcb73-38aa-7dc1-a0e8-ba0bbda0b211.jsonl;rollout-2026-08-04T14-54-53-019fcbc4-b3f2-77f3-b7c1-a06a5366e820.jsonl;rollout-2026-08-04T16-25-55-019fcc18-0915-78d0-ba2c-e6b7a07eb9f1.jsonl,public\css\views\my-order.css
public\css\views\my-orderdetails.css,True,20,176,rollout-2026-07-31T11-06-09-019fb659-d8c8-7971-aa5f-6125546bafd1.jsonl;rollout-2026-08-02T17-29-48-019fc205-cd55-7a50-950b-2f6a196b5dee.jsonl;rollout-2026-08-04T09-20-33-019fca92-996a-7fb0-beea-942596ee66ef.jsonl;rollout-2026-08-04T10-12-03-019fcac1-c2c1-7fa1-9025-75f407e5c17d.jsonl;rollout-2026-08-04T10-15-17-019fcac4-b895-7d41-8678-b7e083a63a7c.jsonl;rollout-2026-08-04T10-19-37-019fcac8-aef6-7891-b93f-98ea184a621a.jsonl;rollout-2026-08-04T10-21-58-019fcaca-d45c-71e2-b106-bf99705f2352.jsonl;rollout-2026-08-04T10-34-18-019fcad6-1ecd-7850-99bb-3c6de4e50875.jsonl;rollout-2026-08-04T10-48-23-019fcae3-056d-75d1-92ad-eb777da35982.jsonl;rollout-2026-08-04T11-16-01-019fcafc-52a7-7192-8947-b6108df3e0a0.jsonl;rollout-2026-08-04T11-30-54-019fcb09-f095-73f0-a684-f990ae1268d9.jsonl;rollout-2026-08-04T12-04-05-019fcb28-5502-7851-a2a2-04d6af5ebca0.jsonl;rollout-2026-08-04T12-06-35-019fcb2a-9ce7-77a0-883d-13f05394caa9.jsonl;rollout-2026-08-04T13-25-53-019fcb73-38aa-7dc1-a0e8-ba0bbda0b211.jsonl;rollout-2026-08-04T13-46-54-019fcb86-7621-7113-8c34-e9e4bbbbcec9.jsonl;rollout-2026-08-04T14-54-53-019fcbc4-b3f2-77f3-b7c1-a06a5366e820.jsonl;rollout-2026-08-04T15-01-41-019fcbca-eaed-74d1-bf45-177cdb3f3491.jsonl;rollout-2026-08-04T15-07-44-019fcbd0-75f1-73c3-a828-838aa341eb82.jsonl;rollout-2026-08-04T16-25-55-019fcc18-0915-78d0-ba2c-e6b7a07eb9f1.jsonl;rollout-2026-08-04T20-47-31-019fcd07-8c5b-7af3-b9ec-87cb36d7a952.jsonl,public\css\views\my-orderdetails.css
public\css\views\product\by-category.css,True,21,70,rollout-2026-07-31T11-06-09-019fb659-d8c8-7971-aa5f-6125546bafd1.jsonl;rollout-2026-08-02T17-29-48-019fc205-cd55-7a50-950b-2f6a196b5dee.jsonl;rollout-2026-08-04T08-35-38-019fca69-7aad-7c81-a41b-21d9b9b7a3a6.jsonl;rollout-2026-08-04T09-20-33-019fca92-996a-7fb0-beea-942596ee66ef.jsonl;rollout-2026-08-04T10-12-03-019fcac1-c2c1-7fa1-9025-75f407e5c17d.jsonl;rollout-2026-08-04T10-15-17-019fcac4-b895-7d41-8678-b7e083a63a7c.jsonl;rollout-2026-08-04T10-19-37-019fcac8-aef6-7891-b93f-98ea184a621a.jsonl;rollout-2026-08-04T10-21-58-019fcaca-d45c-71e2-b106-bf99705f2352.jsonl;rollout-2026-08-04T10-34-18-019fcad6-1ecd-7850-99bb-3c6de4e50875.jsonl;rollout-2026-08-04T10-48-23-019fcae3-056d-75d1-92ad-eb777da35982.jsonl;rollout-2026-08-04T11-16-01-019fcafc-52a7-7192-8947-b6108df3e0a0.jsonl;rollout-2026-08-04T11-30-54-019fcb09-f095-73f0-a684-f990ae1268d9.jsonl;rollout-2026-08-04T12-04-05-019fcb28-5502-7851-a2a2-04d6af5ebca0.jsonl;rollout-2026-08-04T12-06-35-019fcb2a-9ce7-77a0-883d-13f05394caa9.jsonl;rollout-2026-08-04T13-25-53-019fcb73-38aa-7dc1-a0e8-ba0bbda0b211.jsonl;rollout-2026-08-04T13-46-54-019fcb86-7621-7113-8c34-e9e4bbbbcec9.jsonl;rollout-2026-08-04T14-54-53-019fcbc4-b3f2-77f3-b7c1-a06a5366e820.jsonl;rollout-2026-08-04T15-01-41-019fcbca-eaed-74d1-bf45-177cdb3f3491.jsonl;rollout-2026-08-04T15-07-44-019fcbd0-75f1-73c3-a828-838aa341eb82.jsonl;rollout-2026-08-04T16-25-55-019fcc18-0915-78d0-ba2c-e6b7a07eb9f1.jsonl;rollout-2026-08-04T20-47-31-019fcd07-8c5b-7af3-b9ec-87cb36d7a952.jsonl,public\css\views\product\by-category.css
public\css\views\product\catalog.css,True,14,28,rollout-2026-07-31T11-06-09-019fb659-d8c8-7971-aa5f-6125546bafd1.jsonl;rollout-2026-08-02T17-29-48-019fc205-cd55-7a50-950b-2f6a196b5dee.jsonl;rollout-2026-08-04T09-20-33-019fca92-996a-7fb0-beea-942596ee66ef.jsonl;rollout-2026-08-04T10-12-03-019fcac1-c2c1-7fa1-9025-75f407e5c17d.jsonl;rollout-2026-08-04T10-19-37-019fcac8-aef6-7891-b93f-98ea184a621a.jsonl;rollout-2026-08-04T10-21-58-019fcaca-d45c-71e2-b106-bf99705f2352.jsonl;rollout-2026-08-04T10-34-18-019fcad6-1ecd-7850-99bb-3c6de4e50875.jsonl;rollout-2026-08-04T10-48-23-019fcae3-056d-75d1-92ad-eb777da35982.jsonl;rollout-2026-08-04T11-16-01-019fcafc-52a7-7192-8947-b6108df3e0a0.jsonl;rollout-2026-08-04T12-06-35-019fcb2a-9ce7-77a0-883d-13f05394caa9.jsonl;rollout-2026-08-04T13-25-53-019fcb73-38aa-7dc1-a0e8-ba0bbda0b211.jsonl;rollout-2026-08-04T13-46-54-019fcb86-7621-7113-8c34-e9e4bbbbcec9.jsonl;rollout-2026-08-04T14-54-53-019fcbc4-b3f2-77f3-b7c1-a06a5366e820.jsonl;rollout-2026-08-04T16-25-55-019fcc18-0915-78d0-ba2c-e6b7a07eb9f1.jsonl,public\css\views\product\catalog.css
public\css\views\product\shop.css,True,14,23,rollout-2026-07-31T11-06-09-019fb659-d8c8-7971-aa5f-6125546bafd1.jsonl;rollout-2026-08-02T17-29-48-019fc205-cd55-7a50-950b-2f6a196b5dee.jsonl;rollout-2026-08-04T09-20-33-019fca92-996a-7fb0-beea-942596ee66ef.jsonl;rollout-2026-08-04T10-12-03-019fcac1-c2c1-7fa1-9025-75f407e5c17d.jsonl;rollout-2026-08-04T10-19-37-019fcac8-aef6-7891-b93f-98ea184a621a.jsonl;rollout-2026-08-04T10-21-58-019fcaca-d45c-71e2-b106-bf99705f2352.jsonl;rollout-2026-08-04T10-34-18-019fcad6-1ecd-7850-99bb-3c6de4e50875.jsonl;rollout-2026-08-04T10-48-23-019fcae3-056d-75d1-92ad-eb777da35982.jsonl;rollout-2026-08-04T11-16-01-019fcafc-52a7-7192-8947-b6108df3e0a0.jsonl;rollout-2026-08-04T12-06-35-019fcb2a-9ce7-77a0-883d-13f05394caa9.jsonl;rollout-2026-08-04T13-25-53-019fcb73-38aa-7dc1-a0e8-ba0bbda0b211.jsonl;rollout-2026-08-04T13-46-54-019fcb86-7621-7113-8c34-e9e4bbbbcec9.jsonl;rollout-2026-08-04T14-54-53-019fcbc4-b3f2-77f3-b7c1-a06a5366e820.jsonl;rollout-2026-08-04T16-25-55-019fcc18-0915-78d0-ba2c-e6b7a07eb9f1.jsonl,public\css\views\product\shop.css
public\css\views\productdetail-base.css,True,21,89,rollout-2026-07-31T11-06-09-019fb659-d8c8-7971-aa5f-6125546bafd1.jsonl;rollout-2026-08-02T17-29-48-019fc205-cd55-7a50-950b-2f6a196b5dee.jsonl;rollout-2026-08-04T08-35-38-019fca69-7aad-7c81-a41b-21d9b9b7a3a6.jsonl;rollout-2026-08-04T09-20-33-019fca92-996a-7fb0-beea-942596ee66ef.jsonl;rollout-2026-08-04T10-12-03-019fcac1-c2c1-7fa1-9025-75f407e5c17d.jsonl;rollout-2026-08-04T10-15-17-019fcac4-b895-7d41-8678-b7e083a63a7c.jsonl;rollout-2026-08-04T10-19-37-019fcac8-aef6-7891-b93f-98ea184a621a.jsonl;rollout-2026-08-04T10-21-58-019fcaca-d45c-71e2-b106-bf99705f2352.jsonl;rollout-2026-08-04T10-34-18-019fcad6-1ecd-7850-99bb-3c6de4e50875.jsonl;rollout-2026-08-04T10-48-23-019fcae3-056d-75d1-92ad-eb777da35982.jsonl;rollout-2026-08-04T11-16-01-019fcafc-52a7-7192-8947-b6108df3e0a0.jsonl;rollout-2026-08-04T11-30-54-019fcb09-f095-73f0-a684-f990ae1268d9.jsonl;rollout-2026-08-04T12-04-05-019fcb28-5502-7851-a2a2-04d6af5ebca0.jsonl;rollout-2026-08-04T12-06-35-019fcb2a-9ce7-77a0-883d-13f05394caa9.jsonl;rollout-2026-08-04T13-25-53-019fcb73-38aa-7dc1-a0e8-ba0bbda0b211.jsonl;rollout-2026-08-04T13-46-54-019fcb86-7621-7113-8c34-e9e4bbbbcec9.jsonl;rollout-2026-08-04T14-54-53-019fcbc4-b3f2-77f3-b7c1-a06a5366e820.jsonl;rollout-2026-08-04T15-01-41-019fcbca-eaed-74d1-bf45-177cdb3f3491.jsonl;rollout-2026-08-04T15-07-44-019fcbd0-75f1-73c3-a828-838aa341eb82.jsonl;rollout-2026-08-04T16-25-55-019fcc18-0915-78d0-ba2c-e6b7a07eb9f1.jsonl;rollout-2026-08-04T20-47-31-019fcd07-8c5b-7af3-b9ec-87cb36d7a952.jsonl,public\css\views\productdetail-base.css
public\css\views\productdetail.css,True,21,518,rollout-2026-07-31T11-06-09-019fb659-d8c8-7971-aa5f-6125546bafd1.jsonl;rollout-2026-08-02T17-29-48-019fc205-cd55-7a50-950b-2f6a196b5dee.jsonl;rollout-2026-08-04T08-35-38-019fca69-7aad-7c81-a41b-21d9b9b7a3a6.jsonl;rollout-2026-08-04T09-20-33-019fca92-996a-7fb0-beea-942596ee66ef.jsonl;rollout-2026-08-04T10-12-03-019fcac1-c2c1-7fa1-9025-75f407e5c17d.jsonl;rollout-2026-08-04T10-15-17-019fcac4-b895-7d41-8678-b7e083a63a7c.jsonl;rollout-2026-08-04T10-19-37-019fcac8-aef6-7891-b93f-98ea184a621a.jsonl;rollout-2026-08-04T10-21-58-019fcaca-d45c-71e2-b106-bf99705f2352.jsonl;rollout-2026-08-04T10-34-18-019fcad6-1ecd-7850-99bb-3c6de4e50875.jsonl;rollout-2026-08-04T10-48-23-019fcae3-056d-75d1-92ad-eb777da35982.jsonl;rollout-2026-08-04T11-16-01-019fcafc-52a7-7192-8947-b6108df3e0a0.jsonl;rollout-2026-08-04T11-30-54-019fcb09-f095-73f0-a684-f990ae1268d9.jsonl;rollout-2026-08-04T12-04-05-019fcb28-5502-7851-a2a2-04d6af5ebca0.jsonl;rollout-2026-08-04T12-06-35-019fcb2a-9ce7-77a0-883d-13f05394caa9.jsonl;rollout-2026-08-04T13-25-53-019fcb73-38aa-7dc1-a0e8-ba0bbda0b211.jsonl;rollout-2026-08-04T13-46-54-019fcb86-7621-7113-8c34-e9e4bbbbcec9.jsonl;rollout-2026-08-04T14-54-53-019fcbc4-b3f2-77f3-b7c1-a06a5366e820.jsonl;rollout-2026-08-04T15-01-41-019fcbca-eaed-74d1-bf45-177cdb3f3491.jsonl;rollout-2026-08-04T15-07-44-019fcbd0-75f1-73c3-a828-838aa341eb82.jsonl;rollout-2026-08-04T16-25-55-019fcc18-0915-78d0-ba2c-e6b7a07eb9f1.jsonl;rollout-2026-08-04T20-47-31-019fcd07-8c5b-7af3-b9ec-87cb36d7a952.jsonl,public\css\views\productdetail.css
public\css\views\return-request.css,True,12,12,rollout-2026-07-31T11-06-09-019fb659-d8c8-7971-aa5f-6125546bafd1.jsonl;rollout-2026-08-02T17-29-48-019fc205-cd55-7a50-950b-2f6a196b5dee.jsonl;rollout-2026-08-04T09-20-33-019fca92-996a-7fb0-beea-942596ee66ef.jsonl;rollout-2026-08-04T10-12-03-019fcac1-c2c1-7fa1-9025-75f407e5c17d.jsonl;rollout-2026-08-04T10-21-58-019fcaca-d45c-71e2-b106-bf99705f2352.jsonl;rollout-2026-08-04T10-34-18-019fcad6-1ecd-7850-99bb-3c6de4e50875.jsonl;rollout-2026-08-04T10-48-23-019fcae3-056d-75d1-92ad-eb777da35982.jsonl;rollout-2026-08-04T11-16-01-019fcafc-52a7-7192-8947-b6108df3e0a0.jsonl;rollout-2026-08-04T12-06-35-019fcb2a-9ce7-77a0-883d-13f05394caa9.jsonl;rollout-2026-08-04T13-25-53-019fcb73-38aa-7dc1-a0e8-ba0bbda0b211.jsonl;rollout-2026-08-04T14-54-53-019fcbc4-b3f2-77f3-b7c1-a06a5366e820.jsonl;rollout-2026-08-04T16-25-55-019fcc18-0915-78d0-ba2c-e6b7a07eb9f1.jsonl,public\css\views\return-request.css
public\css\views\return-review.css,True,12,12,rollout-2026-07-31T11-06-09-019fb659-d8c8-7971-aa5f-6125546bafd1.jsonl;rollout-2026-08-02T17-29-48-019fc205-cd55-7a50-950b-2f6a196b5dee.jsonl;rollout-2026-08-04T09-20-33-019fca92-996a-7fb0-beea-942596ee66ef.jsonl;rollout-2026-08-04T10-12-03-019fcac1-c2c1-7fa1-9025-75f407e5c17d.jsonl;rollout-2026-08-04T10-21-58-019fcaca-d45c-71e2-b106-bf99705f2352.jsonl;rollout-2026-08-04T10-34-18-019fcad6-1ecd-7850-99bb-3c6de4e50875.jsonl;rollout-2026-08-04T10-48-23-019fcae3-056d-75d1-92ad-eb777da35982.jsonl;rollout-2026-08-04T11-16-01-019fcafc-52a7-7192-8947-b6108df3e0a0.jsonl;rollout-2026-08-04T12-06-35-019fcb2a-9ce7-77a0-883d-13f05394caa9.jsonl;rollout-2026-08-04T13-25-53-019fcb73-38aa-7dc1-a0e8-ba0bbda0b211.jsonl;rollout-2026-08-04T14-54-53-019fcbc4-b3f2-77f3-b7c1-a06a5366e820.jsonl;rollout-2026-08-04T16-25-55-019fcc18-0915-78d0-ba2c-e6b7a07eb9f1.jsonl,public\css\views\return-review.css
public\css\views\search\search.css,True,14,20,rollout-2026-07-31T11-06-09-019fb659-d8c8-7971-aa5f-6125546bafd1.jsonl;rollout-2026-08-02T17-29-48-019fc205-cd55-7a50-950b-2f6a196b5dee.jsonl;rollout-2026-08-04T09-20-33-019fca92-996a-7fb0-beea-942596ee66ef.jsonl;rollout-2026-08-04T10-12-03-019fcac1-c2c1-7fa1-9025-75f407e5c17d.jsonl;rollout-2026-08-04T10-19-37-019fcac8-aef6-7891-b93f-98ea184a621a.jsonl;rollout-2026-08-04T10-21-58-019fcaca-d45c-71e2-b106-bf99705f2352.jsonl;rollout-2026-08-04T10-34-18-019fcad6-1ecd-7850-99bb-3c6de4e50875.jsonl;rollout-2026-08-04T10-48-23-019fcae3-056d-75d1-92ad-eb777da35982.jsonl;rollout-2026-08-04T11-16-01-019fcafc-52a7-7192-8947-b6108df3e0a0.jsonl;rollout-2026-08-04T12-06-35-019fcb2a-9ce7-77a0-883d-13f05394caa9.jsonl;rollout-2026-08-04T13-25-53-019fcb73-38aa-7dc1-a0e8-ba0bbda0b211.jsonl;rollout-2026-08-04T13-46-54-019fcb86-7621-7113-8c34-e9e4bbbbcec9.jsonl;rollout-2026-08-04T14-54-53-019fcbc4-b3f2-77f3-b7c1-a06a5366e820.jsonl;rollout-2026-08-04T16-25-55-019fcc18-0915-78d0-ba2c-e6b7a07eb9f1.jsonl,public\css\views\search\search.css
public\css\views\thanh-toan-dia-chi.css,True,15,61,rollout-2026-07-31T11-06-09-019fb659-d8c8-7971-aa5f-6125546bafd1.jsonl;rollout-2026-08-02T17-29-48-019fc205-cd55-7a50-950b-2f6a196b5dee.jsonl;rollout-2026-08-03T11-06-38-019fc5cd-5f39-7863-a5b2-93a372b3a4ab.jsonl;rollout-2026-08-04T09-20-33-019fca92-996a-7fb0-beea-942596ee66ef.jsonl;rollout-2026-08-04T10-12-03-019fcac1-c2c1-7fa1-9025-75f407e5c17d.jsonl;rollout-2026-08-04T10-19-37-019fcac8-aef6-7891-b93f-98ea184a621a.jsonl;rollout-2026-08-04T10-21-58-019fcaca-d45c-71e2-b106-bf99705f2352.jsonl;rollout-2026-08-04T10-34-18-019fcad6-1ecd-7850-99bb-3c6de4e50875.jsonl;rollout-2026-08-04T10-48-23-019fcae3-056d-75d1-92ad-eb777da35982.jsonl;rollout-2026-08-04T11-16-01-019fcafc-52a7-7192-8947-b6108df3e0a0.jsonl;rollout-2026-08-04T12-06-35-019fcb2a-9ce7-77a0-883d-13f05394caa9.jsonl;rollout-2026-08-04T13-25-53-019fcb73-38aa-7dc1-a0e8-ba0bbda0b211.jsonl;rollout-2026-08-04T13-46-54-019fcb86-7621-7113-8c34-e9e4bbbbcec9.jsonl;rollout-2026-08-04T14-54-53-019fcbc4-b3f2-77f3-b7c1-a06a5366e820.jsonl;rollout-2026-08-04T16-25-55-019fcc18-0915-78d0-ba2c-e6b7a07eb9f1.jsonl,public\css\views\thanh-toan-dia-chi.css
public\css\views\thanks.css,True,12,12,rollout-2026-07-31T11-06-09-019fb659-d8c8-7971-aa5f-6125546bafd1.jsonl;rollout-2026-08-02T17-29-48-019fc205-cd55-7a50-950b-2f6a196b5dee.jsonl;rollout-2026-08-04T09-20-33-019fca92-996a-7fb0-beea-942596ee66ef.jsonl;rollout-2026-08-04T10-12-03-019fcac1-c2c1-7fa1-9025-75f407e5c17d.jsonl;rollout-2026-08-04T10-21-58-019fcaca-d45c-71e2-b106-bf99705f2352.jsonl;rollout-2026-08-04T10-34-18-019fcad6-1ecd-7850-99bb-3c6de4e50875.jsonl;rollout-2026-08-04T10-48-23-019fcae3-056d-75d1-92ad-eb777da35982.jsonl;rollout-2026-08-04T11-16-01-019fcafc-52a7-7192-8947-b6108df3e0a0.jsonl;rollout-2026-08-04T12-06-35-019fcb2a-9ce7-77a0-883d-13f05394caa9.jsonl;rollout-2026-08-04T13-25-53-019fcb73-38aa-7dc1-a0e8-ba0bbda0b211.jsonl;rollout-2026-08-04T14-54-53-019fcbc4-b3f2-77f3-b7c1-a06a5366e820.jsonl;rollout-2026-08-04T16-25-55-019fcc18-0915-78d0-ba2c-e6b7a07eb9f1.jsonl,public\css\views\thanks.css
public\css\views\tryon-ai.css,True,21,226,rollout-2026-07-31T11-06-09-019fb659-d8c8-7971-aa5f-6125546bafd1.jsonl;rollout-2026-08-02T17-29-48-019fc205-cd55-7a50-950b-2f6a196b5dee.jsonl;rollout-2026-08-04T08-35-38-019fca69-7aad-7c81-a41b-21d9b9b7a3a6.jsonl;rollout-2026-08-04T09-20-33-019fca92-996a-7fb0-beea-942596ee66ef.jsonl;rollout-2026-08-04T10-12-03-019fcac1-c2c1-7fa1-9025-75f407e5c17d.jsonl;rollout-2026-08-04T10-15-17-019fcac4-b895-7d41-8678-b7e083a63a7c.jsonl;rollout-2026-08-04T10-19-37-019fcac8-aef6-7891-b93f-98ea184a621a.jsonl;rollout-2026-08-04T10-21-58-019fcaca-d45c-71e2-b106-bf99705f2352.jsonl;rollout-2026-08-04T10-34-18-019fcad6-1ecd-7850-99bb-3c6de4e50875.jsonl;rollout-2026-08-04T10-48-23-019fcae3-056d-75d1-92ad-eb777da35982.jsonl;rollout-2026-08-04T11-16-01-019fcafc-52a7-7192-8947-b6108df3e0a0.jsonl;rollout-2026-08-04T11-30-54-019fcb09-f095-73f0-a684-f990ae1268d9.jsonl;rollout-2026-08-04T12-04-05-019fcb28-5502-7851-a2a2-04d6af5ebca0.jsonl;rollout-2026-08-04T12-06-35-019fcb2a-9ce7-77a0-883d-13f05394caa9.jsonl;rollout-2026-08-04T13-25-53-019fcb73-38aa-7dc1-a0e8-ba0bbda0b211.jsonl;rollout-2026-08-04T13-46-54-019fcb86-7621-7113-8c34-e9e4bbbbcec9.jsonl;rollout-2026-08-04T14-54-53-019fcbc4-b3f2-77f3-b7c1-a06a5366e820.jsonl;rollout-2026-08-04T15-01-41-019fcbca-eaed-74d1-bf45-177cdb3f3491.jsonl;rollout-2026-08-04T15-07-44-019fcbd0-75f1-73c3-a828-838aa341eb82.jsonl;rollout-2026-08-04T16-25-55-019fcc18-0915-78d0-ba2c-e6b7a07eb9f1.jsonl;rollout-2026-08-04T20-47-31-019fcd07-8c5b-7af3-b9ec-87cb36d7a952.jsonl,public\css\views\tryon-ai.css
public\css\views\user\add-address.css,True,12,12,rollout-2026-07-31T11-06-09-019fb659-d8c8-7971-aa5f-6125546bafd1.jsonl;rollout-2026-08-02T17-29-48-019fc205-cd55-7a50-950b-2f6a196b5dee.jsonl;rollout-2026-08-04T09-20-33-019fca92-996a-7fb0-beea-942596ee66ef.jsonl;rollout-2026-08-04T10-12-03-019fcac1-c2c1-7fa1-9025-75f407e5c17d.jsonl;rollout-2026-08-04T10-21-58-019fcaca-d45c-71e2-b106-bf99705f2352.jsonl;rollout-2026-08-04T10-34-18-019fcad6-1ecd-7850-99bb-3c6de4e50875.jsonl;rollout-2026-08-04T10-48-23-019fcae3-056d-75d1-92ad-eb777da35982.jsonl;rollout-2026-08-04T11-16-01-019fcafc-52a7-7192-8947-b6108df3e0a0.jsonl;rollout-2026-08-04T12-06-35-019fcb2a-9ce7-77a0-883d-13f05394caa9.jsonl;rollout-2026-08-04T13-25-53-019fcb73-38aa-7dc1-a0e8-ba0bbda0b211.jsonl;rollout-2026-08-04T14-54-53-019fcbc4-b3f2-77f3-b7c1-a06a5366e820.jsonl;rollout-2026-08-04T16-25-55-019fcc18-0915-78d0-ba2c-e6b7a07eb9f1.jsonl,public\css\views\user\add-address.css
public\css\views\user\change-password.css,True,13,14,rollout-2026-07-31T11-06-09-019fb659-d8c8-7971-aa5f-6125546bafd1.jsonl;rollout-2026-08-02T17-29-48-019fc205-cd55-7a50-950b-2f6a196b5dee.jsonl;rollout-2026-08-04T09-20-33-019fca92-996a-7fb0-beea-942596ee66ef.jsonl;rollout-2026-08-04T10-12-03-019fcac1-c2c1-7fa1-9025-75f407e5c17d.jsonl;rollout-2026-08-04T10-21-58-019fcaca-d45c-71e2-b106-bf99705f2352.jsonl;rollout-2026-08-04T10-34-18-019fcad6-1ecd-7850-99bb-3c6de4e50875.jsonl;rollout-2026-08-04T10-48-23-019fcae3-056d-75d1-92ad-eb777da35982.jsonl;rollout-2026-08-04T11-16-01-019fcafc-52a7-7192-8947-b6108df3e0a0.jsonl;rollout-2026-08-04T12-06-35-019fcb2a-9ce7-77a0-883d-13f05394caa9.jsonl;rollout-2026-08-04T13-25-53-019fcb73-38aa-7dc1-a0e8-ba0bbda0b211.jsonl;rollout-2026-08-04T13-46-54-019fcb86-7621-7113-8c34-e9e4bbbbcec9.jsonl;rollout-2026-08-04T14-54-53-019fcbc4-b3f2-77f3-b7c1-a06a5366e820.jsonl;rollout-2026-08-04T16-25-55-019fcc18-0915-78d0-ba2c-e6b7a07eb9f1.jsonl,public\css\views\user\change-password.css
public\css\views\user\edit-address.css,True,12,12,rollout-2026-07-31T11-06-09-019fb659-d8c8-7971-aa5f-6125546bafd1.jsonl;rollout-2026-08-02T17-29-48-019fc205-cd55-7a50-950b-2f6a196b5dee.jsonl;rollout-2026-08-04T09-20-33-019fca92-996a-7fb0-beea-942596ee66ef.jsonl;rollout-2026-08-04T10-12-03-019fcac1-c2c1-7fa1-9025-75f407e5c17d.jsonl;rollout-2026-08-04T10-21-58-019fcaca-d45c-71e2-b106-bf99705f2352.jsonl;rollout-2026-08-04T10-34-18-019fcad6-1ecd-7850-99bb-3c6de4e50875.jsonl;rollout-2026-08-04T10-48-23-019fcae3-056d-75d1-92ad-eb777da35982.jsonl;rollout-2026-08-04T11-16-01-019fcafc-52a7-7192-8947-b6108df3e0a0.jsonl;rollout-2026-08-04T12-06-35-019fcb2a-9ce7-77a0-883d-13f05394caa9.jsonl;rollout-2026-08-04T13-25-53-019fcb73-38aa-7dc1-a0e8-ba0bbda0b211.jsonl;rollout-2026-08-04T14-54-53-019fcbc4-b3f2-77f3-b7c1-a06a5366e820.jsonl;rollout-2026-08-04T16-25-55-019fcc18-0915-78d0-ba2c-e6b7a07eb9f1.jsonl,public\css\views\user\edit-address.css
public\css\views\user\edit-profile.css,True,13,20,rollout-2026-07-31T11-06-09-019fb659-d8c8-7971-aa5f-6125546bafd1.jsonl;rollout-2026-08-02T17-29-48-019fc205-cd55-7a50-950b-2f6a196b5dee.jsonl;rollout-2026-08-04T09-20-33-019fca92-996a-7fb0-beea-942596ee66ef.jsonl;rollout-2026-08-04T10-12-03-019fcac1-c2c1-7fa1-9025-75f407e5c17d.jsonl;rollout-2026-08-04T10-21-58-019fcaca-d45c-71e2-b106-bf99705f2352.jsonl;rollout-2026-08-04T10-34-18-019fcad6-1ecd-7850-99bb-3c6de4e50875.jsonl;rollout-2026-08-04T10-48-23-019fcae3-056d-75d1-92ad-eb777da35982.jsonl;rollout-2026-08-04T11-16-01-019fcafc-52a7-7192-8947-b6108df3e0a0.jsonl;rollout-2026-08-04T12-06-35-019fcb2a-9ce7-77a0-883d-13f05394caa9.jsonl;rollout-2026-08-04T13-25-53-019fcb73-38aa-7dc1-a0e8-ba0bbda0b211.jsonl;rollout-2026-08-04T13-46-54-019fcb86-7621-7113-8c34-e9e4bbbbcec9.jsonl;rollout-2026-08-04T14-54-53-019fcbc4-b3f2-77f3-b7c1-a06a5366e820.jsonl;rollout-2026-08-04T16-25-55-019fcc18-0915-78d0-ba2c-e6b7a07eb9f1.jsonl,public\css\views\user\edit-profile.css
public\css\views\user\forgot-password.css,True,14,25,rollout-2026-07-31T11-06-09-019fb659-d8c8-7971-aa5f-6125546bafd1.jsonl;rollout-2026-08-02T17-29-48-019fc205-cd55-7a50-950b-2f6a196b5dee.jsonl;rollout-2026-08-03T11-06-38-019fc5cd-5f39-7863-a5b2-93a372b3a4ab.jsonl;rollout-2026-08-04T09-20-33-019fca92-996a-7fb0-beea-942596ee66ef.jsonl;rollout-2026-08-04T10-12-03-019fcac1-c2c1-7fa1-9025-75f407e5c17d.jsonl;rollout-2026-08-04T10-21-58-019fcaca-d45c-71e2-b106-bf99705f2352.jsonl;rollout-2026-08-04T10-34-18-019fcad6-1ecd-7850-99bb-3c6de4e50875.jsonl;rollout-2026-08-04T10-48-23-019fcae3-056d-75d1-92ad-eb777da35982.jsonl;rollout-2026-08-04T11-16-01-019fcafc-52a7-7192-8947-b6108df3e0a0.jsonl;rollout-2026-08-04T12-06-35-019fcb2a-9ce7-77a0-883d-13f05394caa9.jsonl;rollout-2026-08-04T13-25-53-019fcb73-38aa-7dc1-a0e8-ba0bbda0b211.jsonl;rollout-2026-08-04T13-46-54-019fcb86-7621-7113-8c34-e9e4bbbbcec9.jsonl;rollout-2026-08-04T14-54-53-019fcbc4-b3f2-77f3-b7c1-a06a5366e820.jsonl;rollout-2026-08-04T16-25-55-019fcc18-0915-78d0-ba2c-e6b7a07eb9f1.jsonl,public\css\views\user\forgot-password.css
public\css\views\user\login.css,True,22,90,rollout-2026-07-31T11-06-09-019fb659-d8c8-7971-aa5f-6125546bafd1.jsonl;rollout-2026-08-02T17-29-48-019fc205-cd55-7a50-950b-2f6a196b5dee.jsonl;rollout-2026-08-03T11-06-38-019fc5cd-5f39-7863-a5b2-93a372b3a4ab.jsonl;rollout-2026-08-04T08-35-38-019fca69-7aad-7c81-a41b-21d9b9b7a3a6.jsonl;rollout-2026-08-04T09-20-33-019fca92-996a-7fb0-beea-942596ee66ef.jsonl;rollout-2026-08-04T10-12-03-019fcac1-c2c1-7fa1-9025-75f407e5c17d.jsonl;rollout-2026-08-04T10-15-17-019fcac4-b895-7d41-8678-b7e083a63a7c.jsonl;rollout-2026-08-04T10-19-37-019fcac8-aef6-7891-b93f-98ea184a621a.jsonl;rollout-2026-08-04T10-21-58-019fcaca-d45c-71e2-b106-bf99705f2352.jsonl;rollout-2026-08-04T10-34-18-019fcad6-1ecd-7850-99bb-3c6de4e50875.jsonl;rollout-2026-08-04T10-48-23-019fcae3-056d-75d1-92ad-eb777da35982.jsonl;rollout-2026-08-04T11-16-01-019fcafc-52a7-7192-8947-b6108df3e0a0.jsonl;rollout-2026-08-04T11-30-54-019fcb09-f095-73f0-a684-f990ae1268d9.jsonl;rollout-2026-08-04T12-04-05-019fcb28-5502-7851-a2a2-04d6af5ebca0.jsonl;rollout-2026-08-04T12-06-35-019fcb2a-9ce7-77a0-883d-13f05394caa9.jsonl;rollout-2026-08-04T13-25-53-019fcb73-38aa-7dc1-a0e8-ba0bbda0b211.jsonl;rollout-2026-08-04T13-46-54-019fcb86-7621-7113-8c34-e9e4bbbbcec9.jsonl;rollout-2026-08-04T14-54-53-019fcbc4-b3f2-77f3-b7c1-a06a5366e820.jsonl;rollout-2026-08-04T15-01-41-019fcbca-eaed-74d1-bf45-177cdb3f3491.jsonl;rollout-2026-08-04T15-07-44-019fcbd0-75f1-73c3-a828-838aa341eb82.jsonl;rollout-2026-08-04T16-25-55-019fcc18-0915-78d0-ba2c-e6b7a07eb9f1.jsonl;rollout-2026-08-04T20-47-31-019fcd07-8c5b-7af3-b9ec-87cb36d7a952.jsonl,public\css\views\user\login.css
public\css\views\user\password-recovery.css,True,22,71,rollout-2026-07-31T11-06-09-019fb659-d8c8-7971-aa5f-6125546bafd1.jsonl;rollout-2026-08-02T17-29-48-019fc205-cd55-7a50-950b-2f6a196b5dee.jsonl;rollout-2026-08-03T11-06-38-019fc5cd-5f39-7863-a5b2-93a372b3a4ab.jsonl;rollout-2026-08-04T08-35-38-019fca69-7aad-7c81-a41b-21d9b9b7a3a6.jsonl;rollout-2026-08-04T09-20-33-019fca92-996a-7fb0-beea-942596ee66ef.jsonl;rollout-2026-08-04T10-12-03-019fcac1-c2c1-7fa1-9025-75f407e5c17d.jsonl;rollout-2026-08-04T10-15-17-019fcac4-b895-7d41-8678-b7e083a63a7c.jsonl;rollout-2026-08-04T10-19-37-019fcac8-aef6-7891-b93f-98ea184a621a.jsonl;rollout-2026-08-04T10-21-58-019fcaca-d45c-71e2-b106-bf99705f2352.jsonl;rollout-2026-08-04T10-34-18-019fcad6-1ecd-7850-99bb-3c6de4e50875.jsonl;rollout-2026-08-04T10-48-23-019fcae3-056d-75d1-92ad-eb777da35982.jsonl;rollout-2026-08-04T11-16-01-019fcafc-52a7-7192-8947-b6108df3e0a0.jsonl;rollout-2026-08-04T11-30-54-019fcb09-f095-73f0-a684-f990ae1268d9.jsonl;rollout-2026-08-04T12-04-05-019fcb28-5502-7851-a2a2-04d6af5ebca0.jsonl;rollout-2026-08-04T12-06-35-019fcb2a-9ce7-77a0-883d-13f05394caa9.jsonl;rollout-2026-08-04T13-25-53-019fcb73-38aa-7dc1-a0e8-ba0bbda0b211.jsonl;rollout-2026-08-04T13-46-54-019fcb86-7621-7113-8c34-e9e4bbbbcec9.jsonl;rollout-2026-08-04T14-54-53-019fcbc4-b3f2-77f3-b7c1-a06a5366e820.jsonl;rollout-2026-08-04T15-01-41-019fcbca-eaed-74d1-bf45-177cdb3f3491.jsonl;rollout-2026-08-04T15-07-44-019fcbd0-75f1-73c3-a828-838aa341eb82.jsonl;rollout-2026-08-04T16-25-55-019fcc18-0915-78d0-ba2c-e6b7a07eb9f1.jsonl;rollout-2026-08-04T20-47-31-019fcd07-8c5b-7af3-b9ec-87cb36d7a952.jsonl,public\css\views\user\password-recovery.css
public\css\views\user\register.css,True,22,126,rollout-2026-07-31T11-06-09-019fb659-d8c8-7971-aa5f-6125546bafd1.jsonl;rollout-2026-08-02T17-29-48-019fc205-cd55-7a50-950b-2f6a196b5dee.jsonl;rollout-2026-08-03T11-06-38-019fc5cd-5f39-7863-a5b2-93a372b3a4ab.jsonl;rollout-2026-08-04T08-35-38-019fca69-7aad-7c81-a41b-21d9b9b7a3a6.jsonl;rollout-2026-08-04T09-20-33-019fca92-996a-7fb0-beea-942596ee66ef.jsonl;rollout-2026-08-04T10-12-03-019fcac1-c2c1-7fa1-9025-75f407e5c17d.jsonl;rollout-2026-08-04T10-15-17-019fcac4-b895-7d41-8678-b7e083a63a7c.jsonl;rollout-2026-08-04T10-19-37-019fcac8-aef6-7891-b93f-98ea184a621a.jsonl;rollout-2026-08-04T10-21-58-019fcaca-d45c-71e2-b106-bf99705f2352.jsonl;rollout-2026-08-04T10-34-18-019fcad6-1ecd-7850-99bb-3c6de4e50875.jsonl;rollout-2026-08-04T10-48-23-019fcae3-056d-75d1-92ad-eb777da35982.jsonl;rollout-2026-08-04T11-16-01-019fcafc-52a7-7192-8947-b6108df3e0a0.jsonl;rollout-2026-08-04T11-30-54-019fcb09-f095-73f0-a684-f990ae1268d9.jsonl;rollout-2026-08-04T12-04-05-019fcb28-5502-7851-a2a2-04d6af5ebca0.jsonl;rollout-2026-08-04T12-06-35-019fcb2a-9ce7-77a0-883d-13f05394caa9.jsonl;rollout-2026-08-04T13-25-53-019fcb73-38aa-7dc1-a0e8-ba0bbda0b211.jsonl;rollout-2026-08-04T13-46-54-019fcb86-7621-7113-8c34-e9e4bbbbcec9.jsonl;rollout-2026-08-04T14-54-53-019fcbc4-b3f2-77f3-b7c1-a06a5366e820.jsonl;rollout-2026-08-04T15-01-41-019fcbca-eaed-74d1-bf45-177cdb3f3491.jsonl;rollout-2026-08-04T15-07-44-019fcbd0-75f1-73c3-a828-838aa341eb82.jsonl;rollout-2026-08-04T16-25-55-019fcc18-0915-78d0-ba2c-e6b7a07eb9f1.jsonl;rollout-2026-08-04T20-47-31-019fcd07-8c5b-7af3-b9ec-87cb36d7a952.jsonl,public\css\views\user\register.css
public\css\views\user\sidebar.css,True,17,64,rollout-2026-07-31T11-06-09-019fb659-d8c8-7971-aa5f-6125546bafd1.jsonl;rollout-2026-08-02T17-29-48-019fc205-cd55-7a50-950b-2f6a196b5dee.jsonl;rollout-2026-08-04T09-20-33-019fca92-996a-7fb0-beea-942596ee66ef.jsonl;rollout-2026-08-04T10-12-03-019fcac1-c2c1-7fa1-9025-75f407e5c17d.jsonl;rollout-2026-08-04T10-21-58-019fcaca-d45c-71e2-b106-bf99705f2352.jsonl;rollout-2026-08-04T10-34-18-019fcad6-1ecd-7850-99bb-3c6de4e50875.jsonl;rollout-2026-08-04T10-48-23-019fcae3-056d-75d1-92ad-eb777da35982.jsonl;rollout-2026-08-04T11-16-01-019fcafc-52a7-7192-8947-b6108df3e0a0.jsonl;rollout-2026-08-04T12-04-05-019fcb28-5502-7851-a2a2-04d6af5ebca0.jsonl;rollout-2026-08-04T12-06-35-019fcb2a-9ce7-77a0-883d-13f05394caa9.jsonl;rollout-2026-08-04T13-25-53-019fcb73-38aa-7dc1-a0e8-ba0bbda0b211.jsonl;rollout-2026-08-04T13-46-54-019fcb86-7621-7113-8c34-e9e4bbbbcec9.jsonl;rollout-2026-08-04T14-54-53-019fcbc4-b3f2-77f3-b7c1-a06a5366e820.jsonl;rollout-2026-08-04T15-01-41-019fcbca-eaed-74d1-bf45-177cdb3f3491.jsonl;rollout-2026-08-04T15-07-44-019fcbd0-75f1-73c3-a828-838aa341eb82.jsonl;rollout-2026-08-04T16-25-55-019fcc18-0915-78d0-ba2c-e6b7a07eb9f1.jsonl;rollout-2026-08-04T20-47-31-019fcd07-8c5b-7af3-b9ec-87cb36d7a952.jsonl,public\css\views\user\sidebar.css
public\css\views\user\user-infor.css,True,17,113,rollout-2026-07-31T11-06-09-019fb659-d8c8-7971-aa5f-6125546bafd1.jsonl;rollout-2026-08-02T17-29-48-019fc205-cd55-7a50-950b-2f6a196b5dee.jsonl;rollout-2026-08-04T09-20-33-019fca92-996a-7fb0-beea-942596ee66ef.jsonl;rollout-2026-08-04T10-12-03-019fcac1-c2c1-7fa1-9025-75f407e5c17d.jsonl;rollout-2026-08-04T10-21-58-019fcaca-d45c-71e2-b106-bf99705f2352.jsonl;rollout-2026-08-04T10-34-18-019fcad6-1ecd-7850-99bb-3c6de4e50875.jsonl;rollout-2026-08-04T10-48-23-019fcae3-056d-75d1-92ad-eb777da35982.jsonl;rollout-2026-08-04T11-16-01-019fcafc-52a7-7192-8947-b6108df3e0a0.jsonl;rollout-2026-08-04T12-04-05-019fcb28-5502-7851-a2a2-04d6af5ebca0.jsonl;rollout-2026-08-04T12-06-35-019fcb2a-9ce7-77a0-883d-13f05394caa9.jsonl;rollout-2026-08-04T13-25-53-019fcb73-38aa-7dc1-a0e8-ba0bbda0b211.jsonl;rollout-2026-08-04T13-46-54-019fcb86-7621-7113-8c34-e9e4bbbbcec9.jsonl;rollout-2026-08-04T14-54-53-019fcbc4-b3f2-77f3-b7c1-a06a5366e820.jsonl;rollout-2026-08-04T15-01-41-019fcbca-eaed-74d1-bf45-177cdb3f3491.jsonl;rollout-2026-08-04T15-07-44-019fcbd0-75f1-73c3-a828-838aa341eb82.jsonl;rollout-2026-08-04T16-25-55-019fcc18-0915-78d0-ba2c-e6b7a07eb9f1.jsonl;rollout-2026-08-04T20-47-31-019fcd07-8c5b-7af3-b9ec-87cb36d7a952.jsonl,public\css\views\user\user-infor.css
public\demo\DUAN1_BANGIAY_ADMIN.png,True,11,11,rollout-2026-07-31T11-06-09-019fb659-d8c8-7971-aa5f-6125546bafd1.jsonl;rollout-2026-08-04T09-20-33-019fca92-996a-7fb0-beea-942596ee66ef.jsonl;rollout-2026-08-04T10-12-03-019fcac1-c2c1-7fa1-9025-75f407e5c17d.jsonl;rollout-2026-08-04T10-21-58-019fcaca-d45c-71e2-b106-bf99705f2352.jsonl;rollout-2026-08-04T10-34-18-019fcad6-1ecd-7850-99bb-3c6de4e50875.jsonl;rollout-2026-08-04T10-48-23-019fcae3-056d-75d1-92ad-eb777da35982.jsonl;rollout-2026-08-04T11-16-01-019fcafc-52a7-7192-8947-b6108df3e0a0.jsonl;rollout-2026-08-04T12-06-35-019fcb2a-9ce7-77a0-883d-13f05394caa9.jsonl;rollout-2026-08-04T13-25-53-019fcb73-38aa-7dc1-a0e8-ba0bbda0b211.jsonl;rollout-2026-08-04T14-54-53-019fcbc4-b3f2-77f3-b7c1-a06a5366e820.jsonl;rollout-2026-08-04T16-25-55-019fcc18-0915-78d0-ba2c-e6b7a07eb9f1.jsonl,public\demo\DUAN1_BANGIAY_ADMIN.png
public\demo\DUAN1_BANGIAY_HOME.png,True,11,11,rollout-2026-07-31T11-06-09-019fb659-d8c8-7971-aa5f-6125546bafd1.jsonl;rollout-2026-08-04T09-20-33-019fca92-996a-7fb0-beea-942596ee66ef.jsonl;rollout-2026-08-04T10-12-03-019fcac1-c2c1-7fa1-9025-75f407e5c17d.jsonl;rollout-2026-08-04T10-21-58-019fcaca-d45c-71e2-b106-bf99705f2352.jsonl;rollout-2026-08-04T10-34-18-019fcad6-1ecd-7850-99bb-3c6de4e50875.jsonl;rollout-2026-08-04T10-48-23-019fcae3-056d-75d1-92ad-eb777da35982.jsonl;rollout-2026-08-04T11-16-01-019fcafc-52a7-7192-8947-b6108df3e0a0.jsonl;rollout-2026-08-04T12-06-35-019fcb2a-9ce7-77a0-883d-13f05394caa9.jsonl;rollout-2026-08-04T13-25-53-019fcb73-38aa-7dc1-a0e8-ba0bbda0b211.jsonl;rollout-2026-08-04T14-54-53-019fcbc4-b3f2-77f3-b7c1-a06a5366e820.jsonl;rollout-2026-08-04T16-25-55-019fcc18-0915-78d0-ba2c-e6b7a07eb9f1.jsonl,public\demo\DUAN1_BANGIAY_HOME.png
public\fonts-manifest.dev.js,False,1,1,rollout-2026-08-04T08-35-38-019fca69-7aad-7c81-a41b-21d9b9b7a3a6.jsonl,/public/fonts-manifest.dev.json
public\fonts\ElegantIcons.svg,True,11,11,rollout-2026-07-31T11-06-09-019fb659-d8c8-7971-aa5f-6125546bafd1.jsonl;rollout-2026-08-04T09-20-33-019fca92-996a-7fb0-beea-942596ee66ef.jsonl;rollout-2026-08-04T10-12-03-019fcac1-c2c1-7fa1-9025-75f407e5c17d.jsonl;rollout-2026-08-04T10-21-58-019fcaca-d45c-71e2-b106-bf99705f2352.jsonl;rollout-2026-08-04T10-34-18-019fcad6-1ecd-7850-99bb-3c6de4e50875.jsonl;rollout-2026-08-04T10-48-23-019fcae3-056d-75d1-92ad-eb777da35982.jsonl;rollout-2026-08-04T11-16-01-019fcafc-52a7-7192-8947-b6108df3e0a0.jsonl;rollout-2026-08-04T12-06-35-019fcb2a-9ce7-77a0-883d-13f05394caa9.jsonl;rollout-2026-08-04T13-25-53-019fcb73-38aa-7dc1-a0e8-ba0bbda0b211.jsonl;rollout-2026-08-04T14-54-53-019fcbc4-b3f2-77f3-b7c1-a06a5366e820.jsonl;rollout-2026-08-04T16-25-55-019fcc18-0915-78d0-ba2c-e6b7a07eb9f1.jsonl,public\fonts\ElegantIcons.svg
public\fonts\fontawesome-webfont.svg,True,13,13,rollout-2026-07-31T11-06-09-019fb659-d8c8-7971-aa5f-6125546bafd1.jsonl;rollout-2026-08-03T11-06-38-019fc5cd-5f39-7863-a5b2-93a372b3a4ab.jsonl;rollout-2026-08-04T08-35-38-019fca69-7aad-7c81-a41b-21d9b9b7a3a6.jsonl;rollout-2026-08-04T09-20-33-019fca92-996a-7fb0-beea-942596ee66ef.jsonl;rollout-2026-08-04T10-12-03-019fcac1-c2c1-7fa1-9025-75f407e5c17d.jsonl;rollout-2026-08-04T10-21-58-019fcaca-d45c-71e2-b106-bf99705f2352.jsonl;rollout-2026-08-04T10-34-18-019fcad6-1ecd-7850-99bb-3c6de4e50875.jsonl;rollout-2026-08-04T10-48-23-019fcae3-056d-75d1-92ad-eb777da35982.jsonl;rollout-2026-08-04T11-16-01-019fcafc-52a7-7192-8947-b6108df3e0a0.jsonl;rollout-2026-08-04T12-06-35-019fcb2a-9ce7-77a0-883d-13f05394caa9.jsonl;rollout-2026-08-04T13-25-53-019fcb73-38aa-7dc1-a0e8-ba0bbda0b211.jsonl;rollout-2026-08-04T14-54-53-019fcbc4-b3f2-77f3-b7c1-a06a5366e820.jsonl;rollout-2026-08-04T16-25-55-019fcc18-0915-78d0-ba2c-e6b7a07eb9f1.jsonl,public\fonts\fontawesome-webfont.svg
public\img\banner-fpt-1.png,True,11,11,rollout-2026-07-31T11-06-09-019fb659-d8c8-7971-aa5f-6125546bafd1.jsonl;rollout-2026-08-04T09-20-33-019fca92-996a-7fb0-beea-942596ee66ef.jsonl;rollout-2026-08-04T10-12-03-019fcac1-c2c1-7fa1-9025-75f407e5c17d.jsonl;rollout-2026-08-04T10-21-58-019fcaca-d45c-71e2-b106-bf99705f2352.jsonl;rollout-2026-08-04T10-34-18-019fcad6-1ecd-7850-99bb-3c6de4e50875.jsonl;rollout-2026-08-04T10-48-23-019fcae3-056d-75d1-92ad-eb777da35982.jsonl;rollout-2026-08-04T11-16-01-019fcafc-52a7-7192-8947-b6108df3e0a0.jsonl;rollout-2026-08-04T12-06-35-019fcb2a-9ce7-77a0-883d-13f05394caa9.jsonl;rollout-2026-08-04T13-25-53-019fcb73-38aa-7dc1-a0e8-ba0bbda0b211.jsonl;rollout-2026-08-04T14-54-53-019fcbc4-b3f2-77f3-b7c1-a06a5366e820.jsonl;rollout-2026-08-04T16-25-55-019fcc18-0915-78d0-ba2c-e6b7a07eb9f1.jsonl,public\img\banner-fpt-1.png
public\img\banner-fpt-2.png,True,11,11,rollout-2026-07-31T11-06-09-019fb659-d8c8-7971-aa5f-6125546bafd1.jsonl;rollout-2026-08-04T09-20-33-019fca92-996a-7fb0-beea-942596ee66ef.jsonl;rollout-2026-08-04T10-12-03-019fcac1-c2c1-7fa1-9025-75f407e5c17d.jsonl;rollout-2026-08-04T10-21-58-019fcaca-d45c-71e2-b106-bf99705f2352.jsonl;rollout-2026-08-04T10-34-18-019fcad6-1ecd-7850-99bb-3c6de4e50875.jsonl;rollout-2026-08-04T10-48-23-019fcae3-056d-75d1-92ad-eb777da35982.jsonl;rollout-2026-08-04T11-16-01-019fcafc-52a7-7192-8947-b6108df3e0a0.jsonl;rollout-2026-08-04T12-06-35-019fcb2a-9ce7-77a0-883d-13f05394caa9.jsonl;rollout-2026-08-04T13-25-53-019fcb73-38aa-7dc1-a0e8-ba0bbda0b211.jsonl;rollout-2026-08-04T14-54-53-019fcbc4-b3f2-77f3-b7c1-a06a5366e820.jsonl;rollout-2026-08-04T16-25-55-019fcc18-0915-78d0-ba2c-e6b7a07eb9f1.jsonl,public\img\banner-fpt-2.png
public\img\banner-vuong-fpt-1.png,True,11,11,rollout-2026-07-31T11-06-09-019fb659-d8c8-7971-aa5f-6125546bafd1.jsonl;rollout-2026-08-04T09-20-33-019fca92-996a-7fb0-beea-942596ee66ef.jsonl;rollout-2026-08-04T10-12-03-019fcac1-c2c1-7fa1-9025-75f407e5c17d.jsonl;rollout-2026-08-04T10-21-58-019fcaca-d45c-71e2-b106-bf99705f2352.jsonl;rollout-2026-08-04T10-34-18-019fcad6-1ecd-7850-99bb-3c6de4e50875.jsonl;rollout-2026-08-04T10-48-23-019fcae3-056d-75d1-92ad-eb777da35982.jsonl;rollout-2026-08-04T11-16-01-019fcafc-52a7-7192-8947-b6108df3e0a0.jsonl;rollout-2026-08-04T12-06-35-019fcb2a-9ce7-77a0-883d-13f05394caa9.jsonl;rollout-2026-08-04T13-25-53-019fcb73-38aa-7dc1-a0e8-ba0bbda0b211.jsonl;rollout-2026-08-04T14-54-53-019fcbc4-b3f2-77f3-b7c1-a06a5366e820.jsonl;rollout-2026-08-04T16-25-55-019fcc18-0915-78d0-ba2c-e6b7a07eb9f1.jsonl,public\img\banner-vuong-fpt-1.png
public\img\banner-vuong-fpt-2.png,True,11,11,rollout-2026-07-31T11-06-09-019fb659-d8c8-7971-aa5f-6125546bafd1.jsonl;rollout-2026-08-04T09-20-33-019fca92-996a-7fb0-beea-942596ee66ef.jsonl;rollout-2026-08-04T10-12-03-019fcac1-c2c1-7fa1-9025-75f407e5c17d.jsonl;rollout-2026-08-04T10-21-58-019fcaca-d45c-71e2-b106-bf99705f2352.jsonl;rollout-2026-08-04T10-34-18-019fcad6-1ecd-7850-99bb-3c6de4e50875.jsonl;rollout-2026-08-04T10-48-23-019fcae3-056d-75d1-92ad-eb777da35982.jsonl;rollout-2026-08-04T11-16-01-019fcafc-52a7-7192-8947-b6108df3e0a0.jsonl;rollout-2026-08-04T12-06-35-019fcb2a-9ce7-77a0-883d-13f05394caa9.jsonl;rollout-2026-08-04T13-25-53-019fcb73-38aa-7dc1-a0e8-ba0bbda0b211.jsonl;rollout-2026-08-04T14-54-53-019fcbc4-b3f2-77f3-b7c1-a06a5366e820.jsonl;rollout-2026-08-04T16-25-55-019fcc18-0915-78d0-ba2c-e6b7a07eb9f1.jsonl,public\img\banner-vuong-fpt-2.png
public\img\banner\banner-1.jpg,True,11,11,rollout-2026-07-31T11-06-09-019fb659-d8c8-7971-aa5f-6125546bafd1.jsonl;rollout-2026-08-04T09-20-33-019fca92-996a-7fb0-beea-942596ee66ef.jsonl;rollout-2026-08-04T10-12-03-019fcac1-c2c1-7fa1-9025-75f407e5c17d.jsonl;rollout-2026-08-04T10-21-58-019fcaca-d45c-71e2-b106-bf99705f2352.jsonl;rollout-2026-08-04T10-34-18-019fcad6-1ecd-7850-99bb-3c6de4e50875.jsonl;rollout-2026-08-04T10-48-23-019fcae3-056d-75d1-92ad-eb777da35982.jsonl;rollout-2026-08-04T11-16-01-019fcafc-52a7-7192-8947-b6108df3e0a0.jsonl;rollout-2026-08-04T12-06-35-019fcb2a-9ce7-77a0-883d-13f05394caa9.jsonl;rollout-2026-08-04T13-25-53-019fcb73-38aa-7dc1-a0e8-ba0bbda0b211.jsonl;rollout-2026-08-04T14-54-53-019fcbc4-b3f2-77f3-b7c1-a06a5366e820.jsonl;rollout-2026-08-04T16-25-55-019fcc18-0915-78d0-ba2c-e6b7a07eb9f1.jsonl,public\img\banner\banner-1.jpg
public\img\banner\banner-2.jpg,True,11,11,rollout-2026-07-31T11-06-09-019fb659-d8c8-7971-aa5f-6125546bafd1.jsonl;rollout-2026-08-04T09-20-33-019fca92-996a-7fb0-beea-942596ee66ef.jsonl;rollout-2026-08-04T10-12-03-019fcac1-c2c1-7fa1-9025-75f407e5c17d.jsonl;rollout-2026-08-04T10-21-58-019fcaca-d45c-71e2-b106-bf99705f2352.jsonl;rollout-2026-08-04T10-34-18-019fcad6-1ecd-7850-99bb-3c6de4e50875.jsonl;rollout-2026-08-04T10-48-23-019fcae3-056d-75d1-92ad-eb777da35982.jsonl;rollout-2026-08-04T11-16-01-019fcafc-52a7-7192-8947-b6108df3e0a0.jsonl;rollout-2026-08-04T12-06-35-019fcb2a-9ce7-77a0-883d-13f05394caa9.jsonl;rollout-2026-08-04T13-25-53-019fcb73-38aa-7dc1-a0e8-ba0bbda0b211.jsonl;rollout-2026-08-04T14-54-53-019fcbc4-b3f2-77f3-b7c1-a06a5366e820.jsonl;rollout-2026-08-04T16-25-55-019fcc18-0915-78d0-ba2c-e6b7a07eb9f1.jsonl,public\img\banner\banner-2.jpg
public\img\banner\banner-3.jpg,True,11,11,rollout-2026-07-31T11-06-09-019fb659-d8c8-7971-aa5f-6125546bafd1.jsonl;rollout-2026-08-04T09-20-33-019fca92-996a-7fb0-beea-942596ee66ef.jsonl;rollout-2026-08-04T10-12-03-019fcac1-c2c1-7fa1-9025-75f407e5c17d.jsonl;rollout-2026-08-04T10-21-58-019fcaca-d45c-71e2-b106-bf99705f2352.jsonl;rollout-2026-08-04T10-34-18-019fcad6-1ecd-7850-99bb-3c6de4e50875.jsonl;rollout-2026-08-04T10-48-23-019fcae3-056d-75d1-92ad-eb777da35982.jsonl;rollout-2026-08-04T11-16-01-019fcafc-52a7-7192-8947-b6108df3e0a0.jsonl;rollout-2026-08-04T12-06-35-019fcb2a-9ce7-77a0-883d-13f05394caa9.jsonl;rollout-2026-08-04T13-25-53-019fcb73-38aa-7dc1-a0e8-ba0bbda0b211.jsonl;rollout-2026-08-04T14-54-53-019fcbc4-b3f2-77f3-b7c1-a06a5366e820.jsonl;rollout-2026-08-04T16-25-55-019fcc18-0915-78d0-ba2c-e6b7a07eb9f1.jsonl,public\img\banner\banner-3.jpg
public\img\banner\banner-4.jpg,True,11,11,rollout-2026-07-31T11-06-09-019fb659-d8c8-7971-aa5f-6125546bafd1.jsonl;rollout-2026-08-04T09-20-33-019fca92-996a-7fb0-beea-942596ee66ef.jsonl;rollout-2026-08-04T10-12-03-019fcac1-c2c1-7fa1-9025-75f407e5c17d.jsonl;rollout-2026-08-04T10-21-58-019fcaca-d45c-71e2-b106-bf99705f2352.jsonl;rollout-2026-08-04T10-34-18-019fcad6-1ecd-7850-99bb-3c6de4e50875.jsonl;rollout-2026-08-04T10-48-23-019fcae3-056d-75d1-92ad-eb777da35982.jsonl;rollout-2026-08-04T11-16-01-019fcafc-52a7-7192-8947-b6108df3e0a0.jsonl;rollout-2026-08-04T12-06-35-019fcb2a-9ce7-77a0-883d-13f05394caa9.jsonl;rollout-2026-08-04T13-25-53-019fcb73-38aa-7dc1-a0e8-ba0bbda0b211.jsonl;rollout-2026-08-04T14-54-53-019fcbc4-b3f2-77f3-b7c1-a06a5366e820.jsonl;rollout-2026-08-04T16-25-55-019fcc18-0915-78d0-ba2c-e6b7a07eb9f1.jsonl,public\img\banner\banner-4.jpg
public\img\banner\banner-main-1.jpg,True,12,12,rollout-2026-07-31T11-06-09-019fb659-d8c8-7971-aa5f-6125546bafd1.jsonl;rollout-2026-08-02T17-29-48-019fc205-cd55-7a50-950b-2f6a196b5dee.jsonl;rollout-2026-08-04T09-20-33-019fca92-996a-7fb0-beea-942596ee66ef.jsonl;rollout-2026-08-04T10-12-03-019fcac1-c2c1-7fa1-9025-75f407e5c17d.jsonl;rollout-2026-08-04T10-21-58-019fcaca-d45c-71e2-b106-bf99705f2352.jsonl;rollout-2026-08-04T10-34-18-019fcad6-1ecd-7850-99bb-3c6de4e50875.jsonl;rollout-2026-08-04T10-48-23-019fcae3-056d-75d1-92ad-eb777da35982.jsonl;rollout-2026-08-04T11-16-01-019fcafc-52a7-7192-8947-b6108df3e0a0.jsonl;rollout-2026-08-04T12-06-35-019fcb2a-9ce7-77a0-883d-13f05394caa9.jsonl;rollout-2026-08-04T13-25-53-019fcb73-38aa-7dc1-a0e8-ba0bbda0b211.jsonl;rollout-2026-08-04T14-54-53-019fcbc4-b3f2-77f3-b7c1-a06a5366e820.jsonl;rollout-2026-08-04T16-25-55-019fcc18-0915-78d0-ba2c-e6b7a07eb9f1.jsonl,public\img\banner\banner-main-1.jpg
public\img\banner\banner-main-2.jpg,True,12,12,rollout-2026-07-31T11-06-09-019fb659-d8c8-7971-aa5f-6125546bafd1.jsonl;rollout-2026-08-02T17-29-48-019fc205-cd55-7a50-950b-2f6a196b5dee.jsonl;rollout-2026-08-04T09-20-33-019fca92-996a-7fb0-beea-942596ee66ef.jsonl;rollout-2026-08-04T10-12-03-019fcac1-c2c1-7fa1-9025-75f407e5c17d.jsonl;rollout-2026-08-04T10-21-58-019fcaca-d45c-71e2-b106-bf99705f2352.jsonl;rollout-2026-08-04T10-34-18-019fcad6-1ecd-7850-99bb-3c6de4e50875.jsonl;rollout-2026-08-04T10-48-23-019fcae3-056d-75d1-92ad-eb777da35982.jsonl;rollout-2026-08-04T11-16-01-019fcafc-52a7-7192-8947-b6108df3e0a0.jsonl;rollout-2026-08-04T12-06-35-019fcb2a-9ce7-77a0-883d-13f05394caa9.jsonl;rollout-2026-08-04T13-25-53-019fcb73-38aa-7dc1-a0e8-ba0bbda0b211.jsonl;rollout-2026-08-04T14-54-53-019fcbc4-b3f2-77f3-b7c1-a06a5366e820.jsonl;rollout-2026-08-04T16-25-55-019fcc18-0915-78d0-ba2c-e6b7a07eb9f1.jsonl,public\img\banner\banner-main-2.jpg
public\img\banner\banner-main-3.jpg,True,12,12,rollout-2026-07-31T11-06-09-019fb659-d8c8-7971-aa5f-6125546bafd1.jsonl;rollout-2026-08-02T17-29-48-019fc205-cd55-7a50-950b-2f6a196b5dee.jsonl;rollout-2026-08-04T09-20-33-019fca92-996a-7fb0-beea-942596ee66ef.jsonl;rollout-2026-08-04T10-12-03-019fcac1-c2c1-7fa1-9025-75f407e5c17d.jsonl;rollout-2026-08-04T10-21-58-019fcaca-d45c-71e2-b106-bf99705f2352.jsonl;rollout-2026-08-04T10-34-18-019fcad6-1ecd-7850-99bb-3c6de4e50875.jsonl;rollout-2026-08-04T10-48-23-019fcae3-056d-75d1-92ad-eb777da35982.jsonl;rollout-2026-08-04T11-16-01-019fcafc-52a7-7192-8947-b6108df3e0a0.jsonl;rollout-2026-08-04T12-06-35-019fcb2a-9ce7-77a0-883d-13f05394caa9.jsonl;rollout-2026-08-04T13-25-53-019fcb73-38aa-7dc1-a0e8-ba0bbda0b211.jsonl;rollout-2026-08-04T14-54-53-019fcbc4-b3f2-77f3-b7c1-a06a5366e820.jsonl;rollout-2026-08-04T16-25-55-019fcc18-0915-78d0-ba2c-e6b7a07eb9f1.jsonl,public\img\banner\banner-main-3.jpg
public\img\banner\banner-sm-1.jpg,True,11,11,rollout-2026-07-31T11-06-09-019fb659-d8c8-7971-aa5f-6125546bafd1.jsonl;rollout-2026-08-04T09-20-33-019fca92-996a-7fb0-beea-942596ee66ef.jsonl;rollout-2026-08-04T10-12-03-019fcac1-c2c1-7fa1-9025-75f407e5c17d.jsonl;rollout-2026-08-04T10-21-58-019fcaca-d45c-71e2-b106-bf99705f2352.jsonl;rollout-2026-08-04T10-34-18-019fcad6-1ecd-7850-99bb-3c6de4e50875.jsonl;rollout-2026-08-04T10-48-23-019fcae3-056d-75d1-92ad-eb777da35982.jsonl;rollout-2026-08-04T11-16-01-019fcafc-52a7-7192-8947-b6108df3e0a0.jsonl;rollout-2026-08-04T12-06-35-019fcb2a-9ce7-77a0-883d-13f05394caa9.jsonl;rollout-2026-08-04T13-25-53-019fcb73-38aa-7dc1-a0e8-ba0bbda0b211.jsonl;rollout-2026-08-04T14-54-53-019fcbc4-b3f2-77f3-b7c1-a06a5366e820.jsonl;rollout-2026-08-04T16-25-55-019fcc18-0915-78d0-ba2c-e6b7a07eb9f1.jsonl,public\img\banner\banner-sm-1.jpg
public\img\banner\banner-sm-2.png,True,11,11,rollout-2026-07-31T11-06-09-019fb659-d8c8-7971-aa5f-6125546bafd1.jsonl;rollout-2026-08-04T09-20-33-019fca92-996a-7fb0-beea-942596ee66ef.jsonl;rollout-2026-08-04T10-12-03-019fcac1-c2c1-7fa1-9025-75f407e5c17d.jsonl;rollout-2026-08-04T10-21-58-019fcaca-d45c-71e2-b106-bf99705f2352.jsonl;rollout-2026-08-04T10-34-18-019fcad6-1ecd-7850-99bb-3c6de4e50875.jsonl;rollout-2026-08-04T10-48-23-019fcae3-056d-75d1-92ad-eb777da35982.jsonl;rollout-2026-08-04T11-16-01-019fcafc-52a7-7192-8947-b6108df3e0a0.jsonl;rollout-2026-08-04T12-06-35-019fcb2a-9ce7-77a0-883d-13f05394caa9.jsonl;rollout-2026-08-04T13-25-53-019fcb73-38aa-7dc1-a0e8-ba0bbda0b211.jsonl;rollout-2026-08-04T14-54-53-019fcbc4-b3f2-77f3-b7c1-a06a5366e820.jsonl;rollout-2026-08-04T16-25-55-019fcc18-0915-78d0-ba2c-e6b7a07eb9f1.jsonl,public\img\banner\banner-sm-2.png
public\img\banner\banner-sm-3.jpg,True,11,11,rollout-2026-07-31T11-06-09-019fb659-d8c8-7971-aa5f-6125546bafd1.jsonl;rollout-2026-08-04T09-20-33-019fca92-996a-7fb0-beea-942596ee66ef.jsonl;rollout-2026-08-04T10-12-03-019fcac1-c2c1-7fa1-9025-75f407e5c17d.jsonl;rollout-2026-08-04T10-21-58-019fcaca-d45c-71e2-b106-bf99705f2352.jsonl;rollout-2026-08-04T10-34-18-019fcad6-1ecd-7850-99bb-3c6de4e50875.jsonl;rollout-2026-08-04T10-48-23-019fcae3-056d-75d1-92ad-eb777da35982.jsonl;rollout-2026-08-04T11-16-01-019fcafc-52a7-7192-8947-b6108df3e0a0.jsonl;rollout-2026-08-04T12-06-35-019fcb2a-9ce7-77a0-883d-13f05394caa9.jsonl;rollout-2026-08-04T13-25-53-019fcb73-38aa-7dc1-a0e8-ba0bbda0b211.jsonl;rollout-2026-08-04T14-54-53-019fcbc4-b3f2-77f3-b7c1-a06a5366e820.jsonl;rollout-2026-08-04T16-25-55-019fcc18-0915-78d0-ba2c-e6b7a07eb9f1.jsonl,public\img\banner\banner-sm-3.jpg
public\img\banner\banner-sm-4.jpg,True,11,11,rollout-2026-07-31T11-06-09-019fb659-d8c8-7971-aa5f-6125546bafd1.jsonl;rollout-2026-08-04T09-20-33-019fca92-996a-7fb0-beea-942596ee66ef.jsonl;rollout-2026-08-04T10-12-03-019fcac1-c2c1-7fa1-9025-75f407e5c17d.jsonl;rollout-2026-08-04T10-21-58-019fcaca-d45c-71e2-b106-bf99705f2352.jsonl;rollout-2026-08-04T10-34-18-019fcad6-1ecd-7850-99bb-3c6de4e50875.jsonl;rollout-2026-08-04T10-48-23-019fcae3-056d-75d1-92ad-eb777da35982.jsonl;rollout-2026-08-04T11-16-01-019fcafc-52a7-7192-8947-b6108df3e0a0.jsonl;rollout-2026-08-04T12-06-35-019fcb2a-9ce7-77a0-883d-13f05394caa9.jsonl;rollout-2026-08-04T13-25-53-019fcb73-38aa-7dc1-a0e8-ba0bbda0b211.jsonl;rollout-2026-08-04T14-54-53-019fcbc4-b3f2-77f3-b7c1-a06a5366e820.jsonl;rollout-2026-08-04T16-25-55-019fcc18-0915-78d0-ba2c-e6b7a07eb9f1.jsonl,public\img\banner\banner-sm-4.jpg
public\img\blog\blog-1.jpg,True,11,11,rollout-2026-07-31T11-06-09-019fb659-d8c8-7971-aa5f-6125546bafd1.jsonl;rollout-2026-08-04T09-20-33-019fca92-996a-7fb0-beea-942596ee66ef.jsonl;rollout-2026-08-04T10-12-03-019fcac1-c2c1-7fa1-9025-75f407e5c17d.jsonl;rollout-2026-08-04T10-21-58-019fcaca-d45c-71e2-b106-bf99705f2352.jsonl;rollout-2026-08-04T10-34-18-019fcad6-1ecd-7850-99bb-3c6de4e50875.jsonl;rollout-2026-08-04T10-48-23-019fcae3-056d-75d1-92ad-eb777da35982.jsonl;rollout-2026-08-04T11-16-01-019fcafc-52a7-7192-8947-b6108df3e0a0.jsonl;rollout-2026-08-04T12-06-35-019fcb2a-9ce7-77a0-883d-13f05394caa9.jsonl;rollout-2026-08-04T13-25-53-019fcb73-38aa-7dc1-a0e8-ba0bbda0b211.jsonl;rollout-2026-08-04T14-54-53-019fcbc4-b3f2-77f3-b7c1-a06a5366e820.jsonl;rollout-2026-08-04T16-25-55-019fcc18-0915-78d0-ba2c-e6b7a07eb9f1.jsonl,public\img\blog\blog-1.jpg
public\img\blog\blog-10.jpg,True,11,11,rollout-2026-07-31T11-06-09-019fb659-d8c8-7971-aa5f-6125546bafd1.jsonl;rollout-2026-08-04T09-20-33-019fca92-996a-7fb0-beea-942596ee66ef.jsonl;rollout-2026-08-04T10-12-03-019fcac1-c2c1-7fa1-9025-75f407e5c17d.jsonl;rollout-2026-08-04T10-21-58-019fcaca-d45c-71e2-b106-bf99705f2352.jsonl;rollout-2026-08-04T10-34-18-019fcad6-1ecd-7850-99bb-3c6de4e50875.jsonl;rollout-2026-08-04T10-48-23-019fcae3-056d-75d1-92ad-eb777da35982.jsonl;rollout-2026-08-04T11-16-01-019fcafc-52a7-7192-8947-b6108df3e0a0.jsonl;rollout-2026-08-04T12-06-35-019fcb2a-9ce7-77a0-883d-13f05394caa9.jsonl;rollout-2026-08-04T13-25-53-019fcb73-38aa-7dc1-a0e8-ba0bbda0b211.jsonl;rollout-2026-08-04T14-54-53-019fcbc4-b3f2-77f3-b7c1-a06a5366e820.jsonl;rollout-2026-08-04T16-25-55-019fcc18-0915-78d0-ba2c-e6b7a07eb9f1.jsonl,public\img\blog\blog-10.jpg
public\img\blog\blog-2.jpg,True,11,11,rollout-2026-07-31T11-06-09-019fb659-d8c8-7971-aa5f-6125546bafd1.jsonl;rollout-2026-08-04T09-20-33-019fca92-996a-7fb0-beea-942596ee66ef.jsonl;rollout-2026-08-04T10-12-03-019fcac1-c2c1-7fa1-9025-75f407e5c17d.jsonl;rollout-2026-08-04T10-21-58-019fcaca-d45c-71e2-b106-bf99705f2352.jsonl;rollout-2026-08-04T10-34-18-019fcad6-1ecd-7850-99bb-3c6de4e50875.jsonl;rollout-2026-08-04T10-48-23-019fcae3-056d-75d1-92ad-eb777da35982.jsonl;rollout-2026-08-04T11-16-01-019fcafc-52a7-7192-8947-b6108df3e0a0.jsonl;rollout-2026-08-04T12-06-35-019fcb2a-9ce7-77a0-883d-13f05394caa9.jsonl;rollout-2026-08-04T13-25-53-019fcb73-38aa-7dc1-a0e8-ba0bbda0b211.jsonl;rollout-2026-08-04T14-54-53-019fcbc4-b3f2-77f3-b7c1-a06a5366e820.jsonl;rollout-2026-08-04T16-25-55-019fcc18-0915-78d0-ba2c-e6b7a07eb9f1.jsonl,public\img\blog\blog-2.jpg
public\img\blog\blog-3.jpg,True,11,11,rollout-2026-07-31T11-06-09-019fb659-d8c8-7971-aa5f-6125546bafd1.jsonl;rollout-2026-08-04T09-20-33-019fca92-996a-7fb0-beea-942596ee66ef.jsonl;rollout-2026-08-04T10-12-03-019fcac1-c2c1-7fa1-9025-75f407e5c17d.jsonl;rollout-2026-08-04T10-21-58-019fcaca-d45c-71e2-b106-bf99705f2352.jsonl;rollout-2026-08-04T10-34-18-019fcad6-1ecd-7850-99bb-3c6de4e50875.jsonl;rollout-2026-08-04T10-48-23-019fcae3-056d-75d1-92ad-eb777da35982.jsonl;rollout-2026-08-04T11-16-01-019fcafc-52a7-7192-8947-b6108df3e0a0.jsonl;rollout-2026-08-04T12-06-35-019fcb2a-9ce7-77a0-883d-13f05394caa9.jsonl;rollout-2026-08-04T13-25-53-019fcb73-38aa-7dc1-a0e8-ba0bbda0b211.jsonl;rollout-2026-08-04T14-54-53-019fcbc4-b3f2-77f3-b7c1-a06a5366e820.jsonl;rollout-2026-08-04T16-25-55-019fcc18-0915-78d0-ba2c-e6b7a07eb9f1.jsonl,public\img\blog\blog-3.jpg
public\img\blog\blog-4.jpg,True,11,11,rollout-2026-07-31T11-06-09-019fb659-d8c8-7971-aa5f-6125546bafd1.jsonl;rollout-2026-08-04T09-20-33-019fca92-996a-7fb0-beea-942596ee66ef.jsonl;rollout-2026-08-04T10-12-03-019fcac1-c2c1-7fa1-9025-75f407e5c17d.jsonl;rollout-2026-08-04T10-21-58-019fcaca-d45c-71e2-b106-bf99705f2352.jsonl;rollout-2026-08-04T10-34-18-019fcad6-1ecd-7850-99bb-3c6de4e50875.jsonl;rollout-2026-08-04T10-48-23-019fcae3-056d-75d1-92ad-eb777da35982.jsonl;rollout-2026-08-04T11-16-01-019fcafc-52a7-7192-8947-b6108df3e0a0.jsonl;rollout-2026-08-04T12-06-35-019fcb2a-9ce7-77a0-883d-13f05394caa9.jsonl;rollout-2026-08-04T13-25-53-019fcb73-38aa-7dc1-a0e8-ba0bbda0b211.jsonl;rollout-2026-08-04T14-54-53-019fcbc4-b3f2-77f3-b7c1-a06a5366e820.jsonl;rollout-2026-08-04T16-25-55-019fcc18-0915-78d0-ba2c-e6b7a07eb9f1.jsonl,public\img\blog\blog-4.jpg
public\img\blog\blog-5.jpg,True,11,11,rollout-2026-07-31T11-06-09-019fb659-d8c8-7971-aa5f-6125546bafd1.jsonl;rollout-2026-08-04T09-20-33-019fca92-996a-7fb0-beea-942596ee66ef.jsonl;rollout-2026-08-04T10-12-03-019fcac1-c2c1-7fa1-9025-75f407e5c17d.jsonl;rollout-2026-08-04T10-21-58-019fcaca-d45c-71e2-b106-bf99705f2352.jsonl;rollout-2026-08-04T10-34-18-019fcad6-1ecd-7850-99bb-3c6de4e50875.jsonl;rollout-2026-08-04T10-48-23-019fcae3-056d-75d1-92ad-eb777da35982.jsonl;rollout-2026-08-04T11-16-01-019fcafc-52a7-7192-8947-b6108df3e0a0.jsonl;rollout-2026-08-04T12-06-35-019fcb2a-9ce7-77a0-883d-13f05394caa9.jsonl;rollout-2026-08-04T13-25-53-019fcb73-38aa-7dc1-a0e8-ba0bbda0b211.jsonl;rollout-2026-08-04T14-54-53-019fcbc4-b3f2-77f3-b7c1-a06a5366e820.jsonl;rollout-2026-08-04T16-25-55-019fcc18-0915-78d0-ba2c-e6b7a07eb9f1.jsonl,public\img\blog\blog-5.jpg
public\img\blog\blog-6.jpg,True,11,11,rollout-2026-07-31T11-06-09-019fb659-d8c8-7971-aa5f-6125546bafd1.jsonl;rollout-2026-08-04T09-20-33-019fca92-996a-7fb0-beea-942596ee66ef.jsonl;rollout-2026-08-04T10-12-03-019fcac1-c2c1-7fa1-9025-75f407e5c17d.jsonl;rollout-2026-08-04T10-21-58-019fcaca-d45c-71e2-b106-bf99705f2352.jsonl;rollout-2026-08-04T10-34-18-019fcad6-1ecd-7850-99bb-3c6de4e50875.jsonl;rollout-2026-08-04T10-48-23-019fcae3-056d-75d1-92ad-eb777da35982.jsonl;rollout-2026-08-04T11-16-01-019fcafc-52a7-7192-8947-b6108df3e0a0.jsonl;rollout-2026-08-04T12-06-35-019fcb2a-9ce7-77a0-883d-13f05394caa9.jsonl;rollout-2026-08-04T13-25-53-019fcb73-38aa-7dc1-a0e8-ba0bbda0b211.jsonl;rollout-2026-08-04T14-54-53-019fcbc4-b3f2-77f3-b7c1-a06a5366e820.jsonl;rollout-2026-08-04T16-25-55-019fcc18-0915-78d0-ba2c-e6b7a07eb9f1.jsonl,public\img\blog\blog-6.jpg
public\img\blog\blog-7.jpg,True,11,11,rollout-2026-07-31T11-06-09-019fb659-d8c8-7971-aa5f-6125546bafd1.jsonl;rollout-2026-08-04T09-20-33-019fca92-996a-7fb0-beea-942596ee66ef.jsonl;rollout-2026-08-04T10-12-03-019fcac1-c2c1-7fa1-9025-75f407e5c17d.jsonl;rollout-2026-08-04T10-21-58-019fcaca-d45c-71e2-b106-bf99705f2352.jsonl;rollout-2026-08-04T10-34-18-019fcad6-1ecd-7850-99bb-3c6de4e50875.jsonl;rollout-2026-08-04T10-48-23-019fcae3-056d-75d1-92ad-eb777da35982.jsonl;rollout-2026-08-04T11-16-01-019fcafc-52a7-7192-8947-b6108df3e0a0.jsonl;rollout-2026-08-04T12-06-35-019fcb2a-9ce7-77a0-883d-13f05394caa9.jsonl;rollout-2026-08-04T13-25-53-019fcb73-38aa-7dc1-a0e8-ba0bbda0b211.jsonl;rollout-2026-08-04T14-54-53-019fcbc4-b3f2-77f3-b7c1-a06a5366e820.jsonl;rollout-2026-08-04T16-25-55-019fcc18-0915-78d0-ba2c-e6b7a07eb9f1.jsonl,public\img\blog\blog-7.jpg
public\img\blog\blog-8.jpg,True,11,11,rollout-2026-07-31T11-06-09-019fb659-d8c8-7971-aa5f-6125546bafd1.jsonl;rollout-2026-08-04T09-20-33-019fca92-996a-7fb0-beea-942596ee66ef.jsonl;rollout-2026-08-04T10-12-03-019fcac1-c2c1-7fa1-9025-75f407e5c17d.jsonl;rollout-2026-08-04T10-21-58-019fcaca-d45c-71e2-b106-bf99705f2352.jsonl;rollout-2026-08-04T10-34-18-019fcad6-1ecd-7850-99bb-3c6de4e50875.jsonl;rollout-2026-08-04T10-48-23-019fcae3-056d-75d1-92ad-eb777da35982.jsonl;rollout-2026-08-04T11-16-01-019fcafc-52a7-7192-8947-b6108df3e0a0.jsonl;rollout-2026-08-04T12-06-35-019fcb2a-9ce7-77a0-883d-13f05394caa9.jsonl;rollout-2026-08-04T13-25-53-019fcb73-38aa-7dc1-a0e8-ba0bbda0b211.jsonl;rollout-2026-08-04T14-54-53-019fcbc4-b3f2-77f3-b7c1-a06a5366e820.jsonl;rollout-2026-08-04T16-25-55-019fcc18-0915-78d0-ba2c-e6b7a07eb9f1.jsonl,public\img\blog\blog-8.jpg
public\img\blog\blog-9.jpg,True,11,11,rollout-2026-07-31T11-06-09-019fb659-d8c8-7971-aa5f-6125546bafd1.jsonl;rollout-2026-08-04T09-20-33-019fca92-996a-7fb0-beea-942596ee66ef.jsonl;rollout-2026-08-04T10-12-03-019fcac1-c2c1-7fa1-9025-75f407e5c17d.jsonl;rollout-2026-08-04T10-21-58-019fcaca-d45c-71e2-b106-bf99705f2352.jsonl;rollout-2026-08-04T10-34-18-019fcad6-1ecd-7850-99bb-3c6de4e50875.jsonl;rollout-2026-08-04T10-48-23-019fcae3-056d-75d1-92ad-eb777da35982.jsonl;rollout-2026-08-04T11-16-01-019fcafc-52a7-7192-8947-b6108df3e0a0.jsonl;rollout-2026-08-04T12-06-35-019fcb2a-9ce7-77a0-883d-13f05394caa9.jsonl;rollout-2026-08-04T13-25-53-019fcb73-38aa-7dc1-a0e8-ba0bbda0b211.jsonl;rollout-2026-08-04T14-54-53-019fcbc4-b3f2-77f3-b7c1-a06a5366e820.jsonl;rollout-2026-08-04T16-25-55-019fcc18-0915-78d0-ba2c-e6b7a07eb9f1.jsonl,public\img\blog\blog-9.jpg
public\img\blog\details\blog-details.jpg,True,11,11,rollout-2026-07-31T11-06-09-019fb659-d8c8-7971-aa5f-6125546bafd1.jsonl;rollout-2026-08-04T09-20-33-019fca92-996a-7fb0-beea-942596ee66ef.jsonl;rollout-2026-08-04T10-12-03-019fcac1-c2c1-7fa1-9025-75f407e5c17d.jsonl;rollout-2026-08-04T10-21-58-019fcaca-d45c-71e2-b106-bf99705f2352.jsonl;rollout-2026-08-04T10-34-18-019fcad6-1ecd-7850-99bb-3c6de4e50875.jsonl;rollout-2026-08-04T10-48-23-019fcae3-056d-75d1-92ad-eb777da35982.jsonl;rollout-2026-08-04T11-16-01-019fcafc-52a7-7192-8947-b6108df3e0a0.jsonl;rollout-2026-08-04T12-06-35-019fcb2a-9ce7-77a0-883d-13f05394caa9.jsonl;rollout-2026-08-04T13-25-53-019fcb73-38aa-7dc1-a0e8-ba0bbda0b211.jsonl;rollout-2026-08-04T14-54-53-019fcbc4-b3f2-77f3-b7c1-a06a5366e820.jsonl;rollout-2026-08-04T16-25-55-019fcc18-0915-78d0-ba2c-e6b7a07eb9f1.jsonl,public\img\blog\details\blog-details.jpg
public\img\blog\details\comment-1.jpg,True,11,11,rollout-2026-07-31T11-06-09-019fb659-d8c8-7971-aa5f-6125546bafd1.jsonl;rollout-2026-08-04T09-20-33-019fca92-996a-7fb0-beea-942596ee66ef.jsonl;rollout-2026-08-04T10-12-03-019fcac1-c2c1-7fa1-9025-75f407e5c17d.jsonl;rollout-2026-08-04T10-21-58-019fcaca-d45c-71e2-b106-bf99705f2352.jsonl;rollout-2026-08-04T10-34-18-019fcad6-1ecd-7850-99bb-3c6de4e50875.jsonl;rollout-2026-08-04T10-48-23-019fcae3-056d-75d1-92ad-eb777da35982.jsonl;rollout-2026-08-04T11-16-01-019fcafc-52a7-7192-8947-b6108df3e0a0.jsonl;rollout-2026-08-04T12-06-35-019fcb2a-9ce7-77a0-883d-13f05394caa9.jsonl;rollout-2026-08-04T13-25-53-019fcb73-38aa-7dc1-a0e8-ba0bbda0b211.jsonl;rollout-2026-08-04T14-54-53-019fcbc4-b3f2-77f3-b7c1-a06a5366e820.jsonl;rollout-2026-08-04T16-25-55-019fcc18-0915-78d0-ba2c-e6b7a07eb9f1.jsonl,public\img\blog\details\comment-1.jpg
public\img\blog\details\comment-2.jpg,True,11,11,rollout-2026-07-31T11-06-09-019fb659-d8c8-7971-aa5f-6125546bafd1.jsonl;rollout-2026-08-04T09-20-33-019fca92-996a-7fb0-beea-942596ee66ef.jsonl;rollout-2026-08-04T10-12-03-019fcac1-c2c1-7fa1-9025-75f407e5c17d.jsonl;rollout-2026-08-04T10-21-58-019fcaca-d45c-71e2-b106-bf99705f2352.jsonl;rollout-2026-08-04T10-34-18-019fcad6-1ecd-7850-99bb-3c6de4e50875.jsonl;rollout-2026-08-04T10-48-23-019fcae3-056d-75d1-92ad-eb777da35982.jsonl;rollout-2026-08-04T11-16-01-019fcafc-52a7-7192-8947-b6108df3e0a0.jsonl;rollout-2026-08-04T12-06-35-019fcb2a-9ce7-77a0-883d-13f05394caa9.jsonl;rollout-2026-08-04T13-25-53-019fcb73-38aa-7dc1-a0e8-ba0bbda0b211.jsonl;rollout-2026-08-04T14-54-53-019fcbc4-b3f2-77f3-b7c1-a06a5366e820.jsonl;rollout-2026-08-04T16-25-55-019fcc18-0915-78d0-ba2c-e6b7a07eb9f1.jsonl,public\img\blog\details\comment-2.jpg
public\img\blog\details\comment-3.jpg,True,11,11,rollout-2026-07-31T11-06-09-019fb659-d8c8-7971-aa5f-6125546bafd1.jsonl;rollout-2026-08-04T09-20-33-019fca92-996a-7fb0-beea-942596ee66ef.jsonl;rollout-2026-08-04T10-12-03-019fcac1-c2c1-7fa1-9025-75f407e5c17d.jsonl;rollout-2026-08-04T10-21-58-019fcaca-d45c-71e2-b106-bf99705f2352.jsonl;rollout-2026-08-04T10-34-18-019fcad6-1ecd-7850-99bb-3c6de4e50875.jsonl;rollout-2026-08-04T10-48-23-019fcae3-056d-75d1-92ad-eb777da35982.jsonl;rollout-2026-08-04T11-16-01-019fcafc-52a7-7192-8947-b6108df3e0a0.jsonl;rollout-2026-08-04T12-06-35-019fcb2a-9ce7-77a0-883d-13f05394caa9.jsonl;rollout-2026-08-04T13-25-53-019fcb73-38aa-7dc1-a0e8-ba0bbda0b211.jsonl;rollout-2026-08-04T14-54-53-019fcbc4-b3f2-77f3-b7c1-a06a5366e820.jsonl;rollout-2026-08-04T16-25-55-019fcc18-0915-78d0-ba2c-e6b7a07eb9f1.jsonl,public\img\blog\details\comment-3.jpg
public\img\blog\sidebar\fp-1.jpg,True,11,11,rollout-2026-07-31T11-06-09-019fb659-d8c8-7971-aa5f-6125546bafd1.jsonl;rollout-2026-08-04T09-20-33-019fca92-996a-7fb0-beea-942596ee66ef.jsonl;rollout-2026-08-04T10-12-03-019fcac1-c2c1-7fa1-9025-75f407e5c17d.jsonl;rollout-2026-08-04T10-21-58-019fcaca-d45c-71e2-b106-bf99705f2352.jsonl;rollout-2026-08-04T10-34-18-019fcad6-1ecd-7850-99bb-3c6de4e50875.jsonl;rollout-2026-08-04T10-48-23-019fcae3-056d-75d1-92ad-eb777da35982.jsonl;rollout-2026-08-04T11-16-01-019fcafc-52a7-7192-8947-b6108df3e0a0.jsonl;rollout-2026-08-04T12-06-35-019fcb2a-9ce7-77a0-883d-13f05394caa9.jsonl;rollout-2026-08-04T13-25-53-019fcb73-38aa-7dc1-a0e8-ba0bbda0b211.jsonl;rollout-2026-08-04T14-54-53-019fcbc4-b3f2-77f3-b7c1-a06a5366e820.jsonl;rollout-2026-08-04T16-25-55-019fcc18-0915-78d0-ba2c-e6b7a07eb9f1.jsonl,public\img\blog\sidebar\fp-1.jpg
public\img\blog\sidebar\fp-2.jpg,True,11,11,rollout-2026-07-31T11-06-09-019fb659-d8c8-7971-aa5f-6125546bafd1.jsonl;rollout-2026-08-04T09-20-33-019fca92-996a-7fb0-beea-942596ee66ef.jsonl;rollout-2026-08-04T10-12-03-019fcac1-c2c1-7fa1-9025-75f407e5c17d.jsonl;rollout-2026-08-04T10-21-58-019fcaca-d45c-71e2-b106-bf99705f2352.jsonl;rollout-2026-08-04T10-34-18-019fcad6-1ecd-7850-99bb-3c6de4e50875.jsonl;rollout-2026-08-04T10-48-23-019fcae3-056d-75d1-92ad-eb777da35982.jsonl;rollout-2026-08-04T11-16-01-019fcafc-52a7-7192-8947-b6108df3e0a0.jsonl;rollout-2026-08-04T12-06-35-019fcb2a-9ce7-77a0-883d-13f05394caa9.jsonl;rollout-2026-08-04T13-25-53-019fcb73-38aa-7dc1-a0e8-ba0bbda0b211.jsonl;rollout-2026-08-04T14-54-53-019fcbc4-b3f2-77f3-b7c1-a06a5366e820.jsonl;rollout-2026-08-04T16-25-55-019fcc18-0915-78d0-ba2c-e6b7a07eb9f1.jsonl,public\img\blog\sidebar\fp-2.jpg
public\img\blog\sidebar\fp-3.jpg,True,11,11,rollout-2026-07-31T11-06-09-019fb659-d8c8-7971-aa5f-6125546bafd1.jsonl;rollout-2026-08-04T09-20-33-019fca92-996a-7fb0-beea-942596ee66ef.jsonl;rollout-2026-08-04T10-12-03-019fcac1-c2c1-7fa1-9025-75f407e5c17d.jsonl;rollout-2026-08-04T10-21-58-019fcaca-d45c-71e2-b106-bf99705f2352.jsonl;rollout-2026-08-04T10-34-18-019fcad6-1ecd-7850-99bb-3c6de4e50875.jsonl;rollout-2026-08-04T10-48-23-019fcae3-056d-75d1-92ad-eb777da35982.jsonl;rollout-2026-08-04T11-16-01-019fcafc-52a7-7192-8947-b6108df3e0a0.jsonl;rollout-2026-08-04T12-06-35-019fcb2a-9ce7-77a0-883d-13f05394caa9.jsonl;rollout-2026-08-04T13-25-53-019fcb73-38aa-7dc1-a0e8-ba0bbda0b211.jsonl;rollout-2026-08-04T14-54-53-019fcbc4-b3f2-77f3-b7c1-a06a5366e820.jsonl;rollout-2026-08-04T16-25-55-019fcc18-0915-78d0-ba2c-e6b7a07eb9f1.jsonl,public\img\blog\sidebar\fp-3.jpg
public\img\book-old.png,True,11,11,rollout-2026-07-31T11-06-09-019fb659-d8c8-7971-aa5f-6125546bafd1.jsonl;rollout-2026-08-04T09-20-33-019fca92-996a-7fb0-beea-942596ee66ef.jsonl;rollout-2026-08-04T10-12-03-019fcac1-c2c1-7fa1-9025-75f407e5c17d.jsonl;rollout-2026-08-04T10-21-58-019fcaca-d45c-71e2-b106-bf99705f2352.jsonl;rollout-2026-08-04T10-34-18-019fcad6-1ecd-7850-99bb-3c6de4e50875.jsonl;rollout-2026-08-04T10-48-23-019fcae3-056d-75d1-92ad-eb777da35982.jsonl;rollout-2026-08-04T11-16-01-019fcafc-52a7-7192-8947-b6108df3e0a0.jsonl;rollout-2026-08-04T12-06-35-019fcb2a-9ce7-77a0-883d-13f05394caa9.jsonl;rollout-2026-08-04T13-25-53-019fcb73-38aa-7dc1-a0e8-ba0bbda0b211.jsonl;rollout-2026-08-04T14-54-53-019fcbc4-b3f2-77f3-b7c1-a06a5366e820.jsonl;rollout-2026-08-04T16-25-55-019fcc18-0915-78d0-ba2c-e6b7a07eb9f1.jsonl,public\img\book-old.png
public\img\categories\category-1.jpg,True,11,11,rollout-2026-07-31T11-06-09-019fb659-d8c8-7971-aa5f-6125546bafd1.jsonl;rollout-2026-08-04T09-20-33-019fca92-996a-7fb0-beea-942596ee66ef.jsonl;rollout-2026-08-04T10-12-03-019fcac1-c2c1-7fa1-9025-75f407e5c17d.jsonl;rollout-2026-08-04T10-21-58-019fcaca-d45c-71e2-b106-bf99705f2352.jsonl;rollout-2026-08-04T10-34-18-019fcad6-1ecd-7850-99bb-3c6de4e50875.jsonl;rollout-2026-08-04T10-48-23-019fcae3-056d-75d1-92ad-eb777da35982.jsonl;rollout-2026-08-04T11-16-01-019fcafc-52a7-7192-8947-b6108df3e0a0.jsonl;rollout-2026-08-04T12-06-35-019fcb2a-9ce7-77a0-883d-13f05394caa9.jsonl;rollout-2026-08-04T13-25-53-019fcb73-38aa-7dc1-a0e8-ba0bbda0b211.jsonl;rollout-2026-08-04T14-54-53-019fcbc4-b3f2-77f3-b7c1-a06a5366e820.jsonl;rollout-2026-08-04T16-25-55-019fcc18-0915-78d0-ba2c-e6b7a07eb9f1.jsonl,public\img\categories\category-1.jpg
public\img\categories\category-2.jpg,True,11,11,rollout-2026-07-31T11-06-09-019fb659-d8c8-7971-aa5f-6125546bafd1.jsonl;rollout-2026-08-04T09-20-33-019fca92-996a-7fb0-beea-942596ee66ef.jsonl;rollout-2026-08-04T10-12-03-019fcac1-c2c1-7fa1-9025-75f407e5c17d.jsonl;rollout-2026-08-04T10-21-58-019fcaca-d45c-71e2-b106-bf99705f2352.jsonl;rollout-2026-08-04T10-34-18-019fcad6-1ecd-7850-99bb-3c6de4e50875.jsonl;rollout-2026-08-04T10-48-23-019fcae3-056d-75d1-92ad-eb777da35982.jsonl;rollout-2026-08-04T11-16-01-019fcafc-52a7-7192-8947-b6108df3e0a0.jsonl;rollout-2026-08-04T12-06-35-019fcb2a-9ce7-77a0-883d-13f05394caa9.jsonl;rollout-2026-08-04T13-25-53-019fcb73-38aa-7dc1-a0e8-ba0bbda0b211.jsonl;rollout-2026-08-04T14-54-53-019fcbc4-b3f2-77f3-b7c1-a06a5366e820.jsonl;rollout-2026-08-04T16-25-55-019fcc18-0915-78d0-ba2c-e6b7a07eb9f1.jsonl,public\img\categories\category-2.jpg
public\img\categories\category-3.jpg,True,11,11,rollout-2026-07-31T11-06-09-019fb659-d8c8-7971-aa5f-6125546bafd1.jsonl;rollout-2026-08-04T09-20-33-019fca92-996a-7fb0-beea-942596ee66ef.jsonl;rollout-2026-08-04T10-12-03-019fcac1-c2c1-7fa1-9025-75f407e5c17d.jsonl;rollout-2026-08-04T10-21-58-019fcaca-d45c-71e2-b106-bf99705f2352.jsonl;rollout-2026-08-04T10-34-18-019fcad6-1ecd-7850-99bb-3c6de4e50875.jsonl;rollout-2026-08-04T10-48-23-019fcae3-056d-75d1-92ad-eb777da35982.jsonl;rollout-2026-08-04T11-16-01-019fcafc-52a7-7192-8947-b6108df3e0a0.jsonl;rollout-2026-08-04T12-06-35-019fcb2a-9ce7-77a0-883d-13f05394caa9.jsonl;rollout-2026-08-04T13-25-53-019fcb73-38aa-7dc1-a0e8-ba0bbda0b211.jsonl;rollout-2026-08-04T14-54-53-019fcbc4-b3f2-77f3-b7c1-a06a5366e820.jsonl;rollout-2026-08-04T16-25-55-019fcc18-0915-78d0-ba2c-e6b7a07eb9f1.jsonl,public\img\categories\category-3.jpg
public\img\categories\category-4.jpg,True,11,11,rollout-2026-07-31T11-06-09-019fb659-d8c8-7971-aa5f-6125546bafd1.jsonl;rollout-2026-08-04T09-20-33-019fca92-996a-7fb0-beea-942596ee66ef.jsonl;rollout-2026-08-04T10-12-03-019fcac1-c2c1-7fa1-9025-75f407e5c17d.jsonl;rollout-2026-08-04T10-21-58-019fcaca-d45c-71e2-b106-bf99705f2352.jsonl;rollout-2026-08-04T10-34-18-019fcad6-1ecd-7850-99bb-3c6de4e50875.jsonl;rollout-2026-08-04T10-48-23-019fcae3-056d-75d1-92ad-eb777da35982.jsonl;rollout-2026-08-04T11-16-01-019fcafc-52a7-7192-8947-b6108df3e0a0.jsonl;rollout-2026-08-04T12-06-35-019fcb2a-9ce7-77a0-883d-13f05394caa9.jsonl;rollout-2026-08-04T13-25-53-019fcb73-38aa-7dc1-a0e8-ba0bbda0b211.jsonl;rollout-2026-08-04T14-54-53-019fcbc4-b3f2-77f3-b7c1-a06a5366e820.jsonl;rollout-2026-08-04T16-25-55-019fcc18-0915-78d0-ba2c-e6b7a07eb9f1.jsonl,public\img\categories\category-4.jpg
public\img\categories\category-5.jpg,True,11,11,rollout-2026-07-31T11-06-09-019fb659-d8c8-7971-aa5f-6125546bafd1.jsonl;rollout-2026-08-04T09-20-33-019fca92-996a-7fb0-beea-942596ee66ef.jsonl;rollout-2026-08-04T10-12-03-019fcac1-c2c1-7fa1-9025-75f407e5c17d.jsonl;rollout-2026-08-04T10-21-58-019fcaca-d45c-71e2-b106-bf99705f2352.jsonl;rollout-2026-08-04T10-34-18-019fcad6-1ecd-7850-99bb-3c6de4e50875.jsonl;rollout-2026-08-04T10-48-23-019fcae3-056d-75d1-92ad-eb777da35982.jsonl;rollout-2026-08-04T11-16-01-019fcafc-52a7-7192-8947-b6108df3e0a0.jsonl;rollout-2026-08-04T12-06-35-019fcb2a-9ce7-77a0-883d-13f05394caa9.jsonl;rollout-2026-08-04T13-25-53-019fcb73-38aa-7dc1-a0e8-ba0bbda0b211.jsonl;rollout-2026-08-04T14-54-53-019fcbc4-b3f2-77f3-b7c1-a06a5366e820.jsonl;rollout-2026-08-04T16-25-55-019fcc18-0915-78d0-ba2c-e6b7a07eb9f1.jsonl,public\img\categories\category-5.jpg
public\img\course.jpg,True,11,11,rollout-2026-07-31T11-06-09-019fb659-d8c8-7971-aa5f-6125546bafd1.jsonl;rollout-2026-08-04T09-20-33-019fca92-996a-7fb0-beea-942596ee66ef.jsonl;rollout-2026-08-04T10-12-03-019fcac1-c2c1-7fa1-9025-75f407e5c17d.jsonl;rollout-2026-08-04T10-21-58-019fcaca-d45c-71e2-b106-bf99705f2352.jsonl;rollout-2026-08-04T10-34-18-019fcad6-1ecd-7850-99bb-3c6de4e50875.jsonl;rollout-2026-08-04T10-48-23-019fcae3-056d-75d1-92ad-eb777da35982.jsonl;rollout-2026-08-04T11-16-01-019fcafc-52a7-7192-8947-b6108df3e0a0.jsonl;rollout-2026-08-04T12-06-35-019fcb2a-9ce7-77a0-883d-13f05394caa9.jsonl;rollout-2026-08-04T13-25-53-019fcb73-38aa-7dc1-a0e8-ba0bbda0b211.jsonl;rollout-2026-08-04T14-54-53-019fcbc4-b3f2-77f3-b7c1-a06a5366e820.jsonl;rollout-2026-08-04T16-25-55-019fcc18-0915-78d0-ba2c-e6b7a07eb9f1.jsonl,public\img\course.jpg
public\img\courses\tieng-anh-nguoi-moi.jpg,True,12,14,rollout-2026-07-31T11-06-09-019fb659-d8c8-7971-aa5f-6125546bafd1.jsonl;rollout-2026-08-04T09-20-33-019fca92-996a-7fb0-beea-942596ee66ef.jsonl;rollout-2026-08-04T10-12-03-019fcac1-c2c1-7fa1-9025-75f407e5c17d.jsonl;rollout-2026-08-04T10-21-58-019fcaca-d45c-71e2-b106-bf99705f2352.jsonl;rollout-2026-08-04T10-34-18-019fcad6-1ecd-7850-99bb-3c6de4e50875.jsonl;rollout-2026-08-04T10-48-23-019fcae3-056d-75d1-92ad-eb777da35982.jsonl;rollout-2026-08-04T11-16-01-019fcafc-52a7-7192-8947-b6108df3e0a0.jsonl;rollout-2026-08-04T12-06-35-019fcb2a-9ce7-77a0-883d-13f05394caa9.jsonl;rollout-2026-08-04T13-25-53-019fcb73-38aa-7dc1-a0e8-ba0bbda0b211.jsonl;rollout-2026-08-04T14-54-53-019fcbc4-b3f2-77f3-b7c1-a06a5366e820.jsonl;rollout-2026-08-04T16-25-55-019fcc18-0915-78d0-ba2c-e6b7a07eb9f1.jsonl;rollout-2026-08-04T20-47-31-019fcd07-8c5b-7af3-b9ec-87cb36d7a952.jsonl,public\img\courses\tieng-anh-nguoi-moi.jpg
public\img\discount-2.jpg,True,11,11,rollout-2026-07-31T11-06-09-019fb659-d8c8-7971-aa5f-6125546bafd1.jsonl;rollout-2026-08-04T09-20-33-019fca92-996a-7fb0-beea-942596ee66ef.jsonl;rollout-2026-08-04T10-12-03-019fcac1-c2c1-7fa1-9025-75f407e5c17d.jsonl;rollout-2026-08-04T10-21-58-019fcaca-d45c-71e2-b106-bf99705f2352.jsonl;rollout-2026-08-04T10-34-18-019fcad6-1ecd-7850-99bb-3c6de4e50875.jsonl;rollout-2026-08-04T10-48-23-019fcae3-056d-75d1-92ad-eb777da35982.jsonl;rollout-2026-08-04T11-16-01-019fcafc-52a7-7192-8947-b6108df3e0a0.jsonl;rollout-2026-08-04T12-06-35-019fcb2a-9ce7-77a0-883d-13f05394caa9.jsonl;rollout-2026-08-04T13-25-53-019fcb73-38aa-7dc1-a0e8-ba0bbda0b211.jsonl;rollout-2026-08-04T14-54-53-019fcbc4-b3f2-77f3-b7c1-a06a5366e820.jsonl;rollout-2026-08-04T16-25-55-019fcc18-0915-78d0-ba2c-e6b7a07eb9f1.jsonl,public\img\discount-2.jpg
public\img\discount.jpg,True,11,11,rollout-2026-07-31T11-06-09-019fb659-d8c8-7971-aa5f-6125546bafd1.jsonl;rollout-2026-08-04T09-20-33-019fca92-996a-7fb0-beea-942596ee66ef.jsonl;rollout-2026-08-04T10-12-03-019fcac1-c2c1-7fa1-9025-75f407e5c17d.jsonl;rollout-2026-08-04T10-21-58-019fcaca-d45c-71e2-b106-bf99705f2352.jsonl;rollout-2026-08-04T10-34-18-019fcad6-1ecd-7850-99bb-3c6de4e50875.jsonl;rollout-2026-08-04T10-48-23-019fcae3-056d-75d1-92ad-eb777da35982.jsonl;rollout-2026-08-04T11-16-01-019fcafc-52a7-7192-8947-b6108df3e0a0.jsonl;rollout-2026-08-04T12-06-35-019fcb2a-9ce7-77a0-883d-13f05394caa9.jsonl;rollout-2026-08-04T13-25-53-019fcb73-38aa-7dc1-a0e8-ba0bbda0b211.jsonl;rollout-2026-08-04T14-54-53-019fcbc4-b3f2-77f3-b7c1-a06a5366e820.jsonl;rollout-2026-08-04T16-25-55-019fcc18-0915-78d0-ba2c-e6b7a07eb9f1.jsonl,public\img\discount.jpg
public\img\do-choi.png,True,11,11,rollout-2026-07-31T11-06-09-019fb659-d8c8-7971-aa5f-6125546bafd1.jsonl;rollout-2026-08-04T09-20-33-019fca92-996a-7fb0-beea-942596ee66ef.jsonl;rollout-2026-08-04T10-12-03-019fcac1-c2c1-7fa1-9025-75f407e5c17d.jsonl;rollout-2026-08-04T10-21-58-019fcaca-d45c-71e2-b106-bf99705f2352.jsonl;rollout-2026-08-04T10-34-18-019fcad6-1ecd-7850-99bb-3c6de4e50875.jsonl;rollout-2026-08-04T10-48-23-019fcae3-056d-75d1-92ad-eb777da35982.jsonl;rollout-2026-08-04T11-16-01-019fcafc-52a7-7192-8947-b6108df3e0a0.jsonl;rollout-2026-08-04T12-06-35-019fcb2a-9ce7-77a0-883d-13f05394caa9.jsonl;rollout-2026-08-04T13-25-53-019fcb73-38aa-7dc1-a0e8-ba0bbda0b211.jsonl;rollout-2026-08-04T14-54-53-019fcbc4-b3f2-77f3-b7c1-a06a5366e820.jsonl;rollout-2026-08-04T16-25-55-019fcc18-0915-78d0-ba2c-e6b7a07eb9f1.jsonl,public\img\do-choi.png
public\img\fahasa-logo.png,True,12,19,rollout-2026-07-31T11-06-09-019fb659-d8c8-7971-aa5f-6125546bafd1.jsonl;rollout-2026-08-04T09-20-33-019fca92-996a-7fb0-beea-942596ee66ef.jsonl;rollout-2026-08-04T10-12-03-019fcac1-c2c1-7fa1-9025-75f407e5c17d.jsonl;rollout-2026-08-04T10-21-58-019fcaca-d45c-71e2-b106-bf99705f2352.jsonl;rollout-2026-08-04T10-34-18-019fcad6-1ecd-7850-99bb-3c6de4e50875.jsonl;rollout-2026-08-04T10-48-23-019fcae3-056d-75d1-92ad-eb777da35982.jsonl;rollout-2026-08-04T11-16-01-019fcafc-52a7-7192-8947-b6108df3e0a0.jsonl;rollout-2026-08-04T12-06-35-019fcb2a-9ce7-77a0-883d-13f05394caa9.jsonl;rollout-2026-08-04T13-25-53-019fcb73-38aa-7dc1-a0e8-ba0bbda0b211.jsonl;rollout-2026-08-04T14-54-53-019fcbc4-b3f2-77f3-b7c1-a06a5366e820.jsonl;rollout-2026-08-04T16-25-55-019fcc18-0915-78d0-ba2c-e6b7a07eb9f1.jsonl;rollout-2026-08-04T20-47-31-019fcd07-8c5b-7af3-b9ec-87cb36d7a952.jsonl,public\img\fahasa-logo.png
public\img\flash-sale.png,True,11,11,rollout-2026-07-31T11-06-09-019fb659-d8c8-7971-aa5f-6125546bafd1.jsonl;rollout-2026-08-04T09-20-33-019fca92-996a-7fb0-beea-942596ee66ef.jsonl;rollout-2026-08-04T10-12-03-019fcac1-c2c1-7fa1-9025-75f407e5c17d.jsonl;rollout-2026-08-04T10-21-58-019fcaca-d45c-71e2-b106-bf99705f2352.jsonl;rollout-2026-08-04T10-34-18-019fcad6-1ecd-7850-99bb-3c6de4e50875.jsonl;rollout-2026-08-04T10-48-23-019fcae3-056d-75d1-92ad-eb777da35982.jsonl;rollout-2026-08-04T11-16-01-019fcafc-52a7-7192-8947-b6108df3e0a0.jsonl;rollout-2026-08-04T12-06-35-019fcb2a-9ce7-77a0-883d-13f05394caa9.jsonl;rollout-2026-08-04T13-25-53-019fcb73-38aa-7dc1-a0e8-ba0bbda0b211.jsonl;rollout-2026-08-04T14-54-53-019fcbc4-b3f2-77f3-b7c1-a06a5366e820.jsonl;rollout-2026-08-04T16-25-55-019fcc18-0915-78d0-ba2c-e6b7a07eb9f1.jsonl,public\img\flash-sale.png
public\img\fptshop_logo.png,True,12,19,rollout-2026-07-31T11-06-09-019fb659-d8c8-7971-aa5f-6125546bafd1.jsonl;rollout-2026-08-04T09-20-33-019fca92-996a-7fb0-beea-942596ee66ef.jsonl;rollout-2026-08-04T10-12-03-019fcac1-c2c1-7fa1-9025-75f407e5c17d.jsonl;rollout-2026-08-04T10-21-58-019fcaca-d45c-71e2-b106-bf99705f2352.jsonl;rollout-2026-08-04T10-34-18-019fcad6-1ecd-7850-99bb-3c6de4e50875.jsonl;rollout-2026-08-04T10-48-23-019fcae3-056d-75d1-92ad-eb777da35982.jsonl;rollout-2026-08-04T11-16-01-019fcafc-52a7-7192-8947-b6108df3e0a0.jsonl;rollout-2026-08-04T12-06-35-019fcb2a-9ce7-77a0-883d-13f05394caa9.jsonl;rollout-2026-08-04T13-25-53-019fcb73-38aa-7dc1-a0e8-ba0bbda0b211.jsonl;rollout-2026-08-04T14-54-53-019fcbc4-b3f2-77f3-b7c1-a06a5366e820.jsonl;rollout-2026-08-04T16-25-55-019fcc18-0915-78d0-ba2c-e6b7a07eb9f1.jsonl;rollout-2026-08-04T20-47-31-019fcd07-8c5b-7af3-b9ec-87cb36d7a952.jsonl,public\img\fptshop_logo.png
public\img\instagram\insta-1.jpg,True,11,11,rollout-2026-07-31T11-06-09-019fb659-d8c8-7971-aa5f-6125546bafd1.jsonl;rollout-2026-08-04T09-20-33-019fca92-996a-7fb0-beea-942596ee66ef.jsonl;rollout-2026-08-04T10-12-03-019fcac1-c2c1-7fa1-9025-75f407e5c17d.jsonl;rollout-2026-08-04T10-21-58-019fcaca-d45c-71e2-b106-bf99705f2352.jsonl;rollout-2026-08-04T10-34-18-019fcad6-1ecd-7850-99bb-3c6de4e50875.jsonl;rollout-2026-08-04T10-48-23-019fcae3-056d-75d1-92ad-eb777da35982.jsonl;rollout-2026-08-04T11-16-01-019fcafc-52a7-7192-8947-b6108df3e0a0.jsonl;rollout-2026-08-04T12-06-35-019fcb2a-9ce7-77a0-883d-13f05394caa9.jsonl;rollout-2026-08-04T13-25-53-019fcb73-38aa-7dc1-a0e8-ba0bbda0b211.jsonl;rollout-2026-08-04T14-54-53-019fcbc4-b3f2-77f3-b7c1-a06a5366e820.jsonl;rollout-2026-08-04T16-25-55-019fcc18-0915-78d0-ba2c-e6b7a07eb9f1.jsonl,public\img\instagram\insta-1.jpg
public\img\instagram\insta-2.jpg,True,11,11,rollout-2026-07-31T11-06-09-019fb659-d8c8-7971-aa5f-6125546bafd1.jsonl;rollout-2026-08-04T09-20-33-019fca92-996a-7fb0-beea-942596ee66ef.jsonl;rollout-2026-08-04T10-12-03-019fcac1-c2c1-7fa1-9025-75f407e5c17d.jsonl;rollout-2026-08-04T10-21-58-019fcaca-d45c-71e2-b106-bf99705f2352.jsonl;rollout-2026-08-04T10-34-18-019fcad6-1ecd-7850-99bb-3c6de4e50875.jsonl;rollout-2026-08-04T10-48-23-019fcae3-056d-75d1-92ad-eb777da35982.jsonl;rollout-2026-08-04T11-16-01-019fcafc-52a7-7192-8947-b6108df3e0a0.jsonl;rollout-2026-08-04T12-06-35-019fcb2a-9ce7-77a0-883d-13f05394caa9.jsonl;rollout-2026-08-04T13-25-53-019fcb73-38aa-7dc1-a0e8-ba0bbda0b211.jsonl;rollout-2026-08-04T14-54-53-019fcbc4-b3f2-77f3-b7c1-a06a5366e820.jsonl;rollout-2026-08-04T16-25-55-019fcc18-0915-78d0-ba2c-e6b7a07eb9f1.jsonl,public\img\instagram\insta-2.jpg
public\img\instagram\insta-3.jpg,True,11,11,rollout-2026-07-31T11-06-09-019fb659-d8c8-7971-aa5f-6125546bafd1.jsonl;rollout-2026-08-04T09-20-33-019fca92-996a-7fb0-beea-942596ee66ef.jsonl;rollout-2026-08-04T10-12-03-019fcac1-c2c1-7fa1-9025-75f407e5c17d.jsonl;rollout-2026-08-04T10-21-58-019fcaca-d45c-71e2-b106-bf99705f2352.jsonl;rollout-2026-08-04T10-34-18-019fcad6-1ecd-7850-99bb-3c6de4e50875.jsonl;rollout-2026-08-04T10-48-23-019fcae3-056d-75d1-92ad-eb777da35982.jsonl;rollout-2026-08-04T11-16-01-019fcafc-52a7-7192-8947-b6108df3e0a0.jsonl;rollout-2026-08-04T12-06-35-019fcb2a-9ce7-77a0-883d-13f05394caa9.jsonl;rollout-2026-08-04T13-25-53-019fcb73-38aa-7dc1-a0e8-ba0bbda0b211.jsonl;rollout-2026-08-04T14-54-53-019fcbc4-b3f2-77f3-b7c1-a06a5366e820.jsonl;rollout-2026-08-04T16-25-55-019fcc18-0915-78d0-ba2c-e6b7a07eb9f1.jsonl,public\img\instagram\insta-3.jpg
public\img\instagram\insta-4.jpg,True,11,11,rollout-2026-07-31T11-06-09-019fb659-d8c8-7971-aa5f-6125546bafd1.jsonl;rollout-2026-08-04T09-20-33-019fca92-996a-7fb0-beea-942596ee66ef.jsonl;rollout-2026-08-04T10-12-03-019fcac1-c2c1-7fa1-9025-75f407e5c17d.jsonl;rollout-2026-08-04T10-21-58-019fcaca-d45c-71e2-b106-bf99705f2352.jsonl;rollout-2026-08-04T10-34-18-019fcad6-1ecd-7850-99bb-3c6de4e50875.jsonl;rollout-2026-08-04T10-48-23-019fcae3-056d-75d1-92ad-eb777da35982.jsonl;rollout-2026-08-04T11-16-01-019fcafc-52a7-7192-8947-b6108df3e0a0.jsonl;rollout-2026-08-04T12-06-35-019fcb2a-9ce7-77a0-883d-13f05394caa9.jsonl;rollout-2026-08-04T13-25-53-019fcb73-38aa-7dc1-a0e8-ba0bbda0b211.jsonl;rollout-2026-08-04T14-54-53-019fcbc4-b3f2-77f3-b7c1-a06a5366e820.jsonl;rollout-2026-08-04T16-25-55-019fcc18-0915-78d0-ba2c-e6b7a07eb9f1.jsonl,public\img\instagram\insta-4.jpg
public\img\instagram\insta-5.jpg,True,11,11,rollout-2026-07-31T11-06-09-019fb659-d8c8-7971-aa5f-6125546bafd1.jsonl;rollout-2026-08-04T09-20-33-019fca92-996a-7fb0-beea-942596ee66ef.jsonl;rollout-2026-08-04T10-12-03-019fcac1-c2c1-7fa1-9025-75f407e5c17d.jsonl;rollout-2026-08-04T10-21-58-019fcaca-d45c-71e2-b106-bf99705f2352.jsonl;rollout-2026-08-04T10-34-18-019fcad6-1ecd-7850-99bb-3c6de4e50875.jsonl;rollout-2026-08-04T10-48-23-019fcae3-056d-75d1-92ad-eb777da35982.jsonl;rollout-2026-08-04T11-16-01-019fcafc-52a7-7192-8947-b6108df3e0a0.jsonl;rollout-2026-08-04T12-06-35-019fcb2a-9ce7-77a0-883d-13f05394caa9.jsonl;rollout-2026-08-04T13-25-53-019fcb73-38aa-7dc1-a0e8-ba0bbda0b211.jsonl;rollout-2026-08-04T14-54-53-019fcbc4-b3f2-77f3-b7c1-a06a5366e820.jsonl;rollout-2026-08-04T16-25-55-019fcc18-0915-78d0-ba2c-e6b7a07eb9f1.jsonl,public\img\instagram\insta-5.jpg
public\img\instagram\insta-6.jpg,True,11,11,rollout-2026-07-31T11-06-09-019fb659-d8c8-7971-aa5f-6125546bafd1.jsonl;rollout-2026-08-04T09-20-33-019fca92-996a-7fb0-beea-942596ee66ef.jsonl;rollout-2026-08-04T10-12-03-019fcac1-c2c1-7fa1-9025-75f407e5c17d.jsonl;rollout-2026-08-04T10-21-58-019fcaca-d45c-71e2-b106-bf99705f2352.jsonl;rollout-2026-08-04T10-34-18-019fcad6-1ecd-7850-99bb-3c6de4e50875.jsonl;rollout-2026-08-04T10-48-23-019fcae3-056d-75d1-92ad-eb777da35982.jsonl;rollout-2026-08-04T11-16-01-019fcafc-52a7-7192-8947-b6108df3e0a0.jsonl;rollout-2026-08-04T12-06-35-019fcb2a-9ce7-77a0-883d-13f05394caa9.jsonl;rollout-2026-08-04T13-25-53-019fcb73-38aa-7dc1-a0e8-ba0bbda0b211.jsonl;rollout-2026-08-04T14-54-53-019fcbc4-b3f2-77f3-b7c1-a06a5366e820.jsonl;rollout-2026-08-04T16-25-55-019fcc18-0915-78d0-ba2c-e6b7a07eb9f1.jsonl,public\img\instagram\insta-6.jpg
public\img\logo-fpt.png,True,12,20,rollout-2026-07-31T11-06-09-019fb659-d8c8-7971-aa5f-6125546bafd1.jsonl;rollout-2026-08-04T09-20-33-019fca92-996a-7fb0-beea-942596ee66ef.jsonl;rollout-2026-08-04T10-12-03-019fcac1-c2c1-7fa1-9025-75f407e5c17d.jsonl;rollout-2026-08-04T10-21-58-019fcaca-d45c-71e2-b106-bf99705f2352.jsonl;rollout-2026-08-04T10-34-18-019fcad6-1ecd-7850-99bb-3c6de4e50875.jsonl;rollout-2026-08-04T10-48-23-019fcae3-056d-75d1-92ad-eb777da35982.jsonl;rollout-2026-08-04T11-16-01-019fcafc-52a7-7192-8947-b6108df3e0a0.jsonl;rollout-2026-08-04T12-06-35-019fcb2a-9ce7-77a0-883d-13f05394caa9.jsonl;rollout-2026-08-04T13-25-53-019fcb73-38aa-7dc1-a0e8-ba0bbda0b211.jsonl;rollout-2026-08-04T14-54-53-019fcbc4-b3f2-77f3-b7c1-a06a5366e820.jsonl;rollout-2026-08-04T16-25-55-019fcc18-0915-78d0-ba2c-e6b7a07eb9f1.jsonl;rollout-2026-08-04T20-47-31-019fcd07-8c5b-7af3-b9ec-87cb36d7a952.jsonl,public\img\logo-fpt.png
public\img\logo-traicay10.png,True,12,19,rollout-2026-07-31T11-06-09-019fb659-d8c8-7971-aa5f-6125546bafd1.jsonl;rollout-2026-08-04T09-20-33-019fca92-996a-7fb0-beea-942596ee66ef.jsonl;rollout-2026-08-04T10-12-03-019fcac1-c2c1-7fa1-9025-75f407e5c17d.jsonl;rollout-2026-08-04T10-21-58-019fcaca-d45c-71e2-b106-bf99705f2352.jsonl;rollout-2026-08-04T10-34-18-019fcad6-1ecd-7850-99bb-3c6de4e50875.jsonl;rollout-2026-08-04T10-48-23-019fcae3-056d-75d1-92ad-eb777da35982.jsonl;rollout-2026-08-04T11-16-01-019fcafc-52a7-7192-8947-b6108df3e0a0.jsonl;rollout-2026-08-04T12-06-35-019fcb2a-9ce7-77a0-883d-13f05394caa9.jsonl;rollout-2026-08-04T13-25-53-019fcb73-38aa-7dc1-a0e8-ba0bbda0b211.jsonl;rollout-2026-08-04T14-54-53-019fcbc4-b3f2-77f3-b7c1-a06a5366e820.jsonl;rollout-2026-08-04T16-25-55-019fcc18-0915-78d0-ba2c-e6b7a07eb9f1.jsonl;rollout-2026-08-04T20-47-31-019fcd07-8c5b-7af3-b9ec-87cb36d7a952.jsonl,public\img\logo-traicay10.png
public\img\logo.png,True,12,20,rollout-2026-07-31T11-06-09-019fb659-d8c8-7971-aa5f-6125546bafd1.jsonl;rollout-2026-08-04T09-20-33-019fca92-996a-7fb0-beea-942596ee66ef.jsonl;rollout-2026-08-04T10-12-03-019fcac1-c2c1-7fa1-9025-75f407e5c17d.jsonl;rollout-2026-08-04T10-21-58-019fcaca-d45c-71e2-b106-bf99705f2352.jsonl;rollout-2026-08-04T10-34-18-019fcad6-1ecd-7850-99bb-3c6de4e50875.jsonl;rollout-2026-08-04T10-48-23-019fcae3-056d-75d1-92ad-eb777da35982.jsonl;rollout-2026-08-04T11-16-01-019fcafc-52a7-7192-8947-b6108df3e0a0.jsonl;rollout-2026-08-04T12-06-35-019fcb2a-9ce7-77a0-883d-13f05394caa9.jsonl;rollout-2026-08-04T13-25-53-019fcb73-38aa-7dc1-a0e8-ba0bbda0b211.jsonl;rollout-2026-08-04T14-54-53-019fcbc4-b3f2-77f3-b7c1-a06a5366e820.jsonl;rollout-2026-08-04T16-25-55-019fcc18-0915-78d0-ba2c-e6b7a07eb9f1.jsonl;rollout-2026-08-04T20-47-31-019fcd07-8c5b-7af3-b9ec-87cb36d7a952.jsonl,public\img\logo.png
public\img\logo_hoa.png,True,12,20,rollout-2026-07-31T11-06-09-019fb659-d8c8-7971-aa5f-6125546bafd1.jsonl;rollout-2026-08-04T09-20-33-019fca92-996a-7fb0-beea-942596ee66ef.jsonl;rollout-2026-08-04T10-12-03-019fcac1-c2c1-7fa1-9025-75f407e5c17d.jsonl;rollout-2026-08-04T10-21-58-019fcaca-d45c-71e2-b106-bf99705f2352.jsonl;rollout-2026-08-04T10-34-18-019fcad6-1ecd-7850-99bb-3c6de4e50875.jsonl;rollout-2026-08-04T10-48-23-019fcae3-056d-75d1-92ad-eb777da35982.jsonl;rollout-2026-08-04T11-16-01-019fcafc-52a7-7192-8947-b6108df3e0a0.jsonl;rollout-2026-08-04T12-06-35-019fcb2a-9ce7-77a0-883d-13f05394caa9.jsonl;rollout-2026-08-04T13-25-53-019fcb73-38aa-7dc1-a0e8-ba0bbda0b211.jsonl;rollout-2026-08-04T14-54-53-019fcbc4-b3f2-77f3-b7c1-a06a5366e820.jsonl;rollout-2026-08-04T16-25-55-019fcc18-0915-78d0-ba2c-e6b7a07eb9f1.jsonl;rollout-2026-08-04T20-47-31-019fcd07-8c5b-7af3-b9ec-87cb36d7a952.jsonl,public\img\logo_hoa.png
public\img\Manga.png,True,11,11,rollout-2026-07-31T11-06-09-019fb659-d8c8-7971-aa5f-6125546bafd1.jsonl;rollout-2026-08-04T09-20-33-019fca92-996a-7fb0-beea-942596ee66ef.jsonl;rollout-2026-08-04T10-12-03-019fcac1-c2c1-7fa1-9025-75f407e5c17d.jsonl;rollout-2026-08-04T10-21-58-019fcaca-d45c-71e2-b106-bf99705f2352.jsonl;rollout-2026-08-04T10-34-18-019fcad6-1ecd-7850-99bb-3c6de4e50875.jsonl;rollout-2026-08-04T10-48-23-019fcae3-056d-75d1-92ad-eb777da35982.jsonl;rollout-2026-08-04T11-16-01-019fcafc-52a7-7192-8947-b6108df3e0a0.jsonl;rollout-2026-08-04T12-06-35-019fcb2a-9ce7-77a0-883d-13f05394caa9.jsonl;rollout-2026-08-04T13-25-53-019fcb73-38aa-7dc1-a0e8-ba0bbda0b211.jsonl;rollout-2026-08-04T14-54-53-019fcbc4-b3f2-77f3-b7c1-a06a5366e820.jsonl;rollout-2026-08-04T16-25-55-019fcc18-0915-78d0-ba2c-e6b7a07eb9f1.jsonl,public\img\Manga.png
public\img\payment\payment-1.png,True,11,11,rollout-2026-07-31T11-06-09-019fb659-d8c8-7971-aa5f-6125546bafd1.jsonl;rollout-2026-08-04T09-20-33-019fca92-996a-7fb0-beea-942596ee66ef.jsonl;rollout-2026-08-04T10-12-03-019fcac1-c2c1-7fa1-9025-75f407e5c17d.jsonl;rollout-2026-08-04T10-21-58-019fcaca-d45c-71e2-b106-bf99705f2352.jsonl;rollout-2026-08-04T10-34-18-019fcad6-1ecd-7850-99bb-3c6de4e50875.jsonl;rollout-2026-08-04T10-48-23-019fcae3-056d-75d1-92ad-eb777da35982.jsonl;rollout-2026-08-04T11-16-01-019fcafc-52a7-7192-8947-b6108df3e0a0.jsonl;rollout-2026-08-04T12-06-35-019fcb2a-9ce7-77a0-883d-13f05394caa9.jsonl;rollout-2026-08-04T13-25-53-019fcb73-38aa-7dc1-a0e8-ba0bbda0b211.jsonl;rollout-2026-08-04T14-54-53-019fcbc4-b3f2-77f3-b7c1-a06a5366e820.jsonl;rollout-2026-08-04T16-25-55-019fcc18-0915-78d0-ba2c-e6b7a07eb9f1.jsonl,public\img\payment\payment-1.png
public\img\payment\payment-2.png,True,11,11,rollout-2026-07-31T11-06-09-019fb659-d8c8-7971-aa5f-6125546bafd1.jsonl;rollout-2026-08-04T09-20-33-019fca92-996a-7fb0-beea-942596ee66ef.jsonl;rollout-2026-08-04T10-12-03-019fcac1-c2c1-7fa1-9025-75f407e5c17d.jsonl;rollout-2026-08-04T10-21-58-019fcaca-d45c-71e2-b106-bf99705f2352.jsonl;rollout-2026-08-04T10-34-18-019fcad6-1ecd-7850-99bb-3c6de4e50875.jsonl;rollout-2026-08-04T10-48-23-019fcae3-056d-75d1-92ad-eb777da35982.jsonl;rollout-2026-08-04T11-16-01-019fcafc-52a7-7192-8947-b6108df3e0a0.jsonl;rollout-2026-08-04T12-06-35-019fcb2a-9ce7-77a0-883d-13f05394caa9.jsonl;rollout-2026-08-04T13-25-53-019fcb73-38aa-7dc1-a0e8-ba0bbda0b211.jsonl;rollout-2026-08-04T14-54-53-019fcbc4-b3f2-77f3-b7c1-a06a5366e820.jsonl;rollout-2026-08-04T16-25-55-019fcc18-0915-78d0-ba2c-e6b7a07eb9f1.jsonl,public\img\payment\payment-2.png
public\img\payment\payment-3.png,True,11,11,rollout-2026-07-31T11-06-09-019fb659-d8c8-7971-aa5f-6125546bafd1.jsonl;rollout-2026-08-04T09-20-33-019fca92-996a-7fb0-beea-942596ee66ef.jsonl;rollout-2026-08-04T10-12-03-019fcac1-c2c1-7fa1-9025-75f407e5c17d.jsonl;rollout-2026-08-04T10-21-58-019fcaca-d45c-71e2-b106-bf99705f2352.jsonl;rollout-2026-08-04T10-34-18-019fcad6-1ecd-7850-99bb-3c6de4e50875.jsonl;rollout-2026-08-04T10-48-23-019fcae3-056d-75d1-92ad-eb777da35982.jsonl;rollout-2026-08-04T11-16-01-019fcafc-52a7-7192-8947-b6108df3e0a0.jsonl;rollout-2026-08-04T12-06-35-019fcb2a-9ce7-77a0-883d-13f05394caa9.jsonl;rollout-2026-08-04T13-25-53-019fcb73-38aa-7dc1-a0e8-ba0bbda0b211.jsonl;rollout-2026-08-04T14-54-53-019fcbc4-b3f2-77f3-b7c1-a06a5366e820.jsonl;rollout-2026-08-04T16-25-55-019fcc18-0915-78d0-ba2c-e6b7a07eb9f1.jsonl,public\img\payment\payment-3.png
public\img\payment\payment-4.png,True,11,11,rollout-2026-07-31T11-06-09-019fb659-d8c8-7971-aa5f-6125546bafd1.jsonl;rollout-2026-08-04T09-20-33-019fca92-996a-7fb0-beea-942596ee66ef.jsonl;rollout-2026-08-04T10-12-03-019fcac1-c2c1-7fa1-9025-75f407e5c17d.jsonl;rollout-2026-08-04T10-21-58-019fcaca-d45c-71e2-b106-bf99705f2352.jsonl;rollout-2026-08-04T10-34-18-019fcad6-1ecd-7850-99bb-3c6de4e50875.jsonl;rollout-2026-08-04T10-48-23-019fcae3-056d-75d1-92ad-eb777da35982.jsonl;rollout-2026-08-04T11-16-01-019fcafc-52a7-7192-8947-b6108df3e0a0.jsonl;rollout-2026-08-04T12-06-35-019fcb2a-9ce7-77a0-883d-13f05394caa9.jsonl;rollout-2026-08-04T13-25-53-019fcb73-38aa-7dc1-a0e8-ba0bbda0b211.jsonl;rollout-2026-08-04T14-54-53-019fcbc4-b3f2-77f3-b7c1-a06a5366e820.jsonl;rollout-2026-08-04T16-25-55-019fcc18-0915-78d0-ba2c-e6b7a07eb9f1.jsonl,public\img\payment\payment-4.png
public\img\payment\payment-5.png,True,11,11,rollout-2026-07-31T11-06-09-019fb659-d8c8-7971-aa5f-6125546bafd1.jsonl;rollout-2026-08-04T09-20-33-019fca92-996a-7fb0-beea-942596ee66ef.jsonl;rollout-2026-08-04T10-12-03-019fcac1-c2c1-7fa1-9025-75f407e5c17d.jsonl;rollout-2026-08-04T10-21-58-019fcaca-d45c-71e2-b106-bf99705f2352.jsonl;rollout-2026-08-04T10-34-18-019fcad6-1ecd-7850-99bb-3c6de4e50875.jsonl;rollout-2026-08-04T10-48-23-019fcae3-056d-75d1-92ad-eb777da35982.jsonl;rollout-2026-08-04T11-16-01-019fcafc-52a7-7192-8947-b6108df3e0a0.jsonl;rollout-2026-08-04T12-06-35-019fcb2a-9ce7-77a0-883d-13f05394caa9.jsonl;rollout-2026-08-04T13-25-53-019fcb73-38aa-7dc1-a0e8-ba0bbda0b211.jsonl;rollout-2026-08-04T14-54-53-019fcbc4-b3f2-77f3-b7c1-a06a5366e820.jsonl;rollout-2026-08-04T16-25-55-019fcc18-0915-78d0-ba2c-e6b7a07eb9f1.jsonl,public\img\payment\payment-5.png
public\img\product\book-1.jpg,True,11,11,rollout-2026-07-31T11-06-09-019fb659-d8c8-7971-aa5f-6125546bafd1.jsonl;rollout-2026-08-04T09-20-33-019fca92-996a-7fb0-beea-942596ee66ef.jsonl;rollout-2026-08-04T10-12-03-019fcac1-c2c1-7fa1-9025-75f407e5c17d.jsonl;rollout-2026-08-04T10-21-58-019fcaca-d45c-71e2-b106-bf99705f2352.jsonl;rollout-2026-08-04T10-34-18-019fcad6-1ecd-7850-99bb-3c6de4e50875.jsonl;rollout-2026-08-04T10-48-23-019fcae3-056d-75d1-92ad-eb777da35982.jsonl;rollout-2026-08-04T11-16-01-019fcafc-52a7-7192-8947-b6108df3e0a0.jsonl;rollout-2026-08-04T12-06-35-019fcb2a-9ce7-77a0-883d-13f05394caa9.jsonl;rollout-2026-08-04T13-25-53-019fcb73-38aa-7dc1-a0e8-ba0bbda0b211.jsonl;rollout-2026-08-04T14-54-53-019fcbc4-b3f2-77f3-b7c1-a06a5366e820.jsonl;rollout-2026-08-04T16-25-55-019fcc18-0915-78d0-ba2c-e6b7a07eb9f1.jsonl,public\img\product\book-1.jpg
public\img\product\book-2.png,True,11,11,rollout-2026-07-31T11-06-09-019fb659-d8c8-7971-aa5f-6125546bafd1.jsonl;rollout-2026-08-04T09-20-33-019fca92-996a-7fb0-beea-942596ee66ef.jsonl;rollout-2026-08-04T10-12-03-019fcac1-c2c1-7fa1-9025-75f407e5c17d.jsonl;rollout-2026-08-04T10-21-58-019fcaca-d45c-71e2-b106-bf99705f2352.jsonl;rollout-2026-08-04T10-34-18-019fcad6-1ecd-7850-99bb-3c6de4e50875.jsonl;rollout-2026-08-04T10-48-23-019fcae3-056d-75d1-92ad-eb777da35982.jsonl;rollout-2026-08-04T11-16-01-019fcafc-52a7-7192-8947-b6108df3e0a0.jsonl;rollout-2026-08-04T12-06-35-019fcb2a-9ce7-77a0-883d-13f05394caa9.jsonl;rollout-2026-08-04T13-25-53-019fcb73-38aa-7dc1-a0e8-ba0bbda0b211.jsonl;rollout-2026-08-04T14-54-53-019fcbc4-b3f2-77f3-b7c1-a06a5366e820.jsonl;rollout-2026-08-04T16-25-55-019fcc18-0915-78d0-ba2c-e6b7a07eb9f1.jsonl,public\img\product\book-2.png
public\img\product\conan-1.jpg,True,11,11,rollout-2026-07-31T11-06-09-019fb659-d8c8-7971-aa5f-6125546bafd1.jsonl;rollout-2026-08-04T09-20-33-019fca92-996a-7fb0-beea-942596ee66ef.jsonl;rollout-2026-08-04T10-12-03-019fcac1-c2c1-7fa1-9025-75f407e5c17d.jsonl;rollout-2026-08-04T10-21-58-019fcaca-d45c-71e2-b106-bf99705f2352.jsonl;rollout-2026-08-04T10-34-18-019fcad6-1ecd-7850-99bb-3c6de4e50875.jsonl;rollout-2026-08-04T10-48-23-019fcae3-056d-75d1-92ad-eb777da35982.jsonl;rollout-2026-08-04T11-16-01-019fcafc-52a7-7192-8947-b6108df3e0a0.jsonl;rollout-2026-08-04T12-06-35-019fcb2a-9ce7-77a0-883d-13f05394caa9.jsonl;rollout-2026-08-04T13-25-53-019fcb73-38aa-7dc1-a0e8-ba0bbda0b211.jsonl;rollout-2026-08-04T14-54-53-019fcbc4-b3f2-77f3-b7c1-a06a5366e820.jsonl;rollout-2026-08-04T16-25-55-019fcc18-0915-78d0-ba2c-e6b7a07eb9f1.jsonl,public\img\product\conan-1.jpg
public\img\product\conan-2.jpg,True,11,11,rollout-2026-07-31T11-06-09-019fb659-d8c8-7971-aa5f-6125546bafd1.jsonl;rollout-2026-08-04T09-20-33-019fca92-996a-7fb0-beea-942596ee66ef.jsonl;rollout-2026-08-04T10-12-03-019fcac1-c2c1-7fa1-9025-75f407e5c17d.jsonl;rollout-2026-08-04T10-21-58-019fcaca-d45c-71e2-b106-bf99705f2352.jsonl;rollout-2026-08-04T10-34-18-019fcad6-1ecd-7850-99bb-3c6de4e50875.jsonl;rollout-2026-08-04T10-48-23-019fcae3-056d-75d1-92ad-eb777da35982.jsonl;rollout-2026-08-04T11-16-01-019fcafc-52a7-7192-8947-b6108df3e0a0.jsonl;rollout-2026-08-04T12-06-35-019fcb2a-9ce7-77a0-883d-13f05394caa9.jsonl;rollout-2026-08-04T13-25-53-019fcb73-38aa-7dc1-a0e8-ba0bbda0b211.jsonl;rollout-2026-08-04T14-54-53-019fcbc4-b3f2-77f3-b7c1-a06a5366e820.jsonl;rollout-2026-08-04T16-25-55-019fcc18-0915-78d0-ba2c-e6b7a07eb9f1.jsonl,public\img\product\conan-2.jpg
public\img\product\details\product-1.jpg,True,11,11,rollout-2026-07-31T11-06-09-019fb659-d8c8-7971-aa5f-6125546bafd1.jsonl;rollout-2026-08-04T09-20-33-019fca92-996a-7fb0-beea-942596ee66ef.jsonl;rollout-2026-08-04T10-12-03-019fcac1-c2c1-7fa1-9025-75f407e5c17d.jsonl;rollout-2026-08-04T10-21-58-019fcaca-d45c-71e2-b106-bf99705f2352.jsonl;rollout-2026-08-04T10-34-18-019fcad6-1ecd-7850-99bb-3c6de4e50875.jsonl;rollout-2026-08-04T10-48-23-019fcae3-056d-75d1-92ad-eb777da35982.jsonl;rollout-2026-08-04T11-16-01-019fcafc-52a7-7192-8947-b6108df3e0a0.jsonl;rollout-2026-08-04T12-06-35-019fcb2a-9ce7-77a0-883d-13f05394caa9.jsonl;rollout-2026-08-04T13-25-53-019fcb73-38aa-7dc1-a0e8-ba0bbda0b211.jsonl;rollout-2026-08-04T14-54-53-019fcbc4-b3f2-77f3-b7c1-a06a5366e820.jsonl;rollout-2026-08-04T16-25-55-019fcc18-0915-78d0-ba2c-e6b7a07eb9f1.jsonl,public\img\product\details\product-1.jpg
public\img\product\details\product-2.jpg,True,11,11,rollout-2026-07-31T11-06-09-019fb659-d8c8-7971-aa5f-6125546bafd1.jsonl;rollout-2026-08-04T09-20-33-019fca92-996a-7fb0-beea-942596ee66ef.jsonl;rollout-2026-08-04T10-12-03-019fcac1-c2c1-7fa1-9025-75f407e5c17d.jsonl;rollout-2026-08-04T10-21-58-019fcaca-d45c-71e2-b106-bf99705f2352.jsonl;rollout-2026-08-04T10-34-18-019fcad6-1ecd-7850-99bb-3c6de4e50875.jsonl;rollout-2026-08-04T10-48-23-019fcae3-056d-75d1-92ad-eb777da35982.jsonl;rollout-2026-08-04T11-16-01-019fcafc-52a7-7192-8947-b6108df3e0a0.jsonl;rollout-2026-08-04T12-06-35-019fcb2a-9ce7-77a0-883d-13f05394caa9.jsonl;rollout-2026-08-04T13-25-53-019fcb73-38aa-7dc1-a0e8-ba0bbda0b211.jsonl;rollout-2026-08-04T14-54-53-019fcbc4-b3f2-77f3-b7c1-a06a5366e820.jsonl;rollout-2026-08-04T16-25-55-019fcc18-0915-78d0-ba2c-e6b7a07eb9f1.jsonl,public\img\product\details\product-2.jpg
public\img\product\details\product-3.jpg,True,11,11,rollout-2026-07-31T11-06-09-019fb659-d8c8-7971-aa5f-6125546bafd1.jsonl;rollout-2026-08-04T09-20-33-019fca92-996a-7fb0-beea-942596ee66ef.jsonl;rollout-2026-08-04T10-12-03-019fcac1-c2c1-7fa1-9025-75f407e5c17d.jsonl;rollout-2026-08-04T10-21-58-019fcaca-d45c-71e2-b106-bf99705f2352.jsonl;rollout-2026-08-04T10-34-18-019fcad6-1ecd-7850-99bb-3c6de4e50875.jsonl;rollout-2026-08-04T10-48-23-019fcae3-056d-75d1-92ad-eb777da35982.jsonl;rollout-2026-08-04T11-16-01-019fcafc-52a7-7192-8947-b6108df3e0a0.jsonl;rollout-2026-08-04T12-06-35-019fcb2a-9ce7-77a0-883d-13f05394caa9.jsonl;rollout-2026-08-04T13-25-53-019fcb73-38aa-7dc1-a0e8-ba0bbda0b211.jsonl;rollout-2026-08-04T14-54-53-019fcbc4-b3f2-77f3-b7c1-a06a5366e820.jsonl;rollout-2026-08-04T16-25-55-019fcc18-0915-78d0-ba2c-e6b7a07eb9f1.jsonl,public\img\product\details\product-3.jpg
public\img\product\details\product-4.jpg,True,11,11,rollout-2026-07-31T11-06-09-019fb659-d8c8-7971-aa5f-6125546bafd1.jsonl;rollout-2026-08-04T09-20-33-019fca92-996a-7fb0-beea-942596ee66ef.jsonl;rollout-2026-08-04T10-12-03-019fcac1-c2c1-7fa1-9025-75f407e5c17d.jsonl;rollout-2026-08-04T10-21-58-019fcaca-d45c-71e2-b106-bf99705f2352.jsonl;rollout-2026-08-04T10-34-18-019fcad6-1ecd-7850-99bb-3c6de4e50875.jsonl;rollout-2026-08-04T10-48-23-019fcae3-056d-75d1-92ad-eb777da35982.jsonl;rollout-2026-08-04T11-16-01-019fcafc-52a7-7192-8947-b6108df3e0a0.jsonl;rollout-2026-08-04T12-06-35-019fcb2a-9ce7-77a0-883d-13f05394caa9.jsonl;rollout-2026-08-04T13-25-53-019fcb73-38aa-7dc1-a0e8-ba0bbda0b211.jsonl;rollout-2026-08-04T14-54-53-019fcbc4-b3f2-77f3-b7c1-a06a5366e820.jsonl;rollout-2026-08-04T16-25-55-019fcc18-0915-78d0-ba2c-e6b7a07eb9f1.jsonl,public\img\product\details\product-4.jpg
public\img\product\details\thumb-1.jpg,True,11,11,rollout-2026-07-31T11-06-09-019fb659-d8c8-7971-aa5f-6125546bafd1.jsonl;rollout-2026-08-04T09-20-33-019fca92-996a-7fb0-beea-942596ee66ef.jsonl;rollout-2026-08-04T10-12-03-019fcac1-c2c1-7fa1-9025-75f407e5c17d.jsonl;rollout-2026-08-04T10-21-58-019fcaca-d45c-71e2-b106-bf99705f2352.jsonl;rollout-2026-08-04T10-34-18-019fcad6-1ecd-7850-99bb-3c6de4e50875.jsonl;rollout-2026-08-04T10-48-23-019fcae3-056d-75d1-92ad-eb777da35982.jsonl;rollout-2026-08-04T11-16-01-019fcafc-52a7-7192-8947-b6108df3e0a0.jsonl;rollout-2026-08-04T12-06-35-019fcb2a-9ce7-77a0-883d-13f05394caa9.jsonl;rollout-2026-08-04T13-25-53-019fcb73-38aa-7dc1-a0e8-ba0bbda0b211.jsonl;rollout-2026-08-04T14-54-53-019fcbc4-b3f2-77f3-b7c1-a06a5366e820.jsonl;rollout-2026-08-04T16-25-55-019fcc18-0915-78d0-ba2c-e6b7a07eb9f1.jsonl,public\img\product\details\thumb-1.jpg
public\img\product\details\thumb-2.jpg,True,11,11,rollout-2026-07-31T11-06-09-019fb659-d8c8-7971-aa5f-6125546bafd1.jsonl;rollout-2026-08-04T09-20-33-019fca92-996a-7fb0-beea-942596ee66ef.jsonl;rollout-2026-08-04T10-12-03-019fcac1-c2c1-7fa1-9025-75f407e5c17d.jsonl;rollout-2026-08-04T10-21-58-019fcaca-d45c-71e2-b106-bf99705f2352.jsonl;rollout-2026-08-04T10-34-18-019fcad6-1ecd-7850-99bb-3c6de4e50875.jsonl;rollout-2026-08-04T10-48-23-019fcae3-056d-75d1-92ad-eb777da35982.jsonl;rollout-2026-08-04T11-16-01-019fcafc-52a7-7192-8947-b6108df3e0a0.jsonl;rollout-2026-08-04T12-06-35-019fcb2a-9ce7-77a0-883d-13f05394caa9.jsonl;rollout-2026-08-04T13-25-53-019fcb73-38aa-7dc1-a0e8-ba0bbda0b211.jsonl;rollout-2026-08-04T14-54-53-019fcbc4-b3f2-77f3-b7c1-a06a5366e820.jsonl;rollout-2026-08-04T16-25-55-019fcc18-0915-78d0-ba2c-e6b7a07eb9f1.jsonl,public\img\product\details\thumb-2.jpg
public\img\product\details\thumb-3.jpg,True,11,11,rollout-2026-07-31T11-06-09-019fb659-d8c8-7971-aa5f-6125546bafd1.jsonl;rollout-2026-08-04T09-20-33-019fca92-996a-7fb0-beea-942596ee66ef.jsonl;rollout-2026-08-04T10-12-03-019fcac1-c2c1-7fa1-9025-75f407e5c17d.jsonl;rollout-2026-08-04T10-21-58-019fcaca-d45c-71e2-b106-bf99705f2352.jsonl;rollout-2026-08-04T10-34-18-019fcad6-1ecd-7850-99bb-3c6de4e50875.jsonl;rollout-2026-08-04T10-48-23-019fcae3-056d-75d1-92ad-eb777da35982.jsonl;rollout-2026-08-04T11-16-01-019fcafc-52a7-7192-8947-b6108df3e0a0.jsonl;rollout-2026-08-04T12-06-35-019fcb2a-9ce7-77a0-883d-13f05394caa9.jsonl;rollout-2026-08-04T13-25-53-019fcb73-38aa-7dc1-a0e8-ba0bbda0b211.jsonl;rollout-2026-08-04T14-54-53-019fcbc4-b3f2-77f3-b7c1-a06a5366e820.jsonl;rollout-2026-08-04T16-25-55-019fcc18-0915-78d0-ba2c-e6b7a07eb9f1.jsonl,public\img\product\details\thumb-3.jpg
public\img\product\details\thumb-4.jpg,True,11,11,rollout-2026-07-31T11-06-09-019fb659-d8c8-7971-aa5f-6125546bafd1.jsonl;rollout-2026-08-04T09-20-33-019fca92-996a-7fb0-beea-942596ee66ef.jsonl;rollout-2026-08-04T10-12-03-019fcac1-c2c1-7fa1-9025-75f407e5c17d.jsonl;rollout-2026-08-04T10-21-58-019fcaca-d45c-71e2-b106-bf99705f2352.jsonl;rollout-2026-08-04T10-34-18-019fcad6-1ecd-7850-99bb-3c6de4e50875.jsonl;rollout-2026-08-04T10-48-23-019fcae3-056d-75d1-92ad-eb777da35982.jsonl;rollout-2026-08-04T11-16-01-019fcafc-52a7-7192-8947-b6108df3e0a0.jsonl;rollout-2026-08-04T12-06-35-019fcb2a-9ce7-77a0-883d-13f05394caa9.jsonl;rollout-2026-08-04T13-25-53-019fcb73-38aa-7dc1-a0e8-ba0bbda0b211.jsonl;rollout-2026-08-04T14-54-53-019fcbc4-b3f2-77f3-b7c1-a06a5366e820.jsonl;rollout-2026-08-04T16-25-55-019fcc18-0915-78d0-ba2c-e6b7a07eb9f1.jsonl,public\img\product\details\thumb-4.jpg
public\img\product\product-1.jpg,True,11,11,rollout-2026-07-31T11-06-09-019fb659-d8c8-7971-aa5f-6125546bafd1.jsonl;rollout-2026-08-04T09-20-33-019fca92-996a-7fb0-beea-942596ee66ef.jsonl;rollout-2026-08-04T10-12-03-019fcac1-c2c1-7fa1-9025-75f407e5c17d.jsonl;rollout-2026-08-04T10-21-58-019fcaca-d45c-71e2-b106-bf99705f2352.jsonl;rollout-2026-08-04T10-34-18-019fcad6-1ecd-7850-99bb-3c6de4e50875.jsonl;rollout-2026-08-04T10-48-23-019fcae3-056d-75d1-92ad-eb777da35982.jsonl;rollout-2026-08-04T11-16-01-019fcafc-52a7-7192-8947-b6108df3e0a0.jsonl;rollout-2026-08-04T12-06-35-019fcb2a-9ce7-77a0-883d-13f05394caa9.jsonl;rollout-2026-08-04T13-25-53-019fcb73-38aa-7dc1-a0e8-ba0bbda0b211.jsonl;rollout-2026-08-04T14-54-53-019fcbc4-b3f2-77f3-b7c1-a06a5366e820.jsonl;rollout-2026-08-04T16-25-55-019fcc18-0915-78d0-ba2c-e6b7a07eb9f1.jsonl,public\img\product\product-1.jpg
public\img\product\product-2.jpg,True,11,11,rollout-2026-07-31T11-06-09-019fb659-d8c8-7971-aa5f-6125546bafd1.jsonl;rollout-2026-08-04T09-20-33-019fca92-996a-7fb0-beea-942596ee66ef.jsonl;rollout-2026-08-04T10-12-03-019fcac1-c2c1-7fa1-9025-75f407e5c17d.jsonl;rollout-2026-08-04T10-21-58-019fcaca-d45c-71e2-b106-bf99705f2352.jsonl;rollout-2026-08-04T10-34-18-019fcad6-1ecd-7850-99bb-3c6de4e50875.jsonl;rollout-2026-08-04T10-48-23-019fcae3-056d-75d1-92ad-eb777da35982.jsonl;rollout-2026-08-04T11-16-01-019fcafc-52a7-7192-8947-b6108df3e0a0.jsonl;rollout-2026-08-04T12-06-35-019fcb2a-9ce7-77a0-883d-13f05394caa9.jsonl;rollout-2026-08-04T13-25-53-019fcb73-38aa-7dc1-a0e8-ba0bbda0b211.jsonl;rollout-2026-08-04T14-54-53-019fcbc4-b3f2-77f3-b7c1-a06a5366e820.jsonl;rollout-2026-08-04T16-25-55-019fcc18-0915-78d0-ba2c-e6b7a07eb9f1.jsonl,public\img\product\product-2.jpg
public\img\product\product-3.jpg,True,11,11,rollout-2026-07-31T11-06-09-019fb659-d8c8-7971-aa5f-6125546bafd1.jsonl;rollout-2026-08-04T09-20-33-019fca92-996a-7fb0-beea-942596ee66ef.jsonl;rollout-2026-08-04T10-12-03-019fcac1-c2c1-7fa1-9025-75f407e5c17d.jsonl;rollout-2026-08-04T10-21-58-019fcaca-d45c-71e2-b106-bf99705f2352.jsonl;rollout-2026-08-04T10-34-18-019fcad6-1ecd-7850-99bb-3c6de4e50875.jsonl;rollout-2026-08-04T10-48-23-019fcae3-056d-75d1-92ad-eb777da35982.jsonl;rollout-2026-08-04T11-16-01-019fcafc-52a7-7192-8947-b6108df3e0a0.jsonl;rollout-2026-08-04T12-06-35-019fcb2a-9ce7-77a0-883d-13f05394caa9.jsonl;rollout-2026-08-04T13-25-53-019fcb73-38aa-7dc1-a0e8-ba0bbda0b211.jsonl;rollout-2026-08-04T14-54-53-019fcbc4-b3f2-77f3-b7c1-a06a5366e820.jsonl;rollout-2026-08-04T16-25-55-019fcc18-0915-78d0-ba2c-e6b7a07eb9f1.jsonl,public\img\product\product-3.jpg
public\img\product\product-4.jpg,True,11,11,rollout-2026-07-31T11-06-09-019fb659-d8c8-7971-aa5f-6125546bafd1.jsonl;rollout-2026-08-04T09-20-33-019fca92-996a-7fb0-beea-942596ee66ef.jsonl;rollout-2026-08-04T10-12-03-019fcac1-c2c1-7fa1-9025-75f407e5c17d.jsonl;rollout-2026-08-04T10-21-58-019fcaca-d45c-71e2-b106-bf99705f2352.jsonl;rollout-2026-08-04T10-34-18-019fcad6-1ecd-7850-99bb-3c6de4e50875.jsonl;rollout-2026-08-04T10-48-23-019fcae3-056d-75d1-92ad-eb777da35982.jsonl;rollout-2026-08-04T11-16-01-019fcafc-52a7-7192-8947-b6108df3e0a0.jsonl;rollout-2026-08-04T12-06-35-019fcb2a-9ce7-77a0-883d-13f05394caa9.jsonl;rollout-2026-08-04T13-25-53-019fcb73-38aa-7dc1-a0e8-ba0bbda0b211.jsonl;rollout-2026-08-04T14-54-53-019fcbc4-b3f2-77f3-b7c1-a06a5366e820.jsonl;rollout-2026-08-04T16-25-55-019fcc18-0915-78d0-ba2c-e6b7a07eb9f1.jsonl,public\img\product\product-4.jpg
public\img\product\product-5.jpg,True,11,11,rollout-2026-07-31T11-06-09-019fb659-d8c8-7971-aa5f-6125546bafd1.jsonl;rollout-2026-08-04T09-20-33-019fca92-996a-7fb0-beea-942596ee66ef.jsonl;rollout-2026-08-04T10-12-03-019fcac1-c2c1-7fa1-9025-75f407e5c17d.jsonl;rollout-2026-08-04T10-21-58-019fcaca-d45c-71e2-b106-bf99705f2352.jsonl;rollout-2026-08-04T10-34-18-019fcad6-1ecd-7850-99bb-3c6de4e50875.jsonl;rollout-2026-08-04T10-48-23-019fcae3-056d-75d1-92ad-eb777da35982.jsonl;rollout-2026-08-04T11-16-01-019fcafc-52a7-7192-8947-b6108df3e0a0.jsonl;rollout-2026-08-04T12-06-35-019fcb2a-9ce7-77a0-883d-13f05394caa9.jsonl;rollout-2026-08-04T13-25-53-019fcb73-38aa-7dc1-a0e8-ba0bbda0b211.jsonl;rollout-2026-08-04T14-54-53-019fcbc4-b3f2-77f3-b7c1-a06a5366e820.jsonl;rollout-2026-08-04T16-25-55-019fcc18-0915-78d0-ba2c-e6b7a07eb9f1.jsonl,public\img\product\product-5.jpg
public\img\product\product-6.jpg,True,11,11,rollout-2026-07-31T11-06-09-019fb659-d8c8-7971-aa5f-6125546bafd1.jsonl;rollout-2026-08-04T09-20-33-019fca92-996a-7fb0-beea-942596ee66ef.jsonl;rollout-2026-08-04T10-12-03-019fcac1-c2c1-7fa1-9025-75f407e5c17d.jsonl;rollout-2026-08-04T10-21-58-019fcaca-d45c-71e2-b106-bf99705f2352.jsonl;rollout-2026-08-04T10-34-18-019fcad6-1ecd-7850-99bb-3c6de4e50875.jsonl;rollout-2026-08-04T10-48-23-019fcae3-056d-75d1-92ad-eb777da35982.jsonl;rollout-2026-08-04T11-16-01-019fcafc-52a7-7192-8947-b6108df3e0a0.jsonl;rollout-2026-08-04T12-06-35-019fcb2a-9ce7-77a0-883d-13f05394caa9.jsonl;rollout-2026-08-04T13-25-53-019fcb73-38aa-7dc1-a0e8-ba0bbda0b211.jsonl;rollout-2026-08-04T14-54-53-019fcbc4-b3f2-77f3-b7c1-a06a5366e820.jsonl;rollout-2026-08-04T16-25-55-019fcc18-0915-78d0-ba2c-e6b7a07eb9f1.jsonl,public\img\product\product-6.jpg
public\img\product\product-7.jpg,True,11,11,rollout-2026-07-31T11-06-09-019fb659-d8c8-7971-aa5f-6125546bafd1.jsonl;rollout-2026-08-04T09-20-33-019fca92-996a-7fb0-beea-942596ee66ef.jsonl;rollout-2026-08-04T10-12-03-019fcac1-c2c1-7fa1-9025-75f407e5c17d.jsonl;rollout-2026-08-04T10-21-58-019fcaca-d45c-71e2-b106-bf99705f2352.jsonl;rollout-2026-08-04T10-34-18-019fcad6-1ecd-7850-99bb-3c6de4e50875.jsonl;rollout-2026-08-04T10-48-23-019fcae3-056d-75d1-92ad-eb777da35982.jsonl;rollout-2026-08-04T11-16-01-019fcafc-52a7-7192-8947-b6108df3e0a0.jsonl;rollout-2026-08-04T12-06-35-019fcb2a-9ce7-77a0-883d-13f05394caa9.jsonl;rollout-2026-08-04T13-25-53-019fcb73-38aa-7dc1-a0e8-ba0bbda0b211.jsonl;rollout-2026-08-04T14-54-53-019fcbc4-b3f2-77f3-b7c1-a06a5366e820.jsonl;rollout-2026-08-04T16-25-55-019fcc18-0915-78d0-ba2c-e6b7a07eb9f1.jsonl,public\img\product\product-7.jpg
public\img\product\product-8.jpg,True,11,11,rollout-2026-07-31T11-06-09-019fb659-d8c8-7971-aa5f-6125546bafd1.jsonl;rollout-2026-08-04T09-20-33-019fca92-996a-7fb0-beea-942596ee66ef.jsonl;rollout-2026-08-04T10-12-03-019fcac1-c2c1-7fa1-9025-75f407e5c17d.jsonl;rollout-2026-08-04T10-21-58-019fcaca-d45c-71e2-b106-bf99705f2352.jsonl;rollout-2026-08-04T10-34-18-019fcad6-1ecd-7850-99bb-3c6de4e50875.jsonl;rollout-2026-08-04T10-48-23-019fcae3-056d-75d1-92ad-eb777da35982.jsonl;rollout-2026-08-04T11-16-01-019fcafc-52a7-7192-8947-b6108df3e0a0.jsonl;rollout-2026-08-04T12-06-35-019fcb2a-9ce7-77a0-883d-13f05394caa9.jsonl;rollout-2026-08-04T13-25-53-019fcb73-38aa-7dc1-a0e8-ba0bbda0b211.jsonl;rollout-2026-08-04T14-54-53-019fcbc4-b3f2-77f3-b7c1-a06a5366e820.jsonl;rollout-2026-08-04T16-25-55-019fcc18-0915-78d0-ba2c-e6b7a07eb9f1.jsonl,public\img\product\product-8.jpg
public\img\product\related\rp-1.jpg,True,11,11,rollout-2026-07-31T11-06-09-019fb659-d8c8-7971-aa5f-6125546bafd1.jsonl;rollout-2026-08-04T09-20-33-019fca92-996a-7fb0-beea-942596ee66ef.jsonl;rollout-2026-08-04T10-12-03-019fcac1-c2c1-7fa1-9025-75f407e5c17d.jsonl;rollout-2026-08-04T10-21-58-019fcaca-d45c-71e2-b106-bf99705f2352.jsonl;rollout-2026-08-04T10-34-18-019fcad6-1ecd-7850-99bb-3c6de4e50875.jsonl;rollout-2026-08-04T10-48-23-019fcae3-056d-75d1-92ad-eb777da35982.jsonl;rollout-2026-08-04T11-16-01-019fcafc-52a7-7192-8947-b6108df3e0a0.jsonl;rollout-2026-08-04T12-06-35-019fcb2a-9ce7-77a0-883d-13f05394caa9.jsonl;rollout-2026-08-04T13-25-53-019fcb73-38aa-7dc1-a0e8-ba0bbda0b211.jsonl;rollout-2026-08-04T14-54-53-019fcbc4-b3f2-77f3-b7c1-a06a5366e820.jsonl;rollout-2026-08-04T16-25-55-019fcc18-0915-78d0-ba2c-e6b7a07eb9f1.jsonl,public\img\product\related\rp-1.jpg
public\img\product\related\rp-2.jpg,True,11,11,rollout-2026-07-31T11-06-09-019fb659-d8c8-7971-aa5f-6125546bafd1.jsonl;rollout-2026-08-04T09-20-33-019fca92-996a-7fb0-beea-942596ee66ef.jsonl;rollout-2026-08-04T10-12-03-019fcac1-c2c1-7fa1-9025-75f407e5c17d.jsonl;rollout-2026-08-04T10-21-58-019fcaca-d45c-71e2-b106-bf99705f2352.jsonl;rollout-2026-08-04T10-34-18-019fcad6-1ecd-7850-99bb-3c6de4e50875.jsonl;rollout-2026-08-04T10-48-23-019fcae3-056d-75d1-92ad-eb777da35982.jsonl;rollout-2026-08-04T11-16-01-019fcafc-52a7-7192-8947-b6108df3e0a0.jsonl;rollout-2026-08-04T12-06-35-019fcb2a-9ce7-77a0-883d-13f05394caa9.jsonl;rollout-2026-08-04T13-25-53-019fcb73-38aa-7dc1-a0e8-ba0bbda0b211.jsonl;rollout-2026-08-04T14-54-53-019fcbc4-b3f2-77f3-b7c1-a06a5366e820.jsonl;rollout-2026-08-04T16-25-55-019fcc18-0915-78d0-ba2c-e6b7a07eb9f1.jsonl,public\img\product\related\rp-2.jpg
public\img\product\related\rp-3.jpg,True,11,11,rollout-2026-07-31T11-06-09-019fb659-d8c8-7971-aa5f-6125546bafd1.jsonl;rollout-2026-08-04T09-20-33-019fca92-996a-7fb0-beea-942596ee66ef.jsonl;rollout-2026-08-04T10-12-03-019fcac1-c2c1-7fa1-9025-75f407e5c17d.jsonl;rollout-2026-08-04T10-21-58-019fcaca-d45c-71e2-b106-bf99705f2352.jsonl;rollout-2026-08-04T10-34-18-019fcad6-1ecd-7850-99bb-3c6de4e50875.jsonl;rollout-2026-08-04T10-48-23-019fcae3-056d-75d1-92ad-eb777da35982.jsonl;rollout-2026-08-04T11-16-01-019fcafc-52a7-7192-8947-b6108df3e0a0.jsonl;rollout-2026-08-04T12-06-35-019fcb2a-9ce7-77a0-883d-13f05394caa9.jsonl;rollout-2026-08-04T13-25-53-019fcb73-38aa-7dc1-a0e8-ba0bbda0b211.jsonl;rollout-2026-08-04T14-54-53-019fcbc4-b3f2-77f3-b7c1-a06a5366e820.jsonl;rollout-2026-08-04T16-25-55-019fcc18-0915-78d0-ba2c-e6b7a07eb9f1.jsonl,public\img\product\related\rp-3.jpg
public\img\product\related\rp-4.jpg,True,11,11,rollout-2026-07-31T11-06-09-019fb659-d8c8-7971-aa5f-6125546bafd1.jsonl;rollout-2026-08-04T09-20-33-019fca92-996a-7fb0-beea-942596ee66ef.jsonl;rollout-2026-08-04T10-12-03-019fcac1-c2c1-7fa1-9025-75f407e5c17d.jsonl;rollout-2026-08-04T10-21-58-019fcaca-d45c-71e2-b106-bf99705f2352.jsonl;rollout-2026-08-04T10-34-18-019fcad6-1ecd-7850-99bb-3c6de4e50875.jsonl;rollout-2026-08-04T10-48-23-019fcae3-056d-75d1-92ad-eb777da35982.jsonl;rollout-2026-08-04T11-16-01-019fcafc-52a7-7192-8947-b6108df3e0a0.jsonl;rollout-2026-08-04T12-06-35-019fcb2a-9ce7-77a0-883d-13f05394caa9.jsonl;rollout-2026-08-04T13-25-53-019fcb73-38aa-7dc1-a0e8-ba0bbda0b211.jsonl;rollout-2026-08-04T14-54-53-019fcbc4-b3f2-77f3-b7c1-a06a5366e820.jsonl;rollout-2026-08-04T16-25-55-019fcc18-0915-78d0-ba2c-e6b7a07eb9f1.jsonl,public\img\product\related\rp-4.jpg
public\img\shop-cart\cp-1.jpg,True,11,11,rollout-2026-07-31T11-06-09-019fb659-d8c8-7971-aa5f-6125546bafd1.jsonl;rollout-2026-08-04T09-20-33-019fca92-996a-7fb0-beea-942596ee66ef.jsonl;rollout-2026-08-04T10-12-03-019fcac1-c2c1-7fa1-9025-75f407e5c17d.jsonl;rollout-2026-08-04T10-21-58-019fcaca-d45c-71e2-b106-bf99705f2352.jsonl;rollout-2026-08-04T10-34-18-019fcad6-1ecd-7850-99bb-3c6de4e50875.jsonl;rollout-2026-08-04T10-48-23-019fcae3-056d-75d1-92ad-eb777da35982.jsonl;rollout-2026-08-04T11-16-01-019fcafc-52a7-7192-8947-b6108df3e0a0.jsonl;rollout-2026-08-04T12-06-35-019fcb2a-9ce7-77a0-883d-13f05394caa9.jsonl;rollout-2026-08-04T13-25-53-019fcb73-38aa-7dc1-a0e8-ba0bbda0b211.jsonl;rollout-2026-08-04T14-54-53-019fcbc4-b3f2-77f3-b7c1-a06a5366e820.jsonl;rollout-2026-08-04T16-25-55-019fcc18-0915-78d0-ba2c-e6b7a07eb9f1.jsonl,public\img\shop-cart\cp-1.jpg
public\img\shop-cart\cp-2.jpg,True,11,11,rollout-2026-07-31T11-06-09-019fb659-d8c8-7971-aa5f-6125546bafd1.jsonl;rollout-2026-08-04T09-20-33-019fca92-996a-7fb0-beea-942596ee66ef.jsonl;rollout-2026-08-04T10-12-03-019fcac1-c2c1-7fa1-9025-75f407e5c17d.jsonl;rollout-2026-08-04T10-21-58-019fcaca-d45c-71e2-b106-bf99705f2352.jsonl;rollout-2026-08-04T10-34-18-019fcad6-1ecd-7850-99bb-3c6de4e50875.jsonl;rollout-2026-08-04T10-48-23-019fcae3-056d-75d1-92ad-eb777da35982.jsonl;rollout-2026-08-04T11-16-01-019fcafc-52a7-7192-8947-b6108df3e0a0.jsonl;rollout-2026-08-04T12-06-35-019fcb2a-9ce7-77a0-883d-13f05394caa9.jsonl;rollout-2026-08-04T13-25-53-019fcb73-38aa-7dc1-a0e8-ba0bbda0b211.jsonl;rollout-2026-08-04T14-54-53-019fcbc4-b3f2-77f3-b7c1-a06a5366e820.jsonl;rollout-2026-08-04T16-25-55-019fcc18-0915-78d0-ba2c-e6b7a07eb9f1.jsonl,public\img\shop-cart\cp-2.jpg
public\img\shop-cart\cp-3.jpg,True,11,11,rollout-2026-07-31T11-06-09-019fb659-d8c8-7971-aa5f-6125546bafd1.jsonl;rollout-2026-08-04T09-20-33-019fca92-996a-7fb0-beea-942596ee66ef.jsonl;rollout-2026-08-04T10-12-03-019fcac1-c2c1-7fa1-9025-75f407e5c17d.jsonl;rollout-2026-08-04T10-21-58-019fcaca-d45c-71e2-b106-bf99705f2352.jsonl;rollout-2026-08-04T10-34-18-019fcad6-1ecd-7850-99bb-3c6de4e50875.jsonl;rollout-2026-08-04T10-48-23-019fcae3-056d-75d1-92ad-eb777da35982.jsonl;rollout-2026-08-04T11-16-01-019fcafc-52a7-7192-8947-b6108df3e0a0.jsonl;rollout-2026-08-04T12-06-35-019fcb2a-9ce7-77a0-883d-13f05394caa9.jsonl;rollout-2026-08-04T13-25-53-019fcb73-38aa-7dc1-a0e8-ba0bbda0b211.jsonl;rollout-2026-08-04T14-54-53-019fcbc4-b3f2-77f3-b7c1-a06a5366e820.jsonl;rollout-2026-08-04T16-25-55-019fcc18-0915-78d0-ba2c-e6b7a07eb9f1.jsonl,public\img\shop-cart\cp-3.jpg
public\img\shop-cart\cp-4.jpg,True,11,11,rollout-2026-07-31T11-06-09-019fb659-d8c8-7971-aa5f-6125546bafd1.jsonl;rollout-2026-08-04T09-20-33-019fca92-996a-7fb0-beea-942596ee66ef.jsonl;rollout-2026-08-04T10-12-03-019fcac1-c2c1-7fa1-9025-75f407e5c17d.jsonl;rollout-2026-08-04T10-21-58-019fcaca-d45c-71e2-b106-bf99705f2352.jsonl;rollout-2026-08-04T10-34-18-019fcad6-1ecd-7850-99bb-3c6de4e50875.jsonl;rollout-2026-08-04T10-48-23-019fcae3-056d-75d1-92ad-eb777da35982.jsonl;rollout-2026-08-04T11-16-01-019fcafc-52a7-7192-8947-b6108df3e0a0.jsonl;rollout-2026-08-04T12-06-35-019fcb2a-9ce7-77a0-883d-13f05394caa9.jsonl;rollout-2026-08-04T13-25-53-019fcb73-38aa-7dc1-a0e8-ba0bbda0b211.jsonl;rollout-2026-08-04T14-54-53-019fcbc4-b3f2-77f3-b7c1-a06a5366e820.jsonl;rollout-2026-08-04T16-25-55-019fcc18-0915-78d0-ba2c-e6b7a07eb9f1.jsonl,public\img\shop-cart\cp-4.jpg
public\img\shop\shop-1.jpg,True,11,11,rollout-2026-07-31T11-06-09-019fb659-d8c8-7971-aa5f-6125546bafd1.jsonl;rollout-2026-08-04T09-20-33-019fca92-996a-7fb0-beea-942596ee66ef.jsonl;rollout-2026-08-04T10-12-03-019fcac1-c2c1-7fa1-9025-75f407e5c17d.jsonl;rollout-2026-08-04T10-21-58-019fcaca-d45c-71e2-b106-bf99705f2352.jsonl;rollout-2026-08-04T10-34-18-019fcad6-1ecd-7850-99bb-3c6de4e50875.jsonl;rollout-2026-08-04T10-48-23-019fcae3-056d-75d1-92ad-eb777da35982.jsonl;rollout-2026-08-04T11-16-01-019fcafc-52a7-7192-8947-b6108df3e0a0.jsonl;rollout-2026-08-04T12-06-35-019fcb2a-9ce7-77a0-883d-13f05394caa9.jsonl;rollout-2026-08-04T13-25-53-019fcb73-38aa-7dc1-a0e8-ba0bbda0b211.jsonl;rollout-2026-08-04T14-54-53-019fcbc4-b3f2-77f3-b7c1-a06a5366e820.jsonl;rollout-2026-08-04T16-25-55-019fcc18-0915-78d0-ba2c-e6b7a07eb9f1.jsonl,public\img\shop\shop-1.jpg
public\img\shop\shop-2.jpg,True,11,11,rollout-2026-07-31T11-06-09-019fb659-d8c8-7971-aa5f-6125546bafd1.jsonl;rollout-2026-08-04T09-20-33-019fca92-996a-7fb0-beea-942596ee66ef.jsonl;rollout-2026-08-04T10-12-03-019fcac1-c2c1-7fa1-9025-75f407e5c17d.jsonl;rollout-2026-08-04T10-21-58-019fcaca-d45c-71e2-b106-bf99705f2352.jsonl;rollout-2026-08-04T10-34-18-019fcad6-1ecd-7850-99bb-3c6de4e50875.jsonl;rollout-2026-08-04T10-48-23-019fcae3-056d-75d1-92ad-eb777da35982.jsonl;rollout-2026-08-04T11-16-01-019fcafc-52a7-7192-8947-b6108df3e0a0.jsonl;rollout-2026-08-04T12-06-35-019fcb2a-9ce7-77a0-883d-13f05394caa9.jsonl;rollout-2026-08-04T13-25-53-019fcb73-38aa-7dc1-a0e8-ba0bbda0b211.jsonl;rollout-2026-08-04T14-54-53-019fcbc4-b3f2-77f3-b7c1-a06a5366e820.jsonl;rollout-2026-08-04T16-25-55-019fcc18-0915-78d0-ba2c-e6b7a07eb9f1.jsonl,public\img\shop\shop-2.jpg
public\img\shop\shop-3.jpg,True,11,11,rollout-2026-07-31T11-06-09-019fb659-d8c8-7971-aa5f-6125546bafd1.jsonl;rollout-2026-08-04T09-20-33-019fca92-996a-7fb0-beea-942596ee66ef.jsonl;rollout-2026-08-04T10-12-03-019fcac1-c2c1-7fa1-9025-75f407e5c17d.jsonl;rollout-2026-08-04T10-21-58-019fcaca-d45c-71e2-b106-bf99705f2352.jsonl;rollout-2026-08-04T10-34-18-019fcad6-1ecd-7850-99bb-3c6de4e50875.jsonl;rollout-2026-08-04T10-48-23-019fcae3-056d-75d1-92ad-eb777da35982.jsonl;rollout-2026-08-04T11-16-01-019fcafc-52a7-7192-8947-b6108df3e0a0.jsonl;rollout-2026-08-04T12-06-35-019fcb2a-9ce7-77a0-883d-13f05394caa9.jsonl;rollout-2026-08-04T13-25-53-019fcb73-38aa-7dc1-a0e8-ba0bbda0b211.jsonl;rollout-2026-08-04T14-54-53-019fcbc4-b3f2-77f3-b7c1-a06a5366e820.jsonl;rollout-2026-08-04T16-25-55-019fcc18-0915-78d0-ba2c-e6b7a07eb9f1.jsonl,public\img\shop\shop-3.jpg
public\img\shop\shop-4.jpg,True,11,11,rollout-2026-07-31T11-06-09-019fb659-d8c8-7971-aa5f-6125546bafd1.jsonl;rollout-2026-08-04T09-20-33-019fca92-996a-7fb0-beea-942596ee66ef.jsonl;rollout-2026-08-04T10-12-03-019fcac1-c2c1-7fa1-9025-75f407e5c17d.jsonl;rollout-2026-08-04T10-21-58-019fcaca-d45c-71e2-b106-bf99705f2352.jsonl;rollout-2026-08-04T10-34-18-019fcad6-1ecd-7850-99bb-3c6de4e50875.jsonl;rollout-2026-08-04T10-48-23-019fcae3-056d-75d1-92ad-eb777da35982.jsonl;rollout-2026-08-04T11-16-01-019fcafc-52a7-7192-8947-b6108df3e0a0.jsonl;rollout-2026-08-04T12-06-35-019fcb2a-9ce7-77a0-883d-13f05394caa9.jsonl;rollout-2026-08-04T13-25-53-019fcb73-38aa-7dc1-a0e8-ba0bbda0b211.jsonl;rollout-2026-08-04T14-54-53-019fcbc4-b3f2-77f3-b7c1-a06a5366e820.jsonl;rollout-2026-08-04T16-25-55-019fcc18-0915-78d0-ba2c-e6b7a07eb9f1.jsonl,public\img\shop\shop-4.jpg
public\img\shop\shop-5.jpg,True,11,11,rollout-2026-07-31T11-06-09-019fb659-d8c8-7971-aa5f-6125546bafd1.jsonl;rollout-2026-08-04T09-20-33-019fca92-996a-7fb0-beea-942596ee66ef.jsonl;rollout-2026-08-04T10-12-03-019fcac1-c2c1-7fa1-9025-75f407e5c17d.jsonl;rollout-2026-08-04T10-21-58-019fcaca-d45c-71e2-b106-bf99705f2352.jsonl;rollout-2026-08-04T10-34-18-019fcad6-1ecd-7850-99bb-3c6de4e50875.jsonl;rollout-2026-08-04T10-48-23-019fcae3-056d-75d1-92ad-eb777da35982.jsonl;rollout-2026-08-04T11-16-01-019fcafc-52a7-7192-8947-b6108df3e0a0.jsonl;rollout-2026-08-04T12-06-35-019fcb2a-9ce7-77a0-883d-13f05394caa9.jsonl;rollout-2026-08-04T13-25-53-019fcb73-38aa-7dc1-a0e8-ba0bbda0b211.jsonl;rollout-2026-08-04T14-54-53-019fcbc4-b3f2-77f3-b7c1-a06a5366e820.jsonl;rollout-2026-08-04T16-25-55-019fcc18-0915-78d0-ba2c-e6b7a07eb9f1.jsonl,public\img\shop\shop-5.jpg
public\img\shop\shop-6.jpg,True,11,11,rollout-2026-07-31T11-06-09-019fb659-d8c8-7971-aa5f-6125546bafd1.jsonl;rollout-2026-08-04T09-20-33-019fca92-996a-7fb0-beea-942596ee66ef.jsonl;rollout-2026-08-04T10-12-03-019fcac1-c2c1-7fa1-9025-75f407e5c17d.jsonl;rollout-2026-08-04T10-21-58-019fcaca-d45c-71e2-b106-bf99705f2352.jsonl;rollout-2026-08-04T10-34-18-019fcad6-1ecd-7850-99bb-3c6de4e50875.jsonl;rollout-2026-08-04T10-48-23-019fcae3-056d-75d1-92ad-eb777da35982.jsonl;rollout-2026-08-04T11-16-01-019fcafc-52a7-7192-8947-b6108df3e0a0.jsonl;rollout-2026-08-04T12-06-35-019fcb2a-9ce7-77a0-883d-13f05394caa9.jsonl;rollout-2026-08-04T13-25-53-019fcb73-38aa-7dc1-a0e8-ba0bbda0b211.jsonl;rollout-2026-08-04T14-54-53-019fcbc4-b3f2-77f3-b7c1-a06a5366e820.jsonl;rollout-2026-08-04T16-25-55-019fcc18-0915-78d0-ba2c-e6b7a07eb9f1.jsonl,public\img\shop\shop-6.jpg
public\img\shop\shop-7.jpg,True,11,11,rollout-2026-07-31T11-06-09-019fb659-d8c8-7971-aa5f-6125546bafd1.jsonl;rollout-2026-08-04T09-20-33-019fca92-996a-7fb0-beea-942596ee66ef.jsonl;rollout-2026-08-04T10-12-03-019fcac1-c2c1-7fa1-9025-75f407e5c17d.jsonl;rollout-2026-08-04T10-21-58-019fcaca-d45c-71e2-b106-bf99705f2352.jsonl;rollout-2026-08-04T10-34-18-019fcad6-1ecd-7850-99bb-3c6de4e50875.jsonl;rollout-2026-08-04T10-48-23-019fcae3-056d-75d1-92ad-eb777da35982.jsonl;rollout-2026-08-04T11-16-01-019fcafc-52a7-7192-8947-b6108df3e0a0.jsonl;rollout-2026-08-04T12-06-35-019fcb2a-9ce7-77a0-883d-13f05394caa9.jsonl;rollout-2026-08-04T13-25-53-019fcb73-38aa-7dc1-a0e8-ba0bbda0b211.jsonl;rollout-2026-08-04T14-54-53-019fcbc4-b3f2-77f3-b7c1-a06a5366e820.jsonl;rollout-2026-08-04T16-25-55-019fcc18-0915-78d0-ba2c-e6b7a07eb9f1.jsonl,public\img\shop\shop-7.jpg
public\img\shop\shop-8.jpg,True,11,11,rollout-2026-07-31T11-06-09-019fb659-d8c8-7971-aa5f-6125546bafd1.jsonl;rollout-2026-08-04T09-20-33-019fca92-996a-7fb0-beea-942596ee66ef.jsonl;rollout-2026-08-04T10-12-03-019fcac1-c2c1-7fa1-9025-75f407e5c17d.jsonl;rollout-2026-08-04T10-21-58-019fcaca-d45c-71e2-b106-bf99705f2352.jsonl;rollout-2026-08-04T10-34-18-019fcad6-1ecd-7850-99bb-3c6de4e50875.jsonl;rollout-2026-08-04T10-48-23-019fcae3-056d-75d1-92ad-eb777da35982.jsonl;rollout-2026-08-04T11-16-01-019fcafc-52a7-7192-8947-b6108df3e0a0.jsonl;rollout-2026-08-04T12-06-35-019fcb2a-9ce7-77a0-883d-13f05394caa9.jsonl;rollout-2026-08-04T13-25-53-019fcb73-38aa-7dc1-a0e8-ba0bbda0b211.jsonl;rollout-2026-08-04T14-54-53-019fcbc4-b3f2-77f3-b7c1-a06a5366e820.jsonl;rollout-2026-08-04T16-25-55-019fcc18-0915-78d0-ba2c-e6b7a07eb9f1.jsonl,public\img\shop\shop-8.jpg
public\img\shop\shop-9.jpg,True,11,11,rollout-2026-07-31T11-06-09-019fb659-d8c8-7971-aa5f-6125546bafd1.jsonl;rollout-2026-08-04T09-20-33-019fca92-996a-7fb0-beea-942596ee66ef.jsonl;rollout-2026-08-04T10-12-03-019fcac1-c2c1-7fa1-9025-75f407e5c17d.jsonl;rollout-2026-08-04T10-21-58-019fcaca-d45c-71e2-b106-bf99705f2352.jsonl;rollout-2026-08-04T10-34-18-019fcad6-1ecd-7850-99bb-3c6de4e50875.jsonl;rollout-2026-08-04T10-48-23-019fcae3-056d-75d1-92ad-eb777da35982.jsonl;rollout-2026-08-04T11-16-01-019fcafc-52a7-7192-8947-b6108df3e0a0.jsonl;rollout-2026-08-04T12-06-35-019fcb2a-9ce7-77a0-883d-13f05394caa9.jsonl;rollout-2026-08-04T13-25-53-019fcb73-38aa-7dc1-a0e8-ba0bbda0b211.jsonl;rollout-2026-08-04T14-54-53-019fcbc4-b3f2-77f3-b7c1-a06a5366e820.jsonl;rollout-2026-08-04T16-25-55-019fcc18-0915-78d0-ba2c-e6b7a07eb9f1.jsonl,public\img\shop\shop-9.jpg
public\img\sp-new.png,True,11,11,rollout-2026-07-31T11-06-09-019fb659-d8c8-7971-aa5f-6125546bafd1.jsonl;rollout-2026-08-04T09-20-33-019fca92-996a-7fb0-beea-942596ee66ef.jsonl;rollout-2026-08-04T10-12-03-019fcac1-c2c1-7fa1-9025-75f407e5c17d.jsonl;rollout-2026-08-04T10-21-58-019fcaca-d45c-71e2-b106-bf99705f2352.jsonl;rollout-2026-08-04T10-34-18-019fcad6-1ecd-7850-99bb-3c6de4e50875.jsonl;rollout-2026-08-04T10-48-23-019fcae3-056d-75d1-92ad-eb777da35982.jsonl;rollout-2026-08-04T11-16-01-019fcafc-52a7-7192-8947-b6108df3e0a0.jsonl;rollout-2026-08-04T12-06-35-019fcb2a-9ce7-77a0-883d-13f05394caa9.jsonl;rollout-2026-08-04T13-25-53-019fcb73-38aa-7dc1-a0e8-ba0bbda0b211.jsonl;rollout-2026-08-04T14-54-53-019fcbc4-b3f2-77f3-b7c1-a06a5366e820.jsonl;rollout-2026-08-04T16-25-55-019fcc18-0915-78d0-ba2c-e6b7a07eb9f1.jsonl,public\img\sp-new.png
public\img\thieu-nhi.png,True,11,11,rollout-2026-07-31T11-06-09-019fb659-d8c8-7971-aa5f-6125546bafd1.jsonl;rollout-2026-08-04T09-20-33-019fca92-996a-7fb0-beea-942596ee66ef.jsonl;rollout-2026-08-04T10-12-03-019fcac1-c2c1-7fa1-9025-75f407e5c17d.jsonl;rollout-2026-08-04T10-21-58-019fcaca-d45c-71e2-b106-bf99705f2352.jsonl;rollout-2026-08-04T10-34-18-019fcad6-1ecd-7850-99bb-3c6de4e50875.jsonl;rollout-2026-08-04T10-48-23-019fcae3-056d-75d1-92ad-eb777da35982.jsonl;rollout-2026-08-04T11-16-01-019fcafc-52a7-7192-8947-b6108df3e0a0.jsonl;rollout-2026-08-04T12-06-35-019fcb2a-9ce7-77a0-883d-13f05394caa9.jsonl;rollout-2026-08-04T13-25-53-019fcb73-38aa-7dc1-a0e8-ba0bbda0b211.jsonl;rollout-2026-08-04T14-54-53-019fcbc4-b3f2-77f3-b7c1-a06a5366e820.jsonl;rollout-2026-08-04T16-25-55-019fcc18-0915-78d0-ba2c-e6b7a07eb9f1.jsonl,public\img\thieu-nhi.png
public\img\trend\bs-1.jpg,True,11,11,rollout-2026-07-31T11-06-09-019fb659-d8c8-7971-aa5f-6125546bafd1.jsonl;rollout-2026-08-04T09-20-33-019fca92-996a-7fb0-beea-942596ee66ef.jsonl;rollout-2026-08-04T10-12-03-019fcac1-c2c1-7fa1-9025-75f407e5c17d.jsonl;rollout-2026-08-04T10-21-58-019fcaca-d45c-71e2-b106-bf99705f2352.jsonl;rollout-2026-08-04T10-34-18-019fcad6-1ecd-7850-99bb-3c6de4e50875.jsonl;rollout-2026-08-04T10-48-23-019fcae3-056d-75d1-92ad-eb777da35982.jsonl;rollout-2026-08-04T11-16-01-019fcafc-52a7-7192-8947-b6108df3e0a0.jsonl;rollout-2026-08-04T12-06-35-019fcb2a-9ce7-77a0-883d-13f05394caa9.jsonl;rollout-2026-08-04T13-25-53-019fcb73-38aa-7dc1-a0e8-ba0bbda0b211.jsonl;rollout-2026-08-04T14-54-53-019fcbc4-b3f2-77f3-b7c1-a06a5366e820.jsonl;rollout-2026-08-04T16-25-55-019fcc18-0915-78d0-ba2c-e6b7a07eb9f1.jsonl,public\img\trend\bs-1.jpg
public\img\trend\bs-2.jpg,True,11,11,rollout-2026-07-31T11-06-09-019fb659-d8c8-7971-aa5f-6125546bafd1.jsonl;rollout-2026-08-04T09-20-33-019fca92-996a-7fb0-beea-942596ee66ef.jsonl;rollout-2026-08-04T10-12-03-019fcac1-c2c1-7fa1-9025-75f407e5c17d.jsonl;rollout-2026-08-04T10-21-58-019fcaca-d45c-71e2-b106-bf99705f2352.jsonl;rollout-2026-08-04T10-34-18-019fcad6-1ecd-7850-99bb-3c6de4e50875.jsonl;rollout-2026-08-04T10-48-23-019fcae3-056d-75d1-92ad-eb777da35982.jsonl;rollout-2026-08-04T11-16-01-019fcafc-52a7-7192-8947-b6108df3e0a0.jsonl;rollout-2026-08-04T12-06-35-019fcb2a-9ce7-77a0-883d-13f05394caa9.jsonl;rollout-2026-08-04T13-25-53-019fcb73-38aa-7dc1-a0e8-ba0bbda0b211.jsonl;rollout-2026-08-04T14-54-53-019fcbc4-b3f2-77f3-b7c1-a06a5366e820.jsonl;rollout-2026-08-04T16-25-55-019fcc18-0915-78d0-ba2c-e6b7a07eb9f1.jsonl,public\img\trend\bs-2.jpg
public\img\trend\bs-3.jpg,True,11,11,rollout-2026-07-31T11-06-09-019fb659-d8c8-7971-aa5f-6125546bafd1.jsonl;rollout-2026-08-04T09-20-33-019fca92-996a-7fb0-beea-942596ee66ef.jsonl;rollout-2026-08-04T10-12-03-019fcac1-c2c1-7fa1-9025-75f407e5c17d.jsonl;rollout-2026-08-04T10-21-58-019fcaca-d45c-71e2-b106-bf99705f2352.jsonl;rollout-2026-08-04T10-34-18-019fcad6-1ecd-7850-99bb-3c6de4e50875.jsonl;rollout-2026-08-04T10-48-23-019fcae3-056d-75d1-92ad-eb777da35982.jsonl;rollout-2026-08-04T11-16-01-019fcafc-52a7-7192-8947-b6108df3e0a0.jsonl;rollout-2026-08-04T12-06-35-019fcb2a-9ce7-77a0-883d-13f05394caa9.jsonl;rollout-2026-08-04T13-25-53-019fcb73-38aa-7dc1-a0e8-ba0bbda0b211.jsonl;rollout-2026-08-04T14-54-53-019fcbc4-b3f2-77f3-b7c1-a06a5366e820.jsonl;rollout-2026-08-04T16-25-55-019fcc18-0915-78d0-ba2c-e6b7a07eb9f1.jsonl,public\img\trend\bs-3.jpg
public\img\trend\f-1.jpg,True,11,11,rollout-2026-07-31T11-06-09-019fb659-d8c8-7971-aa5f-6125546bafd1.jsonl;rollout-2026-08-04T09-20-33-019fca92-996a-7fb0-beea-942596ee66ef.jsonl;rollout-2026-08-04T10-12-03-019fcac1-c2c1-7fa1-9025-75f407e5c17d.jsonl;rollout-2026-08-04T10-21-58-019fcaca-d45c-71e2-b106-bf99705f2352.jsonl;rollout-2026-08-04T10-34-18-019fcad6-1ecd-7850-99bb-3c6de4e50875.jsonl;rollout-2026-08-04T10-48-23-019fcae3-056d-75d1-92ad-eb777da35982.jsonl;rollout-2026-08-04T11-16-01-019fcafc-52a7-7192-8947-b6108df3e0a0.jsonl;rollout-2026-08-04T12-06-35-019fcb2a-9ce7-77a0-883d-13f05394caa9.jsonl;rollout-2026-08-04T13-25-53-019fcb73-38aa-7dc1-a0e8-ba0bbda0b211.jsonl;rollout-2026-08-04T14-54-53-019fcbc4-b3f2-77f3-b7c1-a06a5366e820.jsonl;rollout-2026-08-04T16-25-55-019fcc18-0915-78d0-ba2c-e6b7a07eb9f1.jsonl,public\img\trend\f-1.jpg
public\img\trend\f-2.jpg,True,11,11,rollout-2026-07-31T11-06-09-019fb659-d8c8-7971-aa5f-6125546bafd1.jsonl;rollout-2026-08-04T09-20-33-019fca92-996a-7fb0-beea-942596ee66ef.jsonl;rollout-2026-08-04T10-12-03-019fcac1-c2c1-7fa1-9025-75f407e5c17d.jsonl;rollout-2026-08-04T10-21-58-019fcaca-d45c-71e2-b106-bf99705f2352.jsonl;rollout-2026-08-04T10-34-18-019fcad6-1ecd-7850-99bb-3c6de4e50875.jsonl;rollout-2026-08-04T10-48-23-019fcae3-056d-75d1-92ad-eb777da35982.jsonl;rollout-2026-08-04T11-16-01-019fcafc-52a7-7192-8947-b6108df3e0a0.jsonl;rollout-2026-08-04T12-06-35-019fcb2a-9ce7-77a0-883d-13f05394caa9.jsonl;rollout-2026-08-04T13-25-53-019fcb73-38aa-7dc1-a0e8-ba0bbda0b211.jsonl;rollout-2026-08-04T14-54-53-019fcbc4-b3f2-77f3-b7c1-a06a5366e820.jsonl;rollout-2026-08-04T16-25-55-019fcc18-0915-78d0-ba2c-e6b7a07eb9f1.jsonl,public\img\trend\f-2.jpg
public\img\trend\f-3.jpg,True,11,11,rollout-2026-07-31T11-06-09-019fb659-d8c8-7971-aa5f-6125546bafd1.jsonl;rollout-2026-08-04T09-20-33-019fca92-996a-7fb0-beea-942596ee66ef.jsonl;rollout-2026-08-04T10-12-03-019fcac1-c2c1-7fa1-9025-75f407e5c17d.jsonl;rollout-2026-08-04T10-21-58-019fcaca-d45c-71e2-b106-bf99705f2352.jsonl;rollout-2026-08-04T10-34-18-019fcad6-1ecd-7850-99bb-3c6de4e50875.jsonl;rollout-2026-08-04T10-48-23-019fcae3-056d-75d1-92ad-eb777da35982.jsonl;rollout-2026-08-04T11-16-01-019fcafc-52a7-7192-8947-b6108df3e0a0.jsonl;rollout-2026-08-04T12-06-35-019fcb2a-9ce7-77a0-883d-13f05394caa9.jsonl;rollout-2026-08-04T13-25-53-019fcb73-38aa-7dc1-a0e8-ba0bbda0b211.jsonl;rollout-2026-08-04T14-54-53-019fcbc4-b3f2-77f3-b7c1-a06a5366e820.jsonl;rollout-2026-08-04T16-25-55-019fcc18-0915-78d0-ba2c-e6b7a07eb9f1.jsonl,public\img\trend\f-3.jpg
public\img\trend\ht-1.jpg,True,11,11,rollout-2026-07-31T11-06-09-019fb659-d8c8-7971-aa5f-6125546bafd1.jsonl;rollout-2026-08-04T09-20-33-019fca92-996a-7fb0-beea-942596ee66ef.jsonl;rollout-2026-08-04T10-12-03-019fcac1-c2c1-7fa1-9025-75f407e5c17d.jsonl;rollout-2026-08-04T10-21-58-019fcaca-d45c-71e2-b106-bf99705f2352.jsonl;rollout-2026-08-04T10-34-18-019fcad6-1ecd-7850-99bb-3c6de4e50875.jsonl;rollout-2026-08-04T10-48-23-019fcae3-056d-75d1-92ad-eb777da35982.jsonl;rollout-2026-08-04T11-16-01-019fcafc-52a7-7192-8947-b6108df3e0a0.jsonl;rollout-2026-08-04T12-06-35-019fcb2a-9ce7-77a0-883d-13f05394caa9.jsonl;rollout-2026-08-04T13-25-53-019fcb73-38aa-7dc1-a0e8-ba0bbda0b211.jsonl;rollout-2026-08-04T14-54-53-019fcbc4-b3f2-77f3-b7c1-a06a5366e820.jsonl;rollout-2026-08-04T16-25-55-019fcc18-0915-78d0-ba2c-e6b7a07eb9f1.jsonl,public\img\trend\ht-1.jpg
public\img\trend\ht-2.jpg,True,11,11,rollout-2026-07-31T11-06-09-019fb659-d8c8-7971-aa5f-6125546bafd1.jsonl;rollout-2026-08-04T09-20-33-019fca92-996a-7fb0-beea-942596ee66ef.jsonl;rollout-2026-08-04T10-12-03-019fcac1-c2c1-7fa1-9025-75f407e5c17d.jsonl;rollout-2026-08-04T10-21-58-019fcaca-d45c-71e2-b106-bf99705f2352.jsonl;rollout-2026-08-04T10-34-18-019fcad6-1ecd-7850-99bb-3c6de4e50875.jsonl;rollout-2026-08-04T10-48-23-019fcae3-056d-75d1-92ad-eb777da35982.jsonl;rollout-2026-08-04T11-16-01-019fcafc-52a7-7192-8947-b6108df3e0a0.jsonl;rollout-2026-08-04T12-06-35-019fcb2a-9ce7-77a0-883d-13f05394caa9.jsonl;rollout-2026-08-04T13-25-53-019fcb73-38aa-7dc1-a0e8-ba0bbda0b211.jsonl;rollout-2026-08-04T14-54-53-019fcbc4-b3f2-77f3-b7c1-a06a5366e820.jsonl;rollout-2026-08-04T16-25-55-019fcc18-0915-78d0-ba2c-e6b7a07eb9f1.jsonl,public\img\trend\ht-2.jpg
public\img\trend\ht-3.jpg,True,11,11,rollout-2026-07-31T11-06-09-019fb659-d8c8-7971-aa5f-6125546bafd1.jsonl;rollout-2026-08-04T09-20-33-019fca92-996a-7fb0-beea-942596ee66ef.jsonl;rollout-2026-08-04T10-12-03-019fcac1-c2c1-7fa1-9025-75f407e5c17d.jsonl;rollout-2026-08-04T10-21-58-019fcaca-d45c-71e2-b106-bf99705f2352.jsonl;rollout-2026-08-04T10-34-18-019fcad6-1ecd-7850-99bb-3c6de4e50875.jsonl;rollout-2026-08-04T10-48-23-019fcae3-056d-75d1-92ad-eb777da35982.jsonl;rollout-2026-08-04T11-16-01-019fcafc-52a7-7192-8947-b6108df3e0a0.jsonl;rollout-2026-08-04T12-06-35-019fcb2a-9ce7-77a0-883d-13f05394caa9.jsonl;rollout-2026-08-04T13-25-53-019fcb73-38aa-7dc1-a0e8-ba0bbda0b211.jsonl;rollout-2026-08-04T14-54-53-019fcbc4-b3f2-77f3-b7c1-a06a5366e820.jsonl;rollout-2026-08-04T16-25-55-019fcc18-0915-78d0-ba2c-e6b7a07eb9f1.jsonl,public\img\trend\ht-3.jpg
public\index.php,True,16,38,rollout-2026-07-31T11-06-09-019fb659-d8c8-7971-aa5f-6125546bafd1.jsonl;rollout-2026-08-03T11-06-38-019fc5cd-5f39-7863-a5b2-93a372b3a4ab.jsonl;rollout-2026-08-04T08-03-01-019fca4b-9f33-7ca2-beed-c0a735c6d12c.jsonl;rollout-2026-08-04T08-35-38-019fca69-7aad-7c81-a41b-21d9b9b7a3a6.jsonl;rollout-2026-08-04T09-20-33-019fca92-996a-7fb0-beea-942596ee66ef.jsonl;rollout-2026-08-04T10-12-03-019fcac1-c2c1-7fa1-9025-75f407e5c17d.jsonl;rollout-2026-08-04T10-21-58-019fcaca-d45c-71e2-b106-bf99705f2352.jsonl;rollout-2026-08-04T10-34-18-019fcad6-1ecd-7850-99bb-3c6de4e50875.jsonl;rollout-2026-08-04T10-48-23-019fcae3-056d-75d1-92ad-eb777da35982.jsonl;rollout-2026-08-04T11-16-01-019fcafc-52a7-7192-8947-b6108df3e0a0.jsonl;rollout-2026-08-04T12-06-35-019fcb2a-9ce7-77a0-883d-13f05394caa9.jsonl;rollout-2026-08-04T13-25-53-019fcb73-38aa-7dc1-a0e8-ba0bbda0b211.jsonl;rollout-2026-08-04T13-46-54-019fcb86-7621-7113-8c34-e9e4bbbbcec9.jsonl;rollout-2026-08-04T14-54-53-019fcbc4-b3f2-77f3-b7c1-a06a5366e820.jsonl;rollout-2026-08-04T16-25-55-019fcc18-0915-78d0-ba2c-e6b7a07eb9f1.jsonl;rollout-2026-08-04T20-47-31-019fcd07-8c5b-7af3-b9ec-87cb36d7a952.jsonl,public\index.php
public\js\bootstrap.min.js,True,12,12,rollout-2026-07-31T11-06-09-019fb659-d8c8-7971-aa5f-6125546bafd1.jsonl;rollout-2026-08-02T17-29-48-019fc205-cd55-7a50-950b-2f6a196b5dee.jsonl;rollout-2026-08-04T09-20-33-019fca92-996a-7fb0-beea-942596ee66ef.jsonl;rollout-2026-08-04T10-12-03-019fcac1-c2c1-7fa1-9025-75f407e5c17d.jsonl;rollout-2026-08-04T10-21-58-019fcaca-d45c-71e2-b106-bf99705f2352.jsonl;rollout-2026-08-04T10-34-18-019fcad6-1ecd-7850-99bb-3c6de4e50875.jsonl;rollout-2026-08-04T10-48-23-019fcae3-056d-75d1-92ad-eb777da35982.jsonl;rollout-2026-08-04T11-16-01-019fcafc-52a7-7192-8947-b6108df3e0a0.jsonl;rollout-2026-08-04T12-06-35-019fcb2a-9ce7-77a0-883d-13f05394caa9.jsonl;rollout-2026-08-04T13-25-53-019fcb73-38aa-7dc1-a0e8-ba0bbda0b211.jsonl;rollout-2026-08-04T14-54-53-019fcbc4-b3f2-77f3-b7c1-a06a5366e820.jsonl;rollout-2026-08-04T16-25-55-019fcc18-0915-78d0-ba2c-e6b7a07eb9f1.jsonl,public\js\bootstrap.min.js
public\js\dm.js,False,1,1,rollout-2026-08-04T20-47-31-019fcd07-8c5b-7af3-b9ec-87cb36d7a952.jsonl,"¯                                            ¼+‚þ%history.entries[{""editor"":{""resource"":""file:///d%3A/luanvancuoiky/public/upload/logo/logo-kinh.png"",""options"":{""override"":""imagePreview.previewEditor""}}},{""editor"":{""resource"":""file:///d%3A/luanvancuoiky/reso"
public\js\jquery-3.3.1.min.js,True,12,14,rollout-2026-07-31T11-06-09-019fb659-d8c8-7971-aa5f-6125546bafd1.jsonl;rollout-2026-08-02T17-29-48-019fc205-cd55-7a50-950b-2f6a196b5dee.jsonl;rollout-2026-08-04T09-20-33-019fca92-996a-7fb0-beea-942596ee66ef.jsonl;rollout-2026-08-04T10-12-03-019fcac1-c2c1-7fa1-9025-75f407e5c17d.jsonl;rollout-2026-08-04T10-21-58-019fcaca-d45c-71e2-b106-bf99705f2352.jsonl;rollout-2026-08-04T10-34-18-019fcad6-1ecd-7850-99bb-3c6de4e50875.jsonl;rollout-2026-08-04T10-48-23-019fcae3-056d-75d1-92ad-eb777da35982.jsonl;rollout-2026-08-04T11-16-01-019fcafc-52a7-7192-8947-b6108df3e0a0.jsonl;rollout-2026-08-04T12-06-35-019fcb2a-9ce7-77a0-883d-13f05394caa9.jsonl;rollout-2026-08-04T13-25-53-019fcb73-38aa-7dc1-a0e8-ba0bbda0b211.jsonl;rollout-2026-08-04T14-54-53-019fcbc4-b3f2-77f3-b7c1-a06a5366e820.jsonl;rollout-2026-08-04T16-25-55-019fcc18-0915-78d0-ba2c-e6b7a07eb9f1.jsonl,public\js\jquery-3.3.1.min.js
public\js\jquery-ui.min.js,True,13,14,rollout-2026-07-31T11-06-09-019fb659-d8c8-7971-aa5f-6125546bafd1.jsonl;rollout-2026-08-02T17-29-48-019fc205-cd55-7a50-950b-2f6a196b5dee.jsonl;rollout-2026-08-04T09-20-33-019fca92-996a-7fb0-beea-942596ee66ef.jsonl;rollout-2026-08-04T10-12-03-019fcac1-c2c1-7fa1-9025-75f407e5c17d.jsonl;rollout-2026-08-04T10-21-58-019fcaca-d45c-71e2-b106-bf99705f2352.jsonl;rollout-2026-08-04T10-34-18-019fcad6-1ecd-7850-99bb-3c6de4e50875.jsonl;rollout-2026-08-04T10-48-23-019fcae3-056d-75d1-92ad-eb777da35982.jsonl;rollout-2026-08-04T11-16-01-019fcafc-52a7-7192-8947-b6108df3e0a0.jsonl;rollout-2026-08-04T12-04-05-019fcb28-5502-7851-a2a2-04d6af5ebca0.jsonl;rollout-2026-08-04T12-06-35-019fcb2a-9ce7-77a0-883d-13f05394caa9.jsonl;rollout-2026-08-04T13-25-53-019fcb73-38aa-7dc1-a0e8-ba0bbda0b211.jsonl;rollout-2026-08-04T14-54-53-019fcbc4-b3f2-77f3-b7c1-a06a5366e820.jsonl;rollout-2026-08-04T16-25-55-019fcc18-0915-78d0-ba2c-e6b7a07eb9f1.jsonl,public\js\jquery-ui.min.js
public\js\jquery.countdown.min.js,True,12,12,rollout-2026-07-31T11-06-09-019fb659-d8c8-7971-aa5f-6125546bafd1.jsonl;rollout-2026-08-02T17-29-48-019fc205-cd55-7a50-950b-2f6a196b5dee.jsonl;rollout-2026-08-04T09-20-33-019fca92-996a-7fb0-beea-942596ee66ef.jsonl;rollout-2026-08-04T10-12-03-019fcac1-c2c1-7fa1-9025-75f407e5c17d.jsonl;rollout-2026-08-04T10-21-58-019fcaca-d45c-71e2-b106-bf99705f2352.jsonl;rollout-2026-08-04T10-34-18-019fcad6-1ecd-7850-99bb-3c6de4e50875.jsonl;rollout-2026-08-04T10-48-23-019fcae3-056d-75d1-92ad-eb777da35982.jsonl;rollout-2026-08-04T11-16-01-019fcafc-52a7-7192-8947-b6108df3e0a0.jsonl;rollout-2026-08-04T12-06-35-019fcb2a-9ce7-77a0-883d-13f05394caa9.jsonl;rollout-2026-08-04T13-25-53-019fcb73-38aa-7dc1-a0e8-ba0bbda0b211.jsonl;rollout-2026-08-04T14-54-53-019fcbc4-b3f2-77f3-b7c1-a06a5366e820.jsonl;rollout-2026-08-04T16-25-55-019fcc18-0915-78d0-ba2c-e6b7a07eb9f1.jsonl,public\js\jquery.countdown.min.js
public\js\jquery.magnific-popup.min.js,True,13,13,rollout-2026-07-31T11-06-09-019fb659-d8c8-7971-aa5f-6125546bafd1.jsonl;rollout-2026-08-02T17-29-48-019fc205-cd55-7a50-950b-2f6a196b5dee.jsonl;rollout-2026-08-04T09-20-33-019fca92-996a-7fb0-beea-942596ee66ef.jsonl;rollout-2026-08-04T10-12-03-019fcac1-c2c1-7fa1-9025-75f407e5c17d.jsonl;rollout-2026-08-04T10-21-58-019fcaca-d45c-71e2-b106-bf99705f2352.jsonl;rollout-2026-08-04T10-34-18-019fcad6-1ecd-7850-99bb-3c6de4e50875.jsonl;rollout-2026-08-04T10-48-23-019fcae3-056d-75d1-92ad-eb777da35982.jsonl;rollout-2026-08-04T11-16-01-019fcafc-52a7-7192-8947-b6108df3e0a0.jsonl;rollout-2026-08-04T12-06-35-019fcb2a-9ce7-77a0-883d-13f05394caa9.jsonl;rollout-2026-08-04T13-25-53-019fcb73-38aa-7dc1-a0e8-ba0bbda0b211.jsonl;rollout-2026-08-04T14-54-53-019fcbc4-b3f2-77f3-b7c1-a06a5366e820.jsonl;rollout-2026-08-04T16-25-55-019fcc18-0915-78d0-ba2c-e6b7a07eb9f1.jsonl;rollout-2026-08-04T20-47-31-019fcd07-8c5b-7af3-b9ec-87cb36d7a952.jsonl,public\js\jquery.magnific-popup.min.js
public\js\jquery.nicescroll.min.js,True,13,13,rollout-2026-07-31T11-06-09-019fb659-d8c8-7971-aa5f-6125546bafd1.jsonl;rollout-2026-08-02T17-29-48-019fc205-cd55-7a50-950b-2f6a196b5dee.jsonl;rollout-2026-08-04T09-20-33-019fca92-996a-7fb0-beea-942596ee66ef.jsonl;rollout-2026-08-04T10-12-03-019fcac1-c2c1-7fa1-9025-75f407e5c17d.jsonl;rollout-2026-08-04T10-21-58-019fcaca-d45c-71e2-b106-bf99705f2352.jsonl;rollout-2026-08-04T10-34-18-019fcad6-1ecd-7850-99bb-3c6de4e50875.jsonl;rollout-2026-08-04T10-48-23-019fcae3-056d-75d1-92ad-eb777da35982.jsonl;rollout-2026-08-04T11-16-01-019fcafc-52a7-7192-8947-b6108df3e0a0.jsonl;rollout-2026-08-04T12-06-35-019fcb2a-9ce7-77a0-883d-13f05394caa9.jsonl;rollout-2026-08-04T13-25-53-019fcb73-38aa-7dc1-a0e8-ba0bbda0b211.jsonl;rollout-2026-08-04T14-54-53-019fcbc4-b3f2-77f3-b7c1-a06a5366e820.jsonl;rollout-2026-08-04T16-25-55-019fcc18-0915-78d0-ba2c-e6b7a07eb9f1.jsonl;rollout-2026-08-04T20-47-31-019fcd07-8c5b-7af3-b9ec-87cb36d7a952.jsonl,public\js\jquery.nicescroll.min.js
public\js\jquery.slicknav.js,True,12,12,rollout-2026-07-31T11-06-09-019fb659-d8c8-7971-aa5f-6125546bafd1.jsonl;rollout-2026-08-02T17-29-48-019fc205-cd55-7a50-950b-2f6a196b5dee.jsonl;rollout-2026-08-04T09-20-33-019fca92-996a-7fb0-beea-942596ee66ef.jsonl;rollout-2026-08-04T10-12-03-019fcac1-c2c1-7fa1-9025-75f407e5c17d.jsonl;rollout-2026-08-04T10-21-58-019fcaca-d45c-71e2-b106-bf99705f2352.jsonl;rollout-2026-08-04T10-34-18-019fcad6-1ecd-7850-99bb-3c6de4e50875.jsonl;rollout-2026-08-04T10-48-23-019fcae3-056d-75d1-92ad-eb777da35982.jsonl;rollout-2026-08-04T11-16-01-019fcafc-52a7-7192-8947-b6108df3e0a0.jsonl;rollout-2026-08-04T12-06-35-019fcb2a-9ce7-77a0-883d-13f05394caa9.jsonl;rollout-2026-08-04T13-25-53-019fcb73-38aa-7dc1-a0e8-ba0bbda0b211.jsonl;rollout-2026-08-04T14-54-53-019fcbc4-b3f2-77f3-b7c1-a06a5366e820.jsonl;rollout-2026-08-04T16-25-55-019fcc18-0915-78d0-ba2c-e6b7a07eb9f1.jsonl,public\js\jquery.slicknav.js
public\js\main.js,True,21,159,rollout-2026-07-31T11-06-09-019fb659-d8c8-7971-aa5f-6125546bafd1.jsonl;rollout-2026-08-02T17-29-48-019fc205-cd55-7a50-950b-2f6a196b5dee.jsonl;rollout-2026-08-04T08-35-38-019fca69-7aad-7c81-a41b-21d9b9b7a3a6.jsonl;rollout-2026-08-04T09-20-33-019fca92-996a-7fb0-beea-942596ee66ef.jsonl;rollout-2026-08-04T10-12-03-019fcac1-c2c1-7fa1-9025-75f407e5c17d.jsonl;rollout-2026-08-04T10-15-17-019fcac4-b895-7d41-8678-b7e083a63a7c.jsonl;rollout-2026-08-04T10-19-37-019fcac8-aef6-7891-b93f-98ea184a621a.jsonl;rollout-2026-08-04T10-21-58-019fcaca-d45c-71e2-b106-bf99705f2352.jsonl;rollout-2026-08-04T10-34-18-019fcad6-1ecd-7850-99bb-3c6de4e50875.jsonl;rollout-2026-08-04T10-48-23-019fcae3-056d-75d1-92ad-eb777da35982.jsonl;rollout-2026-08-04T11-16-01-019fcafc-52a7-7192-8947-b6108df3e0a0.jsonl;rollout-2026-08-04T11-30-54-019fcb09-f095-73f0-a684-f990ae1268d9.jsonl;rollout-2026-08-04T12-04-05-019fcb28-5502-7851-a2a2-04d6af5ebca0.jsonl;rollout-2026-08-04T12-06-35-019fcb2a-9ce7-77a0-883d-13f05394caa9.jsonl;rollout-2026-08-04T13-25-53-019fcb73-38aa-7dc1-a0e8-ba0bbda0b211.jsonl;rollout-2026-08-04T13-46-54-019fcb86-7621-7113-8c34-e9e4bbbbcec9.jsonl;rollout-2026-08-04T14-54-53-019fcbc4-b3f2-77f3-b7c1-a06a5366e820.jsonl;rollout-2026-08-04T15-01-41-019fcbca-eaed-74d1-bf45-177cdb3f3491.jsonl;rollout-2026-08-04T15-07-44-019fcbd0-75f1-73c3-a828-838aa341eb82.jsonl;rollout-2026-08-04T16-25-55-019fcc18-0915-78d0-ba2c-e6b7a07eb9f1.jsonl;rollout-2026-08-04T20-47-31-019fcd07-8c5b-7af3-b9ec-87cb36d7a952.jsonl,public\js\main.js
public\js\mixitup.min.js,True,12,12,rollout-2026-07-31T11-06-09-019fb659-d8c8-7971-aa5f-6125546bafd1.jsonl;rollout-2026-08-02T17-29-48-019fc205-cd55-7a50-950b-2f6a196b5dee.jsonl;rollout-2026-08-04T09-20-33-019fca92-996a-7fb0-beea-942596ee66ef.jsonl;rollout-2026-08-04T10-12-03-019fcac1-c2c1-7fa1-9025-75f407e5c17d.jsonl;rollout-2026-08-04T10-21-58-019fcaca-d45c-71e2-b106-bf99705f2352.jsonl;rollout-2026-08-04T10-34-18-019fcad6-1ecd-7850-99bb-3c6de4e50875.jsonl;rollout-2026-08-04T10-48-23-019fcae3-056d-75d1-92ad-eb777da35982.jsonl;rollout-2026-08-04T11-16-01-019fcafc-52a7-7192-8947-b6108df3e0a0.jsonl;rollout-2026-08-04T12-06-35-019fcb2a-9ce7-77a0-883d-13f05394caa9.jsonl;rollout-2026-08-04T13-25-53-019fcb73-38aa-7dc1-a0e8-ba0bbda0b211.jsonl;rollout-2026-08-04T14-54-53-019fcbc4-b3f2-77f3-b7c1-a06a5366e820.jsonl;rollout-2026-08-04T16-25-55-019fcc18-0915-78d0-ba2c-e6b7a07eb9f1.jsonl,public\js\mixitup.min.js
public\js\owl.carousel.min.js,True,12,12,rollout-2026-07-31T11-06-09-019fb659-d8c8-7971-aa5f-6125546bafd1.jsonl;rollout-2026-08-02T17-29-48-019fc205-cd55-7a50-950b-2f6a196b5dee.jsonl;rollout-2026-08-04T09-20-33-019fca92-996a-7fb0-beea-942596ee66ef.jsonl;rollout-2026-08-04T10-12-03-019fcac1-c2c1-7fa1-9025-75f407e5c17d.jsonl;rollout-2026-08-04T10-21-58-019fcaca-d45c-71e2-b106-bf99705f2352.jsonl;rollout-2026-08-04T10-34-18-019fcad6-1ecd-7850-99bb-3c6de4e50875.jsonl;rollout-2026-08-04T10-48-23-019fcae3-056d-75d1-92ad-eb777da35982.jsonl;rollout-2026-08-04T11-16-01-019fcafc-52a7-7192-8947-b6108df3e0a0.jsonl;rollout-2026-08-04T12-06-35-019fcb2a-9ce7-77a0-883d-13f05394caa9.jsonl;rollout-2026-08-04T13-25-53-019fcb73-38aa-7dc1-a0e8-ba0bbda0b211.jsonl;rollout-2026-08-04T14-54-53-019fcbc4-b3f2-77f3-b7c1-a06a5366e820.jsonl;rollout-2026-08-04T16-25-55-019fcc18-0915-78d0-ba2c-e6b7a07eb9f1.jsonl,public\js\owl.carousel.min.js
public\js\tryon-ai.js,True,21,1651,rollout-2026-07-31T11-06-09-019fb659-d8c8-7971-aa5f-6125546bafd1.jsonl;rollout-2026-08-02T17-29-48-019fc205-cd55-7a50-950b-2f6a196b5dee.jsonl;rollout-2026-08-04T08-35-38-019fca69-7aad-7c81-a41b-21d9b9b7a3a6.jsonl;rollout-2026-08-04T09-20-33-019fca92-996a-7fb0-beea-942596ee66ef.jsonl;rollout-2026-08-04T10-12-03-019fcac1-c2c1-7fa1-9025-75f407e5c17d.jsonl;rollout-2026-08-04T10-15-17-019fcac4-b895-7d41-8678-b7e083a63a7c.jsonl;rollout-2026-08-04T10-19-37-019fcac8-aef6-7891-b93f-98ea184a621a.jsonl;rollout-2026-08-04T10-21-58-019fcaca-d45c-71e2-b106-bf99705f2352.jsonl;rollout-2026-08-04T10-34-18-019fcad6-1ecd-7850-99bb-3c6de4e50875.jsonl;rollout-2026-08-04T10-48-23-019fcae3-056d-75d1-92ad-eb777da35982.jsonl;rollout-2026-08-04T11-16-01-019fcafc-52a7-7192-8947-b6108df3e0a0.jsonl;rollout-2026-08-04T11-30-54-019fcb09-f095-73f0-a684-f990ae1268d9.jsonl;rollout-2026-08-04T12-04-05-019fcb28-5502-7851-a2a2-04d6af5ebca0.jsonl;rollout-2026-08-04T12-06-35-019fcb2a-9ce7-77a0-883d-13f05394caa9.jsonl;rollout-2026-08-04T13-25-53-019fcb73-38aa-7dc1-a0e8-ba0bbda0b211.jsonl;rollout-2026-08-04T13-46-54-019fcb86-7621-7113-8c34-e9e4bbbbcec9.jsonl;rollout-2026-08-04T14-54-53-019fcbc4-b3f2-77f3-b7c1-a06a5366e820.jsonl;rollout-2026-08-04T15-01-41-019fcbca-eaed-74d1-bf45-177cdb3f3491.jsonl;rollout-2026-08-04T15-07-44-019fcbd0-75f1-73c3-a828-838aa341eb82.jsonl;rollout-2026-08-04T16-25-55-019fcc18-0915-78d0-ba2c-e6b7a07eb9f1.jsonl;rollout-2026-08-04T20-47-31-019fcd07-8c5b-7af3-b9ec-87cb36d7a952.jsonl,public\js\tryon-ai.js
public\upload\anh-the-gay-dieu-dung-cua-nu-sinh-so-huu-nhan-sac-cuc-pham-song-mui-di-vao-long-nguoi-dspl-2.jpg,True,11,11,rollout-2026-07-31T11-06-09-019fb659-d8c8-7971-aa5f-6125546bafd1.jsonl;rollout-2026-08-04T09-20-33-019fca92-996a-7fb0-beea-942596ee66ef.jsonl;rollout-2026-08-04T10-12-03-019fcac1-c2c1-7fa1-9025-75f407e5c17d.jsonl;rollout-2026-08-04T10-21-58-019fcaca-d45c-71e2-b106-bf99705f2352.jsonl;rollout-2026-08-04T10-34-18-019fcad6-1ecd-7850-99bb-3c6de4e50875.jsonl;rollout-2026-08-04T10-48-23-019fcae3-056d-75d1-92ad-eb777da35982.jsonl;rollout-2026-08-04T11-16-01-019fcafc-52a7-7192-8947-b6108df3e0a0.jsonl;rollout-2026-08-04T12-06-35-019fcb2a-9ce7-77a0-883d-13f05394caa9.jsonl;rollout-2026-08-04T13-25-53-019fcb73-38aa-7dc1-a0e8-ba0bbda0b211.jsonl;rollout-2026-08-04T14-54-53-019fcbc4-b3f2-77f3-b7c1-a06a5366e820.jsonl;rollout-2026-08-04T16-25-55-019fcc18-0915-78d0-ba2c-e6b7a07eb9f1.jsonl,public\upload\anh-the-gay-dieu-dung-cua-nu-sinh-so-huu-nhan-sac-cuc-pham-song-mui-di-vao-long-nguoi-dspl-2.jpg
public\upload\anh_san_pham\02c7c1b9-b54a-4036-9623-4c2406c9fef6.png,True,21,57,rollout-2026-07-31T11-06-09-019fb659-d8c8-7971-aa5f-6125546bafd1.jsonl;rollout-2026-08-02T17-29-48-019fc205-cd55-7a50-950b-2f6a196b5dee.jsonl;rollout-2026-08-04T08-35-38-019fca69-7aad-7c81-a41b-21d9b9b7a3a6.jsonl;rollout-2026-08-04T09-20-33-019fca92-996a-7fb0-beea-942596ee66ef.jsonl;rollout-2026-08-04T10-12-03-019fcac1-c2c1-7fa1-9025-75f407e5c17d.jsonl;rollout-2026-08-04T10-15-17-019fcac4-b895-7d41-8678-b7e083a63a7c.jsonl;rollout-2026-08-04T10-19-37-019fcac8-aef6-7891-b93f-98ea184a621a.jsonl;rollout-2026-08-04T10-21-58-019fcaca-d45c-71e2-b106-bf99705f2352.jsonl;rollout-2026-08-04T10-34-18-019fcad6-1ecd-7850-99bb-3c6de4e50875.jsonl;rollout-2026-08-04T10-48-23-019fcae3-056d-75d1-92ad-eb777da35982.jsonl;rollout-2026-08-04T11-16-01-019fcafc-52a7-7192-8947-b6108df3e0a0.jsonl;rollout-2026-08-04T11-30-54-019fcb09-f095-73f0-a684-f990ae1268d9.jsonl;rollout-2026-08-04T12-04-05-019fcb28-5502-7851-a2a2-04d6af5ebca0.jsonl;rollout-2026-08-04T12-06-35-019fcb2a-9ce7-77a0-883d-13f05394caa9.jsonl;rollout-2026-08-04T13-25-53-019fcb73-38aa-7dc1-a0e8-ba0bbda0b211.jsonl;rollout-2026-08-04T13-46-54-019fcb86-7621-7113-8c34-e9e4bbbbcec9.jsonl;rollout-2026-08-04T14-54-53-019fcbc4-b3f2-77f3-b7c1-a06a5366e820.jsonl;rollout-2026-08-04T15-01-41-019fcbca-eaed-74d1-bf45-177cdb3f3491.jsonl;rollout-2026-08-04T15-07-44-019fcbd0-75f1-73c3-a828-838aa341eb82.jsonl;rollout-2026-08-04T16-25-55-019fcc18-0915-78d0-ba2c-e6b7a07eb9f1.jsonl;rollout-2026-08-04T20-47-31-019fcd07-8c5b-7af3-b9ec-87cb36d7a952.jsonl,public\upload\anh_san_pham\02c7c1b9-b54a-4036-9623-4c2406c9fef6.png
public\upload\anh_san_pham\2a49efe8-5dae-45d6-857c-9742a5014c9d.png,True,21,56,rollout-2026-07-31T11-06-09-019fb659-d8c8-7971-aa5f-6125546bafd1.jsonl;rollout-2026-08-02T17-29-48-019fc205-cd55-7a50-950b-2f6a196b5dee.jsonl;rollout-2026-08-04T08-35-38-019fca69-7aad-7c81-a41b-21d9b9b7a3a6.jsonl;rollout-2026-08-04T09-20-33-019fca92-996a-7fb0-beea-942596ee66ef.jsonl;rollout-2026-08-04T10-12-03-019fcac1-c2c1-7fa1-9025-75f407e5c17d.jsonl;rollout-2026-08-04T10-15-17-019fcac4-b895-7d41-8678-b7e083a63a7c.jsonl;rollout-2026-08-04T10-19-37-019fcac8-aef6-7891-b93f-98ea184a621a.jsonl;rollout-2026-08-04T10-21-58-019fcaca-d45c-71e2-b106-bf99705f2352.jsonl;rollout-2026-08-04T10-34-18-019fcad6-1ecd-7850-99bb-3c6de4e50875.jsonl;rollout-2026-08-04T10-48-23-019fcae3-056d-75d1-92ad-eb777da35982.jsonl;rollout-2026-08-04T11-16-01-019fcafc-52a7-7192-8947-b6108df3e0a0.jsonl;rollout-2026-08-04T11-30-54-019fcb09-f095-73f0-a684-f990ae1268d9.jsonl;rollout-2026-08-04T12-04-05-019fcb28-5502-7851-a2a2-04d6af5ebca0.jsonl;rollout-2026-08-04T12-06-35-019fcb2a-9ce7-77a0-883d-13f05394caa9.jsonl;rollout-2026-08-04T13-25-53-019fcb73-38aa-7dc1-a0e8-ba0bbda0b211.jsonl;rollout-2026-08-04T13-46-54-019fcb86-7621-7113-8c34-e9e4bbbbcec9.jsonl;rollout-2026-08-04T14-54-53-019fcbc4-b3f2-77f3-b7c1-a06a5366e820.jsonl;rollout-2026-08-04T15-01-41-019fcbca-eaed-74d1-bf45-177cdb3f3491.jsonl;rollout-2026-08-04T15-07-44-019fcbd0-75f1-73c3-a828-838aa341eb82.jsonl;rollout-2026-08-04T16-25-55-019fcc18-0915-78d0-ba2c-e6b7a07eb9f1.jsonl;rollout-2026-08-04T20-47-31-019fcd07-8c5b-7af3-b9ec-87cb36d7a952.jsonl,public\upload\anh_san_pham\2a49efe8-5dae-45d6-857c-9742a5014c9d.png
public\upload\anh_san_pham\30cfb3ec-e777-418c-b2c6-9763fb26f351.png,True,21,56,rollout-2026-07-31T11-06-09-019fb659-d8c8-7971-aa5f-6125546bafd1.jsonl;rollout-2026-08-02T17-29-48-019fc205-cd55-7a50-950b-2f6a196b5dee.jsonl;rollout-2026-08-04T08-35-38-019fca69-7aad-7c81-a41b-21d9b9b7a3a6.jsonl;rollout-2026-08-04T09-20-33-019fca92-996a-7fb0-beea-942596ee66ef.jsonl;rollout-2026-08-04T10-12-03-019fcac1-c2c1-7fa1-9025-75f407e5c17d.jsonl;rollout-2026-08-04T10-15-17-019fcac4-b895-7d41-8678-b7e083a63a7c.jsonl;rollout-2026-08-04T10-19-37-019fcac8-aef6-7891-b93f-98ea184a621a.jsonl;rollout-2026-08-04T10-21-58-019fcaca-d45c-71e2-b106-bf99705f2352.jsonl;rollout-2026-08-04T10-34-18-019fcad6-1ecd-7850-99bb-3c6de4e50875.jsonl;rollout-2026-08-04T10-48-23-019fcae3-056d-75d1-92ad-eb777da35982.jsonl;rollout-2026-08-04T11-16-01-019fcafc-52a7-7192-8947-b6108df3e0a0.jsonl;rollout-2026-08-04T11-30-54-019fcb09-f095-73f0-a684-f990ae1268d9.jsonl;rollout-2026-08-04T12-04-05-019fcb28-5502-7851-a2a2-04d6af5ebca0.jsonl;rollout-2026-08-04T12-06-35-019fcb2a-9ce7-77a0-883d-13f05394caa9.jsonl;rollout-2026-08-04T13-25-53-019fcb73-38aa-7dc1-a0e8-ba0bbda0b211.jsonl;rollout-2026-08-04T13-46-54-019fcb86-7621-7113-8c34-e9e4bbbbcec9.jsonl;rollout-2026-08-04T14-54-53-019fcbc4-b3f2-77f3-b7c1-a06a5366e820.jsonl;rollout-2026-08-04T15-01-41-019fcbca-eaed-74d1-bf45-177cdb3f3491.jsonl;rollout-2026-08-04T15-07-44-019fcbd0-75f1-73c3-a828-838aa341eb82.jsonl;rollout-2026-08-04T16-25-55-019fcc18-0915-78d0-ba2c-e6b7a07eb9f1.jsonl;rollout-2026-08-04T20-47-31-019fcd07-8c5b-7af3-b9ec-87cb36d7a952.jsonl,public\upload\anh_san_pham\30cfb3ec-e777-418c-b2c6-9763fb26f351.png
public\upload\anh_san_pham\anh-the-gay-dieu-dung-cua-nu-sinh-so-huu-nhan-sac-cuc-pham-song-mui-di-vao-long-nguoi-dspl-2-1781116780-9231.jpg,True,11,11,rollout-2026-07-31T11-06-09-019fb659-d8c8-7971-aa5f-6125546bafd1.jsonl;rollout-2026-08-04T09-20-33-019fca92-996a-7fb0-beea-942596ee66ef.jsonl;rollout-2026-08-04T10-12-03-019fcac1-c2c1-7fa1-9025-75f407e5c17d.jsonl;rollout-2026-08-04T10-21-58-019fcaca-d45c-71e2-b106-bf99705f2352.jsonl;rollout-2026-08-04T10-34-18-019fcad6-1ecd-7850-99bb-3c6de4e50875.jsonl;rollout-2026-08-04T10-48-23-019fcae3-056d-75d1-92ad-eb777da35982.jsonl;rollout-2026-08-04T11-16-01-019fcafc-52a7-7192-8947-b6108df3e0a0.jsonl;rollout-2026-08-04T12-06-35-019fcb2a-9ce7-77a0-883d-13f05394caa9.jsonl;rollout-2026-08-04T13-25-53-019fcb73-38aa-7dc1-a0e8-ba0bbda0b211.jsonl;rollout-2026-08-04T14-54-53-019fcbc4-b3f2-77f3-b7c1-a06a5366e820.jsonl;rollout-2026-08-04T16-25-55-019fcc18-0915-78d0-ba2c-e6b7a07eb9f1.jsonl,public\upload\anh_san_pham\anh-the-gay-dieu-dung-cua-nu-sinh-so-huu-nhan-sac-cuc-pham-song-mui-di-vao-long-nguoi-dspl-2-1781116780-9231.jpg
public\upload\anh_san_pham\hinh1.jpg,True,11,11,rollout-2026-07-31T11-06-09-019fb659-d8c8-7971-aa5f-6125546bafd1.jsonl;rollout-2026-08-04T09-20-33-019fca92-996a-7fb0-beea-942596ee66ef.jsonl;rollout-2026-08-04T10-12-03-019fcac1-c2c1-7fa1-9025-75f407e5c17d.jsonl;rollout-2026-08-04T10-21-58-019fcaca-d45c-71e2-b106-bf99705f2352.jsonl;rollout-2026-08-04T10-34-18-019fcad6-1ecd-7850-99bb-3c6de4e50875.jsonl;rollout-2026-08-04T10-48-23-019fcae3-056d-75d1-92ad-eb777da35982.jsonl;rollout-2026-08-04T11-16-01-019fcafc-52a7-7192-8947-b6108df3e0a0.jsonl;rollout-2026-08-04T12-06-35-019fcb2a-9ce7-77a0-883d-13f05394caa9.jsonl;rollout-2026-08-04T13-25-53-019fcb73-38aa-7dc1-a0e8-ba0bbda0b211.jsonl;rollout-2026-08-04T14-54-53-019fcbc4-b3f2-77f3-b7c1-a06a5366e820.jsonl;rollout-2026-08-04T16-25-55-019fcc18-0915-78d0-ba2c-e6b7a07eb9f1.jsonl,public\upload\anh_san_pham\hinh1.jpg
public\upload\anh_san_pham\hinh10.jpg,True,11,11,rollout-2026-07-31T11-06-09-019fb659-d8c8-7971-aa5f-6125546bafd1.jsonl;rollout-2026-08-04T09-20-33-019fca92-996a-7fb0-beea-942596ee66ef.jsonl;rollout-2026-08-04T10-12-03-019fcac1-c2c1-7fa1-9025-75f407e5c17d.jsonl;rollout-2026-08-04T10-21-58-019fcaca-d45c-71e2-b106-bf99705f2352.jsonl;rollout-2026-08-04T10-34-18-019fcad6-1ecd-7850-99bb-3c6de4e50875.jsonl;rollout-2026-08-04T10-48-23-019fcae3-056d-75d1-92ad-eb777da35982.jsonl;rollout-2026-08-04T11-16-01-019fcafc-52a7-7192-8947-b6108df3e0a0.jsonl;rollout-2026-08-04T12-06-35-019fcb2a-9ce7-77a0-883d-13f05394caa9.jsonl;rollout-2026-08-04T13-25-53-019fcb73-38aa-7dc1-a0e8-ba0bbda0b211.jsonl;rollout-2026-08-04T14-54-53-019fcbc4-b3f2-77f3-b7c1-a06a5366e820.jsonl;rollout-2026-08-04T16-25-55-019fcc18-0915-78d0-ba2c-e6b7a07eb9f1.jsonl,public\upload\anh_san_pham\hinh10.jpg
public\upload\anh_san_pham\hinh11.jpg,True,11,11,rollout-2026-07-31T11-06-09-019fb659-d8c8-7971-aa5f-6125546bafd1.jsonl;rollout-2026-08-04T09-20-33-019fca92-996a-7fb0-beea-942596ee66ef.jsonl;rollout-2026-08-04T10-12-03-019fcac1-c2c1-7fa1-9025-75f407e5c17d.jsonl;rollout-2026-08-04T10-21-58-019fcaca-d45c-71e2-b106-bf99705f2352.jsonl;rollout-2026-08-04T10-34-18-019fcad6-1ecd-7850-99bb-3c6de4e50875.jsonl;rollout-2026-08-04T10-48-23-019fcae3-056d-75d1-92ad-eb777da35982.jsonl;rollout-2026-08-04T11-16-01-019fcafc-52a7-7192-8947-b6108df3e0a0.jsonl;rollout-2026-08-04T12-06-35-019fcb2a-9ce7-77a0-883d-13f05394caa9.jsonl;rollout-2026-08-04T13-25-53-019fcb73-38aa-7dc1-a0e8-ba0bbda0b211.jsonl;rollout-2026-08-04T14-54-53-019fcbc4-b3f2-77f3-b7c1-a06a5366e820.jsonl;rollout-2026-08-04T16-25-55-019fcc18-0915-78d0-ba2c-e6b7a07eb9f1.jsonl,public\upload\anh_san_pham\hinh11.jpg
public\upload\anh_san_pham\hinh13.jpg,True,11,11,rollout-2026-07-31T11-06-09-019fb659-d8c8-7971-aa5f-6125546bafd1.jsonl;rollout-2026-08-04T09-20-33-019fca92-996a-7fb0-beea-942596ee66ef.jsonl;rollout-2026-08-04T10-12-03-019fcac1-c2c1-7fa1-9025-75f407e5c17d.jsonl;rollout-2026-08-04T10-21-58-019fcaca-d45c-71e2-b106-bf99705f2352.jsonl;rollout-2026-08-04T10-34-18-019fcad6-1ecd-7850-99bb-3c6de4e50875.jsonl;rollout-2026-08-04T10-48-23-019fcae3-056d-75d1-92ad-eb777da35982.jsonl;rollout-2026-08-04T11-16-01-019fcafc-52a7-7192-8947-b6108df3e0a0.jsonl;rollout-2026-08-04T12-06-35-019fcb2a-9ce7-77a0-883d-13f05394caa9.jsonl;rollout-2026-08-04T13-25-53-019fcb73-38aa-7dc1-a0e8-ba0bbda0b211.jsonl;rollout-2026-08-04T14-54-53-019fcbc4-b3f2-77f3-b7c1-a06a5366e820.jsonl;rollout-2026-08-04T16-25-55-019fcc18-0915-78d0-ba2c-e6b7a07eb9f1.jsonl,public\upload\anh_san_pham\hinh13.jpg
public\upload\anh_san_pham\hinh14.jpg,True,11,11,rollout-2026-07-31T11-06-09-019fb659-d8c8-7971-aa5f-6125546bafd1.jsonl;rollout-2026-08-04T09-20-33-019fca92-996a-7fb0-beea-942596ee66ef.jsonl;rollout-2026-08-04T10-12-03-019fcac1-c2c1-7fa1-9025-75f407e5c17d.jsonl;rollout-2026-08-04T10-21-58-019fcaca-d45c-71e2-b106-bf99705f2352.jsonl;rollout-2026-08-04T10-34-18-019fcad6-1ecd-7850-99bb-3c6de4e50875.jsonl;rollout-2026-08-04T10-48-23-019fcae3-056d-75d1-92ad-eb777da35982.jsonl;rollout-2026-08-04T11-16-01-019fcafc-52a7-7192-8947-b6108df3e0a0.jsonl;rollout-2026-08-04T12-06-35-019fcb2a-9ce7-77a0-883d-13f05394caa9.jsonl;rollout-2026-08-04T13-25-53-019fcb73-38aa-7dc1-a0e8-ba0bbda0b211.jsonl;rollout-2026-08-04T14-54-53-019fcbc4-b3f2-77f3-b7c1-a06a5366e820.jsonl;rollout-2026-08-04T16-25-55-019fcc18-0915-78d0-ba2c-e6b7a07eb9f1.jsonl,public\upload\anh_san_pham\hinh14.jpg
public\upload\anh_san_pham\hinh16.jpg,True,11,11,rollout-2026-07-31T11-06-09-019fb659-d8c8-7971-aa5f-6125546bafd1.jsonl;rollout-2026-08-04T09-20-33-019fca92-996a-7fb0-beea-942596ee66ef.jsonl;rollout-2026-08-04T10-12-03-019fcac1-c2c1-7fa1-9025-75f407e5c17d.jsonl;rollout-2026-08-04T10-21-58-019fcaca-d45c-71e2-b106-bf99705f2352.jsonl;rollout-2026-08-04T10-34-18-019fcad6-1ecd-7850-99bb-3c6de4e50875.jsonl;rollout-2026-08-04T10-48-23-019fcae3-056d-75d1-92ad-eb777da35982.jsonl;rollout-2026-08-04T11-16-01-019fcafc-52a7-7192-8947-b6108df3e0a0.jsonl;rollout-2026-08-04T12-06-35-019fcb2a-9ce7-77a0-883d-13f05394caa9.jsonl;rollout-2026-08-04T13-25-53-019fcb73-38aa-7dc1-a0e8-ba0bbda0b211.jsonl;rollout-2026-08-04T14-54-53-019fcbc4-b3f2-77f3-b7c1-a06a5366e820.jsonl;rollout-2026-08-04T16-25-55-019fcc18-0915-78d0-ba2c-e6b7a07eb9f1.jsonl,public\upload\anh_san_pham\hinh16.jpg
public\upload\anh_san_pham\hinh17.jpg,True,11,11,rollout-2026-07-31T11-06-09-019fb659-d8c8-7971-aa5f-6125546bafd1.jsonl;rollout-2026-08-04T09-20-33-019fca92-996a-7fb0-beea-942596ee66ef.jsonl;rollout-2026-08-04T10-12-03-019fcac1-c2c1-7fa1-9025-75f407e5c17d.jsonl;rollout-2026-08-04T10-21-58-019fcaca-d45c-71e2-b106-bf99705f2352.jsonl;rollout-2026-08-04T10-34-18-019fcad6-1ecd-7850-99bb-3c6de4e50875.jsonl;rollout-2026-08-04T10-48-23-019fcae3-056d-75d1-92ad-eb777da35982.jsonl;rollout-2026-08-04T11-16-01-019fcafc-52a7-7192-8947-b6108df3e0a0.jsonl;rollout-2026-08-04T12-06-35-019fcb2a-9ce7-77a0-883d-13f05394caa9.jsonl;rollout-2026-08-04T13-25-53-019fcb73-38aa-7dc1-a0e8-ba0bbda0b211.jsonl;rollout-2026-08-04T14-54-53-019fcbc4-b3f2-77f3-b7c1-a06a5366e820.jsonl;rollout-2026-08-04T16-25-55-019fcc18-0915-78d0-ba2c-e6b7a07eb9f1.jsonl,public\upload\anh_san_pham\hinh17.jpg
public\upload\anh_san_pham\hinh18.jpg,True,11,11,rollout-2026-07-31T11-06-09-019fb659-d8c8-7971-aa5f-6125546bafd1.jsonl;rollout-2026-08-04T09-20-33-019fca92-996a-7fb0-beea-942596ee66ef.jsonl;rollout-2026-08-04T10-12-03-019fcac1-c2c1-7fa1-9025-75f407e5c17d.jsonl;rollout-2026-08-04T10-21-58-019fcaca-d45c-71e2-b106-bf99705f2352.jsonl;rollout-2026-08-04T10-34-18-019fcad6-1ecd-7850-99bb-3c6de4e50875.jsonl;rollout-2026-08-04T10-48-23-019fcae3-056d-75d1-92ad-eb777da35982.jsonl;rollout-2026-08-04T11-16-01-019fcafc-52a7-7192-8947-b6108df3e0a0.jsonl;rollout-2026-08-04T12-06-35-019fcb2a-9ce7-77a0-883d-13f05394caa9.jsonl;rollout-2026-08-04T13-25-53-019fcb73-38aa-7dc1-a0e8-ba0bbda0b211.jsonl;rollout-2026-08-04T14-54-53-019fcbc4-b3f2-77f3-b7c1-a06a5366e820.jsonl;rollout-2026-08-04T16-25-55-019fcc18-0915-78d0-ba2c-e6b7a07eb9f1.jsonl,public\upload\anh_san_pham\hinh18.jpg
public\upload\anh_san_pham\hinh19.jpg,True,11,11,rollout-2026-07-31T11-06-09-019fb659-d8c8-7971-aa5f-6125546bafd1.jsonl;rollout-2026-08-04T09-20-33-019fca92-996a-7fb0-beea-942596ee66ef.jsonl;rollout-2026-08-04T10-12-03-019fcac1-c2c1-7fa1-9025-75f407e5c17d.jsonl;rollout-2026-08-04T10-21-58-019fcaca-d45c-71e2-b106-bf99705f2352.jsonl;rollout-2026-08-04T10-34-18-019fcad6-1ecd-7850-99bb-3c6de4e50875.jsonl;rollout-2026-08-04T10-48-23-019fcae3-056d-75d1-92ad-eb777da35982.jsonl;rollout-2026-08-04T11-16-01-019fcafc-52a7-7192-8947-b6108df3e0a0.jsonl;rollout-2026-08-04T12-06-35-019fcb2a-9ce7-77a0-883d-13f05394caa9.jsonl;rollout-2026-08-04T13-25-53-019fcb73-38aa-7dc1-a0e8-ba0bbda0b211.jsonl;rollout-2026-08-04T14-54-53-019fcbc4-b3f2-77f3-b7c1-a06a5366e820.jsonl;rollout-2026-08-04T16-25-55-019fcc18-0915-78d0-ba2c-e6b7a07eb9f1.jsonl,public\upload\anh_san_pham\hinh19.jpg
public\upload\anh_san_pham\hinh2.jpg,True,11,11,rollout-2026-07-31T11-06-09-019fb659-d8c8-7971-aa5f-6125546bafd1.jsonl;rollout-2026-08-04T09-20-33-019fca92-996a-7fb0-beea-942596ee66ef.jsonl;rollout-2026-08-04T10-12-03-019fcac1-c2c1-7fa1-9025-75f407e5c17d.jsonl;rollout-2026-08-04T10-21-58-019fcaca-d45c-71e2-b106-bf99705f2352.jsonl;rollout-2026-08-04T10-34-18-019fcad6-1ecd-7850-99bb-3c6de4e50875.jsonl;rollout-2026-08-04T10-48-23-019fcae3-056d-75d1-92ad-eb777da35982.jsonl;rollout-2026-08-04T11-16-01-019fcafc-52a7-7192-8947-b6108df3e0a0.jsonl;rollout-2026-08-04T12-06-35-019fcb2a-9ce7-77a0-883d-13f05394caa9.jsonl;rollout-2026-08-04T13-25-53-019fcb73-38aa-7dc1-a0e8-ba0bbda0b211.jsonl;rollout-2026-08-04T14-54-53-019fcbc4-b3f2-77f3-b7c1-a06a5366e820.jsonl;rollout-2026-08-04T16-25-55-019fcc18-0915-78d0-ba2c-e6b7a07eb9f1.jsonl,public\upload\anh_san_pham\hinh2.jpg
public\upload\anh_san_pham\hinh21.jpg,True,11,11,rollout-2026-07-31T11-06-09-019fb659-d8c8-7971-aa5f-6125546bafd1.jsonl;rollout-2026-08-04T09-20-33-019fca92-996a-7fb0-beea-942596ee66ef.jsonl;rollout-2026-08-04T10-12-03-019fcac1-c2c1-7fa1-9025-75f407e5c17d.jsonl;rollout-2026-08-04T10-21-58-019fcaca-d45c-71e2-b106-bf99705f2352.jsonl;rollout-2026-08-04T10-34-18-019fcad6-1ecd-7850-99bb-3c6de4e50875.jsonl;rollout-2026-08-04T10-48-23-019fcae3-056d-75d1-92ad-eb777da35982.jsonl;rollout-2026-08-04T11-16-01-019fcafc-52a7-7192-8947-b6108df3e0a0.jsonl;rollout-2026-08-04T12-06-35-019fcb2a-9ce7-77a0-883d-13f05394caa9.jsonl;rollout-2026-08-04T13-25-53-019fcb73-38aa-7dc1-a0e8-ba0bbda0b211.jsonl;rollout-2026-08-04T14-54-53-019fcbc4-b3f2-77f3-b7c1-a06a5366e820.jsonl;rollout-2026-08-04T16-25-55-019fcc18-0915-78d0-ba2c-e6b7a07eb9f1.jsonl,public\upload\anh_san_pham\hinh21.jpg
public\upload\anh_san_pham\hinh22.png,True,11,11,rollout-2026-07-31T11-06-09-019fb659-d8c8-7971-aa5f-6125546bafd1.jsonl;rollout-2026-08-04T09-20-33-019fca92-996a-7fb0-beea-942596ee66ef.jsonl;rollout-2026-08-04T10-12-03-019fcac1-c2c1-7fa1-9025-75f407e5c17d.jsonl;rollout-2026-08-04T10-21-58-019fcaca-d45c-71e2-b106-bf99705f2352.jsonl;rollout-2026-08-04T10-34-18-019fcad6-1ecd-7850-99bb-3c6de4e50875.jsonl;rollout-2026-08-04T10-48-23-019fcae3-056d-75d1-92ad-eb777da35982.jsonl;rollout-2026-08-04T11-16-01-019fcafc-52a7-7192-8947-b6108df3e0a0.jsonl;rollout-2026-08-04T12-06-35-019fcb2a-9ce7-77a0-883d-13f05394caa9.jsonl;rollout-2026-08-04T13-25-53-019fcb73-38aa-7dc1-a0e8-ba0bbda0b211.jsonl;rollout-2026-08-04T14-54-53-019fcbc4-b3f2-77f3-b7c1-a06a5366e820.jsonl;rollout-2026-08-04T16-25-55-019fcc18-0915-78d0-ba2c-e6b7a07eb9f1.jsonl,public\upload\anh_san_pham\hinh22.png
public\upload\anh_san_pham\hinh25.jpg,True,11,11,rollout-2026-07-31T11-06-09-019fb659-d8c8-7971-aa5f-6125546bafd1.jsonl;rollout-2026-08-04T09-20-33-019fca92-996a-7fb0-beea-942596ee66ef.jsonl;rollout-2026-08-04T10-12-03-019fcac1-c2c1-7fa1-9025-75f407e5c17d.jsonl;rollout-2026-08-04T10-21-58-019fcaca-d45c-71e2-b106-bf99705f2352.jsonl;rollout-2026-08-04T10-34-18-019fcad6-1ecd-7850-99bb-3c6de4e50875.jsonl;rollout-2026-08-04T10-48-23-019fcae3-056d-75d1-92ad-eb777da35982.jsonl;rollout-2026-08-04T11-16-01-019fcafc-52a7-7192-8947-b6108df3e0a0.jsonl;rollout-2026-08-04T12-06-35-019fcb2a-9ce7-77a0-883d-13f05394caa9.jsonl;rollout-2026-08-04T13-25-53-019fcb73-38aa-7dc1-a0e8-ba0bbda0b211.jsonl;rollout-2026-08-04T14-54-53-019fcbc4-b3f2-77f3-b7c1-a06a5366e820.jsonl;rollout-2026-08-04T16-25-55-019fcc18-0915-78d0-ba2c-e6b7a07eb9f1.jsonl,public\upload\anh_san_pham\hinh25.jpg
public\upload\anh_san_pham\hinh26.jpg,True,11,11,rollout-2026-07-31T11-06-09-019fb659-d8c8-7971-aa5f-6125546bafd1.jsonl;rollout-2026-08-04T09-20-33-019fca92-996a-7fb0-beea-942596ee66ef.jsonl;rollout-2026-08-04T10-12-03-019fcac1-c2c1-7fa1-9025-75f407e5c17d.jsonl;rollout-2026-08-04T10-21-58-019fcaca-d45c-71e2-b106-bf99705f2352.jsonl;rollout-2026-08-04T10-34-18-019fcad6-1ecd-7850-99bb-3c6de4e50875.jsonl;rollout-2026-08-04T10-48-23-019fcae3-056d-75d1-92ad-eb777da35982.jsonl;rollout-2026-08-04T11-16-01-019fcafc-52a7-7192-8947-b6108df3e0a0.jsonl;rollout-2026-08-04T12-06-35-019fcb2a-9ce7-77a0-883d-13f05394caa9.jsonl;rollout-2026-08-04T13-25-53-019fcb73-38aa-7dc1-a0e8-ba0bbda0b211.jsonl;rollout-2026-08-04T14-54-53-019fcbc4-b3f2-77f3-b7c1-a06a5366e820.jsonl;rollout-2026-08-04T16-25-55-019fcc18-0915-78d0-ba2c-e6b7a07eb9f1.jsonl,public\upload\anh_san_pham\hinh26.jpg
public\upload\anh_san_pham\hinh27.jpg,True,11,11,rollout-2026-07-31T11-06-09-019fb659-d8c8-7971-aa5f-6125546bafd1.jsonl;rollout-2026-08-04T09-20-33-019fca92-996a-7fb0-beea-942596ee66ef.jsonl;rollout-2026-08-04T10-12-03-019fcac1-c2c1-7fa1-9025-75f407e5c17d.jsonl;rollout-2026-08-04T10-21-58-019fcaca-d45c-71e2-b106-bf99705f2352.jsonl;rollout-2026-08-04T10-34-18-019fcad6-1ecd-7850-99bb-3c6de4e50875.jsonl;rollout-2026-08-04T10-48-23-019fcae3-056d-75d1-92ad-eb777da35982.jsonl;rollout-2026-08-04T11-16-01-019fcafc-52a7-7192-8947-b6108df3e0a0.jsonl;rollout-2026-08-04T12-06-35-019fcb2a-9ce7-77a0-883d-13f05394caa9.jsonl;rollout-2026-08-04T13-25-53-019fcb73-38aa-7dc1-a0e8-ba0bbda0b211.jsonl;rollout-2026-08-04T14-54-53-019fcbc4-b3f2-77f3-b7c1-a06a5366e820.jsonl;rollout-2026-08-04T16-25-55-019fcc18-0915-78d0-ba2c-e6b7a07eb9f1.jsonl,public\upload\anh_san_pham\hinh27.jpg
public\upload\anh_san_pham\hinh29.jpg,True,11,11,rollout-2026-07-31T11-06-09-019fb659-d8c8-7971-aa5f-6125546bafd1.jsonl;rollout-2026-08-04T09-20-33-019fca92-996a-7fb0-beea-942596ee66ef.jsonl;rollout-2026-08-04T10-12-03-019fcac1-c2c1-7fa1-9025-75f407e5c17d.jsonl;rollout-2026-08-04T10-21-58-019fcaca-d45c-71e2-b106-bf99705f2352.jsonl;rollout-2026-08-04T10-34-18-019fcad6-1ecd-7850-99bb-3c6de4e50875.jsonl;rollout-2026-08-04T10-48-23-019fcae3-056d-75d1-92ad-eb777da35982.jsonl;rollout-2026-08-04T11-16-01-019fcafc-52a7-7192-8947-b6108df3e0a0.jsonl;rollout-2026-08-04T12-06-35-019fcb2a-9ce7-77a0-883d-13f05394caa9.jsonl;rollout-2026-08-04T13-25-53-019fcb73-38aa-7dc1-a0e8-ba0bbda0b211.jsonl;rollout-2026-08-04T14-54-53-019fcbc4-b3f2-77f3-b7c1-a06a5366e820.jsonl;rollout-2026-08-04T16-25-55-019fcc18-0915-78d0-ba2c-e6b7a07eb9f1.jsonl,public\upload\anh_san_pham\hinh29.jpg
public\upload\anh_san_pham\hinh3.jpg,True,11,11,rollout-2026-07-31T11-06-09-019fb659-d8c8-7971-aa5f-6125546bafd1.jsonl;rollout-2026-08-04T09-20-33-019fca92-996a-7fb0-beea-942596ee66ef.jsonl;rollout-2026-08-04T10-12-03-019fcac1-c2c1-7fa1-9025-75f407e5c17d.jsonl;rollout-2026-08-04T10-21-58-019fcaca-d45c-71e2-b106-bf99705f2352.jsonl;rollout-2026-08-04T10-34-18-019fcad6-1ecd-7850-99bb-3c6de4e50875.jsonl;rollout-2026-08-04T10-48-23-019fcae3-056d-75d1-92ad-eb777da35982.jsonl;rollout-2026-08-04T11-16-01-019fcafc-52a7-7192-8947-b6108df3e0a0.jsonl;rollout-2026-08-04T12-06-35-019fcb2a-9ce7-77a0-883d-13f05394caa9.jsonl;rollout-2026-08-04T13-25-53-019fcb73-38aa-7dc1-a0e8-ba0bbda0b211.jsonl;rollout-2026-08-04T14-54-53-019fcbc4-b3f2-77f3-b7c1-a06a5366e820.jsonl;rollout-2026-08-04T16-25-55-019fcc18-0915-78d0-ba2c-e6b7a07eb9f1.jsonl,public\upload\anh_san_pham\hinh3.jpg
public\upload\anh_san_pham\hinh31.jpg,True,11,11,rollout-2026-07-31T11-06-09-019fb659-d8c8-7971-aa5f-6125546bafd1.jsonl;rollout-2026-08-04T09-20-33-019fca92-996a-7fb0-beea-942596ee66ef.jsonl;rollout-2026-08-04T10-12-03-019fcac1-c2c1-7fa1-9025-75f407e5c17d.jsonl;rollout-2026-08-04T10-21-58-019fcaca-d45c-71e2-b106-bf99705f2352.jsonl;rollout-2026-08-04T10-34-18-019fcad6-1ecd-7850-99bb-3c6de4e50875.jsonl;rollout-2026-08-04T10-48-23-019fcae3-056d-75d1-92ad-eb777da35982.jsonl;rollout-2026-08-04T11-16-01-019fcafc-52a7-7192-8947-b6108df3e0a0.jsonl;rollout-2026-08-04T12-06-35-019fcb2a-9ce7-77a0-883d-13f05394caa9.jsonl;rollout-2026-08-04T13-25-53-019fcb73-38aa-7dc1-a0e8-ba0bbda0b211.jsonl;rollout-2026-08-04T14-54-53-019fcbc4-b3f2-77f3-b7c1-a06a5366e820.jsonl;rollout-2026-08-04T16-25-55-019fcc18-0915-78d0-ba2c-e6b7a07eb9f1.jsonl,public\upload\anh_san_pham\hinh31.jpg
public\upload\anh_san_pham\hinh34.jpg,True,11,11,rollout-2026-07-31T11-06-09-019fb659-d8c8-7971-aa5f-6125546bafd1.jsonl;rollout-2026-08-04T09-20-33-019fca92-996a-7fb0-beea-942596ee66ef.jsonl;rollout-2026-08-04T10-12-03-019fcac1-c2c1-7fa1-9025-75f407e5c17d.jsonl;rollout-2026-08-04T10-21-58-019fcaca-d45c-71e2-b106-bf99705f2352.jsonl;rollout-2026-08-04T10-34-18-019fcad6-1ecd-7850-99bb-3c6de4e50875.jsonl;rollout-2026-08-04T10-48-23-019fcae3-056d-75d1-92ad-eb777da35982.jsonl;rollout-2026-08-04T11-16-01-019fcafc-52a7-7192-8947-b6108df3e0a0.jsonl;rollout-2026-08-04T12-06-35-019fcb2a-9ce7-77a0-883d-13f05394caa9.jsonl;rollout-2026-08-04T13-25-53-019fcb73-38aa-7dc1-a0e8-ba0bbda0b211.jsonl;rollout-2026-08-04T14-54-53-019fcbc4-b3f2-77f3-b7c1-a06a5366e820.jsonl;rollout-2026-08-04T16-25-55-019fcc18-0915-78d0-ba2c-e6b7a07eb9f1.jsonl,public\upload\anh_san_pham\hinh34.jpg
public\upload\anh_san_pham\hinh4.jpg,True,11,11,rollout-2026-07-31T11-06-09-019fb659-d8c8-7971-aa5f-6125546bafd1.jsonl;rollout-2026-08-04T09-20-33-019fca92-996a-7fb0-beea-942596ee66ef.jsonl;rollout-2026-08-04T10-12-03-019fcac1-c2c1-7fa1-9025-75f407e5c17d.jsonl;rollout-2026-08-04T10-21-58-019fcaca-d45c-71e2-b106-bf99705f2352.jsonl;rollout-2026-08-04T10-34-18-019fcad6-1ecd-7850-99bb-3c6de4e50875.jsonl;rollout-2026-08-04T10-48-23-019fcae3-056d-75d1-92ad-eb777da35982.jsonl;rollout-2026-08-04T11-16-01-019fcafc-52a7-7192-8947-b6108df3e0a0.jsonl;rollout-2026-08-04T12-06-35-019fcb2a-9ce7-77a0-883d-13f05394caa9.jsonl;rollout-2026-08-04T13-25-53-019fcb73-38aa-7dc1-a0e8-ba0bbda0b211.jsonl;rollout-2026-08-04T14-54-53-019fcbc4-b3f2-77f3-b7c1-a06a5366e820.jsonl;rollout-2026-08-04T16-25-55-019fcc18-0915-78d0-ba2c-e6b7a07eb9f1.jsonl,public\upload\anh_san_pham\hinh4.jpg
public\upload\anh_san_pham\hinh5.jpg,True,11,11,rollout-2026-07-31T11-06-09-019fb659-d8c8-7971-aa5f-6125546bafd1.jsonl;rollout-2026-08-04T09-20-33-019fca92-996a-7fb0-beea-942596ee66ef.jsonl;rollout-2026-08-04T10-12-03-019fcac1-c2c1-7fa1-9025-75f407e5c17d.jsonl;rollout-2026-08-04T10-21-58-019fcaca-d45c-71e2-b106-bf99705f2352.jsonl;rollout-2026-08-04T10-34-18-019fcad6-1ecd-7850-99bb-3c6de4e50875.jsonl;rollout-2026-08-04T10-48-23-019fcae3-056d-75d1-92ad-eb777da35982.jsonl;rollout-2026-08-04T11-16-01-019fcafc-52a7-7192-8947-b6108df3e0a0.jsonl;rollout-2026-08-04T12-06-35-019fcb2a-9ce7-77a0-883d-13f05394caa9.jsonl;rollout-2026-08-04T13-25-53-019fcb73-38aa-7dc1-a0e8-ba0bbda0b211.jsonl;rollout-2026-08-04T14-54-53-019fcbc4-b3f2-77f3-b7c1-a06a5366e820.jsonl;rollout-2026-08-04T16-25-55-019fcc18-0915-78d0-ba2c-e6b7a07eb9f1.jsonl,public\upload\anh_san_pham\hinh5.jpg
public\upload\anh_san_pham\hinh6.jpg,True,11,11,rollout-2026-07-31T11-06-09-019fb659-d8c8-7971-aa5f-6125546bafd1.jsonl;rollout-2026-08-04T09-20-33-019fca92-996a-7fb0-beea-942596ee66ef.jsonl;rollout-2026-08-04T10-12-03-019fcac1-c2c1-7fa1-9025-75f407e5c17d.jsonl;rollout-2026-08-04T10-21-58-019fcaca-d45c-71e2-b106-bf99705f2352.jsonl;rollout-2026-08-04T10-34-18-019fcad6-1ecd-7850-99bb-3c6de4e50875.jsonl;rollout-2026-08-04T10-48-23-019fcae3-056d-75d1-92ad-eb777da35982.jsonl;rollout-2026-08-04T11-16-01-019fcafc-52a7-7192-8947-b6108df3e0a0.jsonl;rollout-2026-08-04T12-06-35-019fcb2a-9ce7-77a0-883d-13f05394caa9.jsonl;rollout-2026-08-04T13-25-53-019fcb73-38aa-7dc1-a0e8-ba0bbda0b211.jsonl;rollout-2026-08-04T14-54-53-019fcbc4-b3f2-77f3-b7c1-a06a5366e820.jsonl;rollout-2026-08-04T16-25-55-019fcc18-0915-78d0-ba2c-e6b7a07eb9f1.jsonl,public\upload\anh_san_pham\hinh6.jpg
public\upload\anh_san_pham\hinh7.jpg,True,11,11,rollout-2026-07-31T11-06-09-019fb659-d8c8-7971-aa5f-6125546bafd1.jsonl;rollout-2026-08-04T09-20-33-019fca92-996a-7fb0-beea-942596ee66ef.jsonl;rollout-2026-08-04T10-12-03-019fcac1-c2c1-7fa1-9025-75f407e5c17d.jsonl;rollout-2026-08-04T10-21-58-019fcaca-d45c-71e2-b106-bf99705f2352.jsonl;rollout-2026-08-04T10-34-18-019fcad6-1ecd-7850-99bb-3c6de4e50875.jsonl;rollout-2026-08-04T10-48-23-019fcae3-056d-75d1-92ad-eb777da35982.jsonl;rollout-2026-08-04T11-16-01-019fcafc-52a7-7192-8947-b6108df3e0a0.jsonl;rollout-2026-08-04T12-06-35-019fcb2a-9ce7-77a0-883d-13f05394caa9.jsonl;rollout-2026-08-04T13-25-53-019fcb73-38aa-7dc1-a0e8-ba0bbda0b211.jsonl;rollout-2026-08-04T14-54-53-019fcbc4-b3f2-77f3-b7c1-a06a5366e820.jsonl;rollout-2026-08-04T16-25-55-019fcc18-0915-78d0-ba2c-e6b7a07eb9f1.jsonl,public\upload\anh_san_pham\hinh7.jpg
public\upload\anh_san_pham\hinh8.jpg,True,11,11,rollout-2026-07-31T11-06-09-019fb659-d8c8-7971-aa5f-6125546bafd1.jsonl;rollout-2026-08-04T09-20-33-019fca92-996a-7fb0-beea-942596ee66ef.jsonl;rollout-2026-08-04T10-12-03-019fcac1-c2c1-7fa1-9025-75f407e5c17d.jsonl;rollout-2026-08-04T10-21-58-019fcaca-d45c-71e2-b106-bf99705f2352.jsonl;rollout-2026-08-04T10-34-18-019fcad6-1ecd-7850-99bb-3c6de4e50875.jsonl;rollout-2026-08-04T10-48-23-019fcae3-056d-75d1-92ad-eb777da35982.jsonl;rollout-2026-08-04T11-16-01-019fcafc-52a7-7192-8947-b6108df3e0a0.jsonl;rollout-2026-08-04T12-06-35-019fcb2a-9ce7-77a0-883d-13f05394caa9.jsonl;rollout-2026-08-04T13-25-53-019fcb73-38aa-7dc1-a0e8-ba0bbda0b211.jsonl;rollout-2026-08-04T14-54-53-019fcbc4-b3f2-77f3-b7c1-a06a5366e820.jsonl;rollout-2026-08-04T16-25-55-019fcc18-0915-78d0-ba2c-e6b7a07eb9f1.jsonl,public\upload\anh_san_pham\hinh8.jpg
public\upload\anh_san_pham\hinh9.jpg,True,11,11,rollout-2026-07-31T11-06-09-019fb659-d8c8-7971-aa5f-6125546bafd1.jsonl;rollout-2026-08-04T09-20-33-019fca92-996a-7fb0-beea-942596ee66ef.jsonl;rollout-2026-08-04T10-12-03-019fcac1-c2c1-7fa1-9025-75f407e5c17d.jsonl;rollout-2026-08-04T10-21-58-019fcaca-d45c-71e2-b106-bf99705f2352.jsonl;rollout-2026-08-04T10-34-18-019fcad6-1ecd-7850-99bb-3c6de4e50875.jsonl;rollout-2026-08-04T10-48-23-019fcae3-056d-75d1-92ad-eb777da35982.jsonl;rollout-2026-08-04T11-16-01-019fcafc-52a7-7192-8947-b6108df3e0a0.jsonl;rollout-2026-08-04T12-06-35-019fcb2a-9ce7-77a0-883d-13f05394caa9.jsonl;rollout-2026-08-04T13-25-53-019fcb73-38aa-7dc1-a0e8-ba0bbda0b211.jsonl;rollout-2026-08-04T14-54-53-019fcbc4-b3f2-77f3-b7c1-a06a5366e820.jsonl;rollout-2026-08-04T16-25-55-019fcc18-0915-78d0-ba2c-e6b7a07eb9f1.jsonl,public\upload\anh_san_pham\hinh9.jpg
public\upload\anti-reflective-coating-la-gi.png,True,11,11,rollout-2026-07-31T11-06-09-019fb659-d8c8-7971-aa5f-6125546bafd1.jsonl;rollout-2026-08-04T09-20-33-019fca92-996a-7fb0-beea-942596ee66ef.jsonl;rollout-2026-08-04T10-12-03-019fcac1-c2c1-7fa1-9025-75f407e5c17d.jsonl;rollout-2026-08-04T10-21-58-019fcaca-d45c-71e2-b106-bf99705f2352.jsonl;rollout-2026-08-04T10-34-18-019fcad6-1ecd-7850-99bb-3c6de4e50875.jsonl;rollout-2026-08-04T10-48-23-019fcae3-056d-75d1-92ad-eb777da35982.jsonl;rollout-2026-08-04T11-16-01-019fcafc-52a7-7192-8947-b6108df3e0a0.jsonl;rollout-2026-08-04T12-06-35-019fcb2a-9ce7-77a0-883d-13f05394caa9.jsonl;rollout-2026-08-04T13-25-53-019fcb73-38aa-7dc1-a0e8-ba0bbda0b211.jsonl;rollout-2026-08-04T14-54-53-019fcbc4-b3f2-77f3-b7c1-a06a5366e820.jsonl;rollout-2026-08-04T16-25-55-019fcc18-0915-78d0-ba2c-e6b7a07eb9f1.jsonl,public\upload\anti-reflective-coating-la-gi.png
public\upload\avatar_it.png,True,11,11,rollout-2026-07-31T11-06-09-019fb659-d8c8-7971-aa5f-6125546bafd1.jsonl;rollout-2026-08-04T09-20-33-019fca92-996a-7fb0-beea-942596ee66ef.jsonl;rollout-2026-08-04T10-12-03-019fcac1-c2c1-7fa1-9025-75f407e5c17d.jsonl;rollout-2026-08-04T10-21-58-019fcaca-d45c-71e2-b106-bf99705f2352.jsonl;rollout-2026-08-04T10-34-18-019fcad6-1ecd-7850-99bb-3c6de4e50875.jsonl;rollout-2026-08-04T10-48-23-019fcae3-056d-75d1-92ad-eb777da35982.jsonl;rollout-2026-08-04T11-16-01-019fcafc-52a7-7192-8947-b6108df3e0a0.jsonl;rollout-2026-08-04T12-06-35-019fcb2a-9ce7-77a0-883d-13f05394caa9.jsonl;rollout-2026-08-04T13-25-53-019fcb73-38aa-7dc1-a0e8-ba0bbda0b211.jsonl;rollout-2026-08-04T14-54-53-019fcbc4-b3f2-77f3-b7c1-a06a5366e820.jsonl;rollout-2026-08-04T16-25-55-019fcc18-0915-78d0-ba2c-e6b7a07eb9f1.jsonl,public\upload\avatar_it.png
public\upload\avatarR60.jpg,True,11,11,rollout-2026-07-31T11-06-09-019fb659-d8c8-7971-aa5f-6125546bafd1.jsonl;rollout-2026-08-04T09-20-33-019fca92-996a-7fb0-beea-942596ee66ef.jsonl;rollout-2026-08-04T10-12-03-019fcac1-c2c1-7fa1-9025-75f407e5c17d.jsonl;rollout-2026-08-04T10-21-58-019fcaca-d45c-71e2-b106-bf99705f2352.jsonl;rollout-2026-08-04T10-34-18-019fcad6-1ecd-7850-99bb-3c6de4e50875.jsonl;rollout-2026-08-04T10-48-23-019fcae3-056d-75d1-92ad-eb777da35982.jsonl;rollout-2026-08-04T11-16-01-019fcafc-52a7-7192-8947-b6108df3e0a0.jsonl;rollout-2026-08-04T12-06-35-019fcb2a-9ce7-77a0-883d-13f05394caa9.jsonl;rollout-2026-08-04T13-25-53-019fcb73-38aa-7dc1-a0e8-ba0bbda0b211.jsonl;rollout-2026-08-04T14-54-53-019fcbc4-b3f2-77f3-b7c1-a06a5366e820.jsonl;rollout-2026-08-04T16-25-55-019fcc18-0915-78d0-ba2c-e6b7a07eb9f1.jsonl,public\upload\avatarR60.jpg
public\upload\BaiViet\1775617161_69d5c489bb37e.png,True,11,11,rollout-2026-07-31T11-06-09-019fb659-d8c8-7971-aa5f-6125546bafd1.jsonl;rollout-2026-08-04T09-20-33-019fca92-996a-7fb0-beea-942596ee66ef.jsonl;rollout-2026-08-04T10-12-03-019fcac1-c2c1-7fa1-9025-75f407e5c17d.jsonl;rollout-2026-08-04T10-21-58-019fcaca-d45c-71e2-b106-bf99705f2352.jsonl;rollout-2026-08-04T10-34-18-019fcad6-1ecd-7850-99bb-3c6de4e50875.jsonl;rollout-2026-08-04T10-48-23-019fcae3-056d-75d1-92ad-eb777da35982.jsonl;rollout-2026-08-04T11-16-01-019fcafc-52a7-7192-8947-b6108df3e0a0.jsonl;rollout-2026-08-04T12-06-35-019fcb2a-9ce7-77a0-883d-13f05394caa9.jsonl;rollout-2026-08-04T13-25-53-019fcb73-38aa-7dc1-a0e8-ba0bbda0b211.jsonl;rollout-2026-08-04T14-54-53-019fcbc4-b3f2-77f3-b7c1-a06a5366e820.jsonl;rollout-2026-08-04T16-25-55-019fcc18-0915-78d0-ba2c-e6b7a07eb9f1.jsonl,public\upload\BaiViet\1775617161_69d5c489bb37e.png
public\upload\BaiViet\1780392624_6a1ea2b0cb392.png,True,11,11,rollout-2026-07-31T11-06-09-019fb659-d8c8-7971-aa5f-6125546bafd1.jsonl;rollout-2026-08-04T09-20-33-019fca92-996a-7fb0-beea-942596ee66ef.jsonl;rollout-2026-08-04T10-12-03-019fcac1-c2c1-7fa1-9025-75f407e5c17d.jsonl;rollout-2026-08-04T10-21-58-019fcaca-d45c-71e2-b106-bf99705f2352.jsonl;rollout-2026-08-04T10-34-18-019fcad6-1ecd-7850-99bb-3c6de4e50875.jsonl;rollout-2026-08-04T10-48-23-019fcae3-056d-75d1-92ad-eb777da35982.jsonl;rollout-2026-08-04T11-16-01-019fcafc-52a7-7192-8947-b6108df3e0a0.jsonl;rollout-2026-08-04T12-06-35-019fcb2a-9ce7-77a0-883d-13f05394caa9.jsonl;rollout-2026-08-04T13-25-53-019fcb73-38aa-7dc1-a0e8-ba0bbda0b211.jsonl;rollout-2026-08-04T14-54-53-019fcbc4-b3f2-77f3-b7c1-a06a5366e820.jsonl;rollout-2026-08-04T16-25-55-019fcc18-0915-78d0-ba2c-e6b7a07eb9f1.jsonl,public\upload\BaiViet\1780392624_6a1ea2b0cb392.png
public\upload\BaiViet\anti-reflective-coating-la-gi.png,True,11,11,rollout-2026-07-31T11-06-09-019fb659-d8c8-7971-aa5f-6125546bafd1.jsonl;rollout-2026-08-04T09-20-33-019fca92-996a-7fb0-beea-942596ee66ef.jsonl;rollout-2026-08-04T10-12-03-019fcac1-c2c1-7fa1-9025-75f407e5c17d.jsonl;rollout-2026-08-04T10-21-58-019fcaca-d45c-71e2-b106-bf99705f2352.jsonl;rollout-2026-08-04T10-34-18-019fcad6-1ecd-7850-99bb-3c6de4e50875.jsonl;rollout-2026-08-04T10-48-23-019fcae3-056d-75d1-92ad-eb777da35982.jsonl;rollout-2026-08-04T11-16-01-019fcafc-52a7-7192-8947-b6108df3e0a0.jsonl;rollout-2026-08-04T12-06-35-019fcb2a-9ce7-77a0-883d-13f05394caa9.jsonl;rollout-2026-08-04T13-25-53-019fcb73-38aa-7dc1-a0e8-ba0bbda0b211.jsonl;rollout-2026-08-04T14-54-53-019fcbc4-b3f2-77f3-b7c1-a06a5366e820.jsonl;rollout-2026-08-04T16-25-55-019fcc18-0915-78d0-ba2c-e6b7a07eb9f1.jsonl,public\upload\BaiViet\anti-reflective-coating-la-gi.png
public\upload\BaiViet\bv-1.png,True,11,11,rollout-2026-07-31T11-06-09-019fb659-d8c8-7971-aa5f-6125546bafd1.jsonl;rollout-2026-08-04T09-20-33-019fca92-996a-7fb0-beea-942596ee66ef.jsonl;rollout-2026-08-04T10-12-03-019fcac1-c2c1-7fa1-9025-75f407e5c17d.jsonl;rollout-2026-08-04T10-21-58-019fcaca-d45c-71e2-b106-bf99705f2352.jsonl;rollout-2026-08-04T10-34-18-019fcad6-1ecd-7850-99bb-3c6de4e50875.jsonl;rollout-2026-08-04T10-48-23-019fcae3-056d-75d1-92ad-eb777da35982.jsonl;rollout-2026-08-04T11-16-01-019fcafc-52a7-7192-8947-b6108df3e0a0.jsonl;rollout-2026-08-04T12-06-35-019fcb2a-9ce7-77a0-883d-13f05394caa9.jsonl;rollout-2026-08-04T13-25-53-019fcb73-38aa-7dc1-a0e8-ba0bbda0b211.jsonl;rollout-2026-08-04T14-54-53-019fcbc4-b3f2-77f3-b7c1-a06a5366e820.jsonl;rollout-2026-08-04T16-25-55-019fcc18-0915-78d0-ba2c-e6b7a07eb9f1.jsonl,public\upload\BaiViet\bv-1.png
public\upload\BaiViet\bv14.jpg,True,11,11,rollout-2026-07-31T11-06-09-019fb659-d8c8-7971-aa5f-6125546bafd1.jsonl;rollout-2026-08-04T09-20-33-019fca92-996a-7fb0-beea-942596ee66ef.jsonl;rollout-2026-08-04T10-12-03-019fcac1-c2c1-7fa1-9025-75f407e5c17d.jsonl;rollout-2026-08-04T10-21-58-019fcaca-d45c-71e2-b106-bf99705f2352.jsonl;rollout-2026-08-04T10-34-18-019fcad6-1ecd-7850-99bb-3c6de4e50875.jsonl;rollout-2026-08-04T10-48-23-019fcae3-056d-75d1-92ad-eb777da35982.jsonl;rollout-2026-08-04T11-16-01-019fcafc-52a7-7192-8947-b6108df3e0a0.jsonl;rollout-2026-08-04T12-06-35-019fcb2a-9ce7-77a0-883d-13f05394caa9.jsonl;rollout-2026-08-04T13-25-53-019fcb73-38aa-7dc1-a0e8-ba0bbda0b211.jsonl;rollout-2026-08-04T14-54-53-019fcbc4-b3f2-77f3-b7c1-a06a5366e820.jsonl;rollout-2026-08-04T16-25-55-019fcc18-0915-78d0-ba2c-e6b7a07eb9f1.jsonl,public\upload\BaiViet\bv14.jpg
public\upload\BaiViet\bv2.jpg,True,11,11,rollout-2026-07-31T11-06-09-019fb659-d8c8-7971-aa5f-6125546bafd1.jsonl;rollout-2026-08-04T09-20-33-019fca92-996a-7fb0-beea-942596ee66ef.jsonl;rollout-2026-08-04T10-12-03-019fcac1-c2c1-7fa1-9025-75f407e5c17d.jsonl;rollout-2026-08-04T10-21-58-019fcaca-d45c-71e2-b106-bf99705f2352.jsonl;rollout-2026-08-04T10-34-18-019fcad6-1ecd-7850-99bb-3c6de4e50875.jsonl;rollout-2026-08-04T10-48-23-019fcae3-056d-75d1-92ad-eb777da35982.jsonl;rollout-2026-08-04T11-16-01-019fcafc-52a7-7192-8947-b6108df3e0a0.jsonl;rollout-2026-08-04T12-06-35-019fcb2a-9ce7-77a0-883d-13f05394caa9.jsonl;rollout-2026-08-04T13-25-53-019fcb73-38aa-7dc1-a0e8-ba0bbda0b211.jsonl;rollout-2026-08-04T14-54-53-019fcbc4-b3f2-77f3-b7c1-a06a5366e820.jsonl;rollout-2026-08-04T16-25-55-019fcc18-0915-78d0-ba2c-e6b7a07eb9f1.jsonl,public\upload\BaiViet\bv2.jpg
public\upload\BaiViet\bv3.jpg,True,11,11,rollout-2026-07-31T11-06-09-019fb659-d8c8-7971-aa5f-6125546bafd1.jsonl;rollout-2026-08-04T09-20-33-019fca92-996a-7fb0-beea-942596ee66ef.jsonl;rollout-2026-08-04T10-12-03-019fcac1-c2c1-7fa1-9025-75f407e5c17d.jsonl;rollout-2026-08-04T10-21-58-019fcaca-d45c-71e2-b106-bf99705f2352.jsonl;rollout-2026-08-04T10-34-18-019fcad6-1ecd-7850-99bb-3c6de4e50875.jsonl;rollout-2026-08-04T10-48-23-019fcae3-056d-75d1-92ad-eb777da35982.jsonl;rollout-2026-08-04T11-16-01-019fcafc-52a7-7192-8947-b6108df3e0a0.jsonl;rollout-2026-08-04T12-06-35-019fcb2a-9ce7-77a0-883d-13f05394caa9.jsonl;rollout-2026-08-04T13-25-53-019fcb73-38aa-7dc1-a0e8-ba0bbda0b211.jsonl;rollout-2026-08-04T14-54-53-019fcbc4-b3f2-77f3-b7c1-a06a5366e820.jsonl;rollout-2026-08-04T16-25-55-019fcc18-0915-78d0-ba2c-e6b7a07eb9f1.jsonl,public\upload\BaiViet\bv3.jpg
public\upload\BaiViet\bv4.jpg,True,11,11,rollout-2026-07-31T11-06-09-019fb659-d8c8-7971-aa5f-6125546bafd1.jsonl;rollout-2026-08-04T09-20-33-019fca92-996a-7fb0-beea-942596ee66ef.jsonl;rollout-2026-08-04T10-12-03-019fcac1-c2c1-7fa1-9025-75f407e5c17d.jsonl;rollout-2026-08-04T10-21-58-019fcaca-d45c-71e2-b106-bf99705f2352.jsonl;rollout-2026-08-04T10-34-18-019fcad6-1ecd-7850-99bb-3c6de4e50875.jsonl;rollout-2026-08-04T10-48-23-019fcae3-056d-75d1-92ad-eb777da35982.jsonl;rollout-2026-08-04T11-16-01-019fcafc-52a7-7192-8947-b6108df3e0a0.jsonl;rollout-2026-08-04T12-06-35-019fcb2a-9ce7-77a0-883d-13f05394caa9.jsonl;rollout-2026-08-04T13-25-53-019fcb73-38aa-7dc1-a0e8-ba0bbda0b211.jsonl;rollout-2026-08-04T14-54-53-019fcbc4-b3f2-77f3-b7c1-a06a5366e820.jsonl;rollout-2026-08-04T16-25-55-019fcc18-0915-78d0-ba2c-e6b7a07eb9f1.jsonl,public\upload\BaiViet\bv4.jpg
public\upload\banner\03ba8495-4fdb-4a0c-8f96-95b32c146b6e.png,True,21,57,rollout-2026-07-31T11-06-09-019fb659-d8c8-7971-aa5f-6125546bafd1.jsonl;rollout-2026-08-02T17-29-48-019fc205-cd55-7a50-950b-2f6a196b5dee.jsonl;rollout-2026-08-04T08-35-38-019fca69-7aad-7c81-a41b-21d9b9b7a3a6.jsonl;rollout-2026-08-04T09-20-33-019fca92-996a-7fb0-beea-942596ee66ef.jsonl;rollout-2026-08-04T10-12-03-019fcac1-c2c1-7fa1-9025-75f407e5c17d.jsonl;rollout-2026-08-04T10-15-17-019fcac4-b895-7d41-8678-b7e083a63a7c.jsonl;rollout-2026-08-04T10-19-37-019fcac8-aef6-7891-b93f-98ea184a621a.jsonl;rollout-2026-08-04T10-21-58-019fcaca-d45c-71e2-b106-bf99705f2352.jsonl;rollout-2026-08-04T10-34-18-019fcad6-1ecd-7850-99bb-3c6de4e50875.jsonl;rollout-2026-08-04T10-48-23-019fcae3-056d-75d1-92ad-eb777da35982.jsonl;rollout-2026-08-04T11-16-01-019fcafc-52a7-7192-8947-b6108df3e0a0.jsonl;rollout-2026-08-04T11-30-54-019fcb09-f095-73f0-a684-f990ae1268d9.jsonl;rollout-2026-08-04T12-04-05-019fcb28-5502-7851-a2a2-04d6af5ebca0.jsonl;rollout-2026-08-04T12-06-35-019fcb2a-9ce7-77a0-883d-13f05394caa9.jsonl;rollout-2026-08-04T13-25-53-019fcb73-38aa-7dc1-a0e8-ba0bbda0b211.jsonl;rollout-2026-08-04T13-46-54-019fcb86-7621-7113-8c34-e9e4bbbbcec9.jsonl;rollout-2026-08-04T14-54-53-019fcbc4-b3f2-77f3-b7c1-a06a5366e820.jsonl;rollout-2026-08-04T15-01-41-019fcbca-eaed-74d1-bf45-177cdb3f3491.jsonl;rollout-2026-08-04T15-07-44-019fcbd0-75f1-73c3-a828-838aa341eb82.jsonl;rollout-2026-08-04T16-25-55-019fcc18-0915-78d0-ba2c-e6b7a07eb9f1.jsonl;rollout-2026-08-04T20-47-31-019fcd07-8c5b-7af3-b9ec-87cb36d7a952.jsonl,public\upload\banner\03ba8495-4fdb-4a0c-8f96-95b32c146b6e.png
public\upload\banner\4dbe1275-3caa-4417-99a0-70167a563a79.png,True,21,57,rollout-2026-07-31T11-06-09-019fb659-d8c8-7971-aa5f-6125546bafd1.jsonl;rollout-2026-08-02T17-29-48-019fc205-cd55-7a50-950b-2f6a196b5dee.jsonl;rollout-2026-08-04T08-35-38-019fca69-7aad-7c81-a41b-21d9b9b7a3a6.jsonl;rollout-2026-08-04T09-20-33-019fca92-996a-7fb0-beea-942596ee66ef.jsonl;rollout-2026-08-04T10-12-03-019fcac1-c2c1-7fa1-9025-75f407e5c17d.jsonl;rollout-2026-08-04T10-15-17-019fcac4-b895-7d41-8678-b7e083a63a7c.jsonl;rollout-2026-08-04T10-19-37-019fcac8-aef6-7891-b93f-98ea184a621a.jsonl;rollout-2026-08-04T10-21-58-019fcaca-d45c-71e2-b106-bf99705f2352.jsonl;rollout-2026-08-04T10-34-18-019fcad6-1ecd-7850-99bb-3c6de4e50875.jsonl;rollout-2026-08-04T10-48-23-019fcae3-056d-75d1-92ad-eb777da35982.jsonl;rollout-2026-08-04T11-16-01-019fcafc-52a7-7192-8947-b6108df3e0a0.jsonl;rollout-2026-08-04T11-30-54-019fcb09-f095-73f0-a684-f990ae1268d9.jsonl;rollout-2026-08-04T12-04-05-019fcb28-5502-7851-a2a2-04d6af5ebca0.jsonl;rollout-2026-08-04T12-06-35-019fcb2a-9ce7-77a0-883d-13f05394caa9.jsonl;rollout-2026-08-04T13-25-53-019fcb73-38aa-7dc1-a0e8-ba0bbda0b211.jsonl;rollout-2026-08-04T13-46-54-019fcb86-7621-7113-8c34-e9e4bbbbcec9.jsonl;rollout-2026-08-04T14-54-53-019fcbc4-b3f2-77f3-b7c1-a06a5366e820.jsonl;rollout-2026-08-04T15-01-41-019fcbca-eaed-74d1-bf45-177cdb3f3491.jsonl;rollout-2026-08-04T15-07-44-019fcbd0-75f1-73c3-a828-838aa341eb82.jsonl;rollout-2026-08-04T16-25-55-019fcc18-0915-78d0-ba2c-e6b7a07eb9f1.jsonl;rollout-2026-08-04T20-47-31-019fcd07-8c5b-7af3-b9ec-87cb36d7a952.jsonl,public\upload\banner\4dbe1275-3caa-4417-99a0-70167a563a79.png
public\upload\banner\banner-kinh-1.jpg,True,12,17,rollout-2026-07-31T11-06-09-019fb659-d8c8-7971-aa5f-6125546bafd1.jsonl;rollout-2026-08-04T09-20-33-019fca92-996a-7fb0-beea-942596ee66ef.jsonl;rollout-2026-08-04T10-12-03-019fcac1-c2c1-7fa1-9025-75f407e5c17d.jsonl;rollout-2026-08-04T10-21-58-019fcaca-d45c-71e2-b106-bf99705f2352.jsonl;rollout-2026-08-04T10-34-18-019fcad6-1ecd-7850-99bb-3c6de4e50875.jsonl;rollout-2026-08-04T10-48-23-019fcae3-056d-75d1-92ad-eb777da35982.jsonl;rollout-2026-08-04T11-16-01-019fcafc-52a7-7192-8947-b6108df3e0a0.jsonl;rollout-2026-08-04T12-06-35-019fcb2a-9ce7-77a0-883d-13f05394caa9.jsonl;rollout-2026-08-04T13-25-53-019fcb73-38aa-7dc1-a0e8-ba0bbda0b211.jsonl;rollout-2026-08-04T14-54-53-019fcbc4-b3f2-77f3-b7c1-a06a5366e820.jsonl;rollout-2026-08-04T16-25-55-019fcc18-0915-78d0-ba2c-e6b7a07eb9f1.jsonl;rollout-2026-08-04T20-47-31-019fcd07-8c5b-7af3-b9ec-87cb36d7a952.jsonl,public\upload\banner\banner-kinh-1.jpg
public\upload\banner\banner-kinh-2.png,True,12,17,rollout-2026-07-31T11-06-09-019fb659-d8c8-7971-aa5f-6125546bafd1.jsonl;rollout-2026-08-04T09-20-33-019fca92-996a-7fb0-beea-942596ee66ef.jsonl;rollout-2026-08-04T10-12-03-019fcac1-c2c1-7fa1-9025-75f407e5c17d.jsonl;rollout-2026-08-04T10-21-58-019fcaca-d45c-71e2-b106-bf99705f2352.jsonl;rollout-2026-08-04T10-34-18-019fcad6-1ecd-7850-99bb-3c6de4e50875.jsonl;rollout-2026-08-04T10-48-23-019fcae3-056d-75d1-92ad-eb777da35982.jsonl;rollout-2026-08-04T11-16-01-019fcafc-52a7-7192-8947-b6108df3e0a0.jsonl;rollout-2026-08-04T12-06-35-019fcb2a-9ce7-77a0-883d-13f05394caa9.jsonl;rollout-2026-08-04T13-25-53-019fcb73-38aa-7dc1-a0e8-ba0bbda0b211.jsonl;rollout-2026-08-04T14-54-53-019fcbc4-b3f2-77f3-b7c1-a06a5366e820.jsonl;rollout-2026-08-04T16-25-55-019fcc18-0915-78d0-ba2c-e6b7a07eb9f1.jsonl;rollout-2026-08-04T20-47-31-019fcd07-8c5b-7af3-b9ec-87cb36d7a952.jsonl,public\upload\banner\banner-kinh-2.png
public\upload\banner\banner-kinh-3.jpg,True,12,17,rollout-2026-07-31T11-06-09-019fb659-d8c8-7971-aa5f-6125546bafd1.jsonl;rollout-2026-08-04T09-20-33-019fca92-996a-7fb0-beea-942596ee66ef.jsonl;rollout-2026-08-04T10-12-03-019fcac1-c2c1-7fa1-9025-75f407e5c17d.jsonl;rollout-2026-08-04T10-21-58-019fcaca-d45c-71e2-b106-bf99705f2352.jsonl;rollout-2026-08-04T10-34-18-019fcad6-1ecd-7850-99bb-3c6de4e50875.jsonl;rollout-2026-08-04T10-48-23-019fcae3-056d-75d1-92ad-eb777da35982.jsonl;rollout-2026-08-04T11-16-01-019fcafc-52a7-7192-8947-b6108df3e0a0.jsonl;rollout-2026-08-04T12-06-35-019fcb2a-9ce7-77a0-883d-13f05394caa9.jsonl;rollout-2026-08-04T13-25-53-019fcb73-38aa-7dc1-a0e8-ba0bbda0b211.jsonl;rollout-2026-08-04T14-54-53-019fcbc4-b3f2-77f3-b7c1-a06a5366e820.jsonl;rollout-2026-08-04T16-25-55-019fcc18-0915-78d0-ba2c-e6b7a07eb9f1.jsonl;rollout-2026-08-04T20-47-31-019fcd07-8c5b-7af3-b9ec-87cb36d7a952.jsonl,public\upload\banner\banner-kinh-3.jpg
public\upload\banner\banner-kinh-4.png,True,12,20,rollout-2026-07-31T11-06-09-019fb659-d8c8-7971-aa5f-6125546bafd1.jsonl;rollout-2026-08-04T09-20-33-019fca92-996a-7fb0-beea-942596ee66ef.jsonl;rollout-2026-08-04T10-12-03-019fcac1-c2c1-7fa1-9025-75f407e5c17d.jsonl;rollout-2026-08-04T10-21-58-019fcaca-d45c-71e2-b106-bf99705f2352.jsonl;rollout-2026-08-04T10-34-18-019fcad6-1ecd-7850-99bb-3c6de4e50875.jsonl;rollout-2026-08-04T10-48-23-019fcae3-056d-75d1-92ad-eb777da35982.jsonl;rollout-2026-08-04T11-16-01-019fcafc-52a7-7192-8947-b6108df3e0a0.jsonl;rollout-2026-08-04T12-06-35-019fcb2a-9ce7-77a0-883d-13f05394caa9.jsonl;rollout-2026-08-04T13-25-53-019fcb73-38aa-7dc1-a0e8-ba0bbda0b211.jsonl;rollout-2026-08-04T14-54-53-019fcbc4-b3f2-77f3-b7c1-a06a5366e820.jsonl;rollout-2026-08-04T16-25-55-019fcc18-0915-78d0-ba2c-e6b7a07eb9f1.jsonl;rollout-2026-08-04T20-47-31-019fcd07-8c5b-7af3-b9ec-87cb36d7a952.jsonl,public\upload\banner\banner-kinh-4.png
public\upload\face-o.jpg,True,11,11,rollout-2026-07-31T11-06-09-019fb659-d8c8-7971-aa5f-6125546bafd1.jsonl;rollout-2026-08-04T09-20-33-019fca92-996a-7fb0-beea-942596ee66ef.jsonl;rollout-2026-08-04T10-12-03-019fcac1-c2c1-7fa1-9025-75f407e5c17d.jsonl;rollout-2026-08-04T10-21-58-019fcaca-d45c-71e2-b106-bf99705f2352.jsonl;rollout-2026-08-04T10-34-18-019fcad6-1ecd-7850-99bb-3c6de4e50875.jsonl;rollout-2026-08-04T10-48-23-019fcae3-056d-75d1-92ad-eb777da35982.jsonl;rollout-2026-08-04T11-16-01-019fcafc-52a7-7192-8947-b6108df3e0a0.jsonl;rollout-2026-08-04T12-06-35-019fcb2a-9ce7-77a0-883d-13f05394caa9.jsonl;rollout-2026-08-04T13-25-53-019fcb73-38aa-7dc1-a0e8-ba0bbda0b211.jsonl;rollout-2026-08-04T14-54-53-019fcbc4-b3f2-77f3-b7c1-a06a5366e820.jsonl;rollout-2026-08-04T16-25-55-019fcc18-0915-78d0-ba2c-e6b7a07eb9f1.jsonl,public\upload\face-o.jpg
public\upload\face-x.jpg,True,11,11,rollout-2026-07-31T11-06-09-019fb659-d8c8-7971-aa5f-6125546bafd1.jsonl;rollout-2026-08-04T09-20-33-019fca92-996a-7fb0-beea-942596ee66ef.jsonl;rollout-2026-08-04T10-12-03-019fcac1-c2c1-7fa1-9025-75f407e5c17d.jsonl;rollout-2026-08-04T10-21-58-019fcaca-d45c-71e2-b106-bf99705f2352.jsonl;rollout-2026-08-04T10-34-18-019fcad6-1ecd-7850-99bb-3c6de4e50875.jsonl;rollout-2026-08-04T10-48-23-019fcae3-056d-75d1-92ad-eb777da35982.jsonl;rollout-2026-08-04T11-16-01-019fcafc-52a7-7192-8947-b6108df3e0a0.jsonl;rollout-2026-08-04T12-06-35-019fcb2a-9ce7-77a0-883d-13f05394caa9.jsonl;rollout-2026-08-04T13-25-53-019fcb73-38aa-7dc1-a0e8-ba0bbda0b211.jsonl;rollout-2026-08-04T14-54-53-019fcbc4-b3f2-77f3-b7c1-a06a5366e820.jsonl;rollout-2026-08-04T16-25-55-019fcc18-0915-78d0-ba2c-e6b7a07eb9f1.jsonl,public\upload\face-x.jpg
public\upload\icons8-angle-48.png,True,11,11,rollout-2026-07-31T11-06-09-019fb659-d8c8-7971-aa5f-6125546bafd1.jsonl;rollout-2026-08-04T09-20-33-019fca92-996a-7fb0-beea-942596ee66ef.jsonl;rollout-2026-08-04T10-12-03-019fcac1-c2c1-7fa1-9025-75f407e5c17d.jsonl;rollout-2026-08-04T10-21-58-019fcaca-d45c-71e2-b106-bf99705f2352.jsonl;rollout-2026-08-04T10-34-18-019fcad6-1ecd-7850-99bb-3c6de4e50875.jsonl;rollout-2026-08-04T10-48-23-019fcae3-056d-75d1-92ad-eb777da35982.jsonl;rollout-2026-08-04T11-16-01-019fcafc-52a7-7192-8947-b6108df3e0a0.jsonl;rollout-2026-08-04T12-06-35-019fcb2a-9ce7-77a0-883d-13f05394caa9.jsonl;rollout-2026-08-04T13-25-53-019fcb73-38aa-7dc1-a0e8-ba0bbda0b211.jsonl;rollout-2026-08-04T14-54-53-019fcbc4-b3f2-77f3-b7c1-a06a5366e820.jsonl;rollout-2026-08-04T16-25-55-019fcc18-0915-78d0-ba2c-e6b7a07eb9f1.jsonl,public\upload\icons8-angle-48.png
public\upload\kinh-mat-1.png,True,12,18,rollout-2026-07-31T11-06-09-019fb659-d8c8-7971-aa5f-6125546bafd1.jsonl;rollout-2026-08-04T09-20-33-019fca92-996a-7fb0-beea-942596ee66ef.jsonl;rollout-2026-08-04T10-12-03-019fcac1-c2c1-7fa1-9025-75f407e5c17d.jsonl;rollout-2026-08-04T10-21-58-019fcaca-d45c-71e2-b106-bf99705f2352.jsonl;rollout-2026-08-04T10-34-18-019fcad6-1ecd-7850-99bb-3c6de4e50875.jsonl;rollout-2026-08-04T10-48-23-019fcae3-056d-75d1-92ad-eb777da35982.jsonl;rollout-2026-08-04T11-16-01-019fcafc-52a7-7192-8947-b6108df3e0a0.jsonl;rollout-2026-08-04T12-06-35-019fcb2a-9ce7-77a0-883d-13f05394caa9.jsonl;rollout-2026-08-04T13-25-53-019fcb73-38aa-7dc1-a0e8-ba0bbda0b211.jsonl;rollout-2026-08-04T14-54-53-019fcbc4-b3f2-77f3-b7c1-a06a5366e820.jsonl;rollout-2026-08-04T16-25-55-019fcc18-0915-78d0-ba2c-e6b7a07eb9f1.jsonl;rollout-2026-08-04T20-47-31-019fcd07-8c5b-7af3-b9ec-87cb36d7a952.jsonl,public\upload\kinh-mat-1.png
public\upload\kinhmat-1.jpg,True,12,18,rollout-2026-07-31T11-06-09-019fb659-d8c8-7971-aa5f-6125546bafd1.jsonl;rollout-2026-08-04T09-20-33-019fca92-996a-7fb0-beea-942596ee66ef.jsonl;rollout-2026-08-04T10-12-03-019fcac1-c2c1-7fa1-9025-75f407e5c17d.jsonl;rollout-2026-08-04T10-21-58-019fcaca-d45c-71e2-b106-bf99705f2352.jsonl;rollout-2026-08-04T10-34-18-019fcad6-1ecd-7850-99bb-3c6de4e50875.jsonl;rollout-2026-08-04T10-48-23-019fcae3-056d-75d1-92ad-eb777da35982.jsonl;rollout-2026-08-04T11-16-01-019fcafc-52a7-7192-8947-b6108df3e0a0.jsonl;rollout-2026-08-04T12-06-35-019fcb2a-9ce7-77a0-883d-13f05394caa9.jsonl;rollout-2026-08-04T13-25-53-019fcb73-38aa-7dc1-a0e8-ba0bbda0b211.jsonl;rollout-2026-08-04T14-54-53-019fcbc4-b3f2-77f3-b7c1-a06a5366e820.jsonl;rollout-2026-08-04T16-25-55-019fcc18-0915-78d0-ba2c-e6b7a07eb9f1.jsonl;rollout-2026-08-04T20-47-31-019fcd07-8c5b-7af3-b9ec-87cb36d7a952.jsonl,public\upload\kinhmat-1.jpg
public\upload\kinhmat-10.jpg,True,12,18,rollout-2026-07-31T11-06-09-019fb659-d8c8-7971-aa5f-6125546bafd1.jsonl;rollout-2026-08-04T09-20-33-019fca92-996a-7fb0-beea-942596ee66ef.jsonl;rollout-2026-08-04T10-12-03-019fcac1-c2c1-7fa1-9025-75f407e5c17d.jsonl;rollout-2026-08-04T10-21-58-019fcaca-d45c-71e2-b106-bf99705f2352.jsonl;rollout-2026-08-04T10-34-18-019fcad6-1ecd-7850-99bb-3c6de4e50875.jsonl;rollout-2026-08-04T10-48-23-019fcae3-056d-75d1-92ad-eb777da35982.jsonl;rollout-2026-08-04T11-16-01-019fcafc-52a7-7192-8947-b6108df3e0a0.jsonl;rollout-2026-08-04T12-06-35-019fcb2a-9ce7-77a0-883d-13f05394caa9.jsonl;rollout-2026-08-04T13-25-53-019fcb73-38aa-7dc1-a0e8-ba0bbda0b211.jsonl;rollout-2026-08-04T14-54-53-019fcbc4-b3f2-77f3-b7c1-a06a5366e820.jsonl;rollout-2026-08-04T16-25-55-019fcc18-0915-78d0-ba2c-e6b7a07eb9f1.jsonl;rollout-2026-08-04T20-47-31-019fcd07-8c5b-7af3-b9ec-87cb36d7a952.jsonl,public\upload\kinhmat-10.jpg
public\upload\kinhmat-11.jpg,True,12,18,rollout-2026-07-31T11-06-09-019fb659-d8c8-7971-aa5f-6125546bafd1.jsonl;rollout-2026-08-04T09-20-33-019fca92-996a-7fb0-beea-942596ee66ef.jsonl;rollout-2026-08-04T10-12-03-019fcac1-c2c1-7fa1-9025-75f407e5c17d.jsonl;rollout-2026-08-04T10-21-58-019fcaca-d45c-71e2-b106-bf99705f2352.jsonl;rollout-2026-08-04T10-34-18-019fcad6-1ecd-7850-99bb-3c6de4e50875.jsonl;rollout-2026-08-04T10-48-23-019fcae3-056d-75d1-92ad-eb777da35982.jsonl;rollout-2026-08-04T11-16-01-019fcafc-52a7-7192-8947-b6108df3e0a0.jsonl;rollout-2026-08-04T12-06-35-019fcb2a-9ce7-77a0-883d-13f05394caa9.jsonl;rollout-2026-08-04T13-25-53-019fcb73-38aa-7dc1-a0e8-ba0bbda0b211.jsonl;rollout-2026-08-04T14-54-53-019fcbc4-b3f2-77f3-b7c1-a06a5366e820.jsonl;rollout-2026-08-04T16-25-55-019fcc18-0915-78d0-ba2c-e6b7a07eb9f1.jsonl;rollout-2026-08-04T20-47-31-019fcd07-8c5b-7af3-b9ec-87cb36d7a952.jsonl,public\upload\kinhmat-11.jpg
public\upload\kinhmat-12.jpg,True,12,18,rollout-2026-07-31T11-06-09-019fb659-d8c8-7971-aa5f-6125546bafd1.jsonl;rollout-2026-08-04T09-20-33-019fca92-996a-7fb0-beea-942596ee66ef.jsonl;rollout-2026-08-04T10-12-03-019fcac1-c2c1-7fa1-9025-75f407e5c17d.jsonl;rollout-2026-08-04T10-21-58-019fcaca-d45c-71e2-b106-bf99705f2352.jsonl;rollout-2026-08-04T10-34-18-019fcad6-1ecd-7850-99bb-3c6de4e50875.jsonl;rollout-2026-08-04T10-48-23-019fcae3-056d-75d1-92ad-eb777da35982.jsonl;rollout-2026-08-04T11-16-01-019fcafc-52a7-7192-8947-b6108df3e0a0.jsonl;rollout-2026-08-04T12-06-35-019fcb2a-9ce7-77a0-883d-13f05394caa9.jsonl;rollout-2026-08-04T13-25-53-019fcb73-38aa-7dc1-a0e8-ba0bbda0b211.jsonl;rollout-2026-08-04T14-54-53-019fcbc4-b3f2-77f3-b7c1-a06a5366e820.jsonl;rollout-2026-08-04T16-25-55-019fcc18-0915-78d0-ba2c-e6b7a07eb9f1.jsonl;rollout-2026-08-04T20-47-31-019fcd07-8c5b-7af3-b9ec-87cb36d7a952.jsonl,public\upload\kinhmat-12.jpg
public\upload\kinhmat-14.jpg,True,12,18,rollout-2026-07-31T11-06-09-019fb659-d8c8-7971-aa5f-6125546bafd1.jsonl;rollout-2026-08-04T09-20-33-019fca92-996a-7fb0-beea-942596ee66ef.jsonl;rollout-2026-08-04T10-12-03-019fcac1-c2c1-7fa1-9025-75f407e5c17d.jsonl;rollout-2026-08-04T10-21-58-019fcaca-d45c-71e2-b106-bf99705f2352.jsonl;rollout-2026-08-04T10-34-18-019fcad6-1ecd-7850-99bb-3c6de4e50875.jsonl;rollout-2026-08-04T10-48-23-019fcae3-056d-75d1-92ad-eb777da35982.jsonl;rollout-2026-08-04T11-16-01-019fcafc-52a7-7192-8947-b6108df3e0a0.jsonl;rollout-2026-08-04T12-06-35-019fcb2a-9ce7-77a0-883d-13f05394caa9.jsonl;rollout-2026-08-04T13-25-53-019fcb73-38aa-7dc1-a0e8-ba0bbda0b211.jsonl;rollout-2026-08-04T14-54-53-019fcbc4-b3f2-77f3-b7c1-a06a5366e820.jsonl;rollout-2026-08-04T16-25-55-019fcc18-0915-78d0-ba2c-e6b7a07eb9f1.jsonl;rollout-2026-08-04T20-47-31-019fcd07-8c5b-7af3-b9ec-87cb36d7a952.jsonl,public\upload\kinhmat-14.jpg
public\upload\kinhmat-15.jpg,True,12,18,rollout-2026-07-31T11-06-09-019fb659-d8c8-7971-aa5f-6125546bafd1.jsonl;rollout-2026-08-04T09-20-33-019fca92-996a-7fb0-beea-942596ee66ef.jsonl;rollout-2026-08-04T10-12-03-019fcac1-c2c1-7fa1-9025-75f407e5c17d.jsonl;rollout-2026-08-04T10-21-58-019fcaca-d45c-71e2-b106-bf99705f2352.jsonl;rollout-2026-08-04T10-34-18-019fcad6-1ecd-7850-99bb-3c6de4e50875.jsonl;rollout-2026-08-04T10-48-23-019fcae3-056d-75d1-92ad-eb777da35982.jsonl;rollout-2026-08-04T11-16-01-019fcafc-52a7-7192-8947-b6108df3e0a0.jsonl;rollout-2026-08-04T12-06-35-019fcb2a-9ce7-77a0-883d-13f05394caa9.jsonl;rollout-2026-08-04T13-25-53-019fcb73-38aa-7dc1-a0e8-ba0bbda0b211.jsonl;rollout-2026-08-04T14-54-53-019fcbc4-b3f2-77f3-b7c1-a06a5366e820.jsonl;rollout-2026-08-04T16-25-55-019fcc18-0915-78d0-ba2c-e6b7a07eb9f1.jsonl;rollout-2026-08-04T20-47-31-019fcd07-8c5b-7af3-b9ec-87cb36d7a952.jsonl,public\upload\kinhmat-15.jpg
public\upload\kinhmat-16.jpg,True,12,18,rollout-2026-07-31T11-06-09-019fb659-d8c8-7971-aa5f-6125546bafd1.jsonl;rollout-2026-08-04T09-20-33-019fca92-996a-7fb0-beea-942596ee66ef.jsonl;rollout-2026-08-04T10-12-03-019fcac1-c2c1-7fa1-9025-75f407e5c17d.jsonl;rollout-2026-08-04T10-21-58-019fcaca-d45c-71e2-b106-bf99705f2352.jsonl;rollout-2026-08-04T10-34-18-019fcad6-1ecd-7850-99bb-3c6de4e50875.jsonl;rollout-2026-08-04T10-48-23-019fcae3-056d-75d1-92ad-eb777da35982.jsonl;rollout-2026-08-04T11-16-01-019fcafc-52a7-7192-8947-b6108df3e0a0.jsonl;rollout-2026-08-04T12-06-35-019fcb2a-9ce7-77a0-883d-13f05394caa9.jsonl;rollout-2026-08-04T13-25-53-019fcb73-38aa-7dc1-a0e8-ba0bbda0b211.jsonl;rollout-2026-08-04T14-54-53-019fcbc4-b3f2-77f3-b7c1-a06a5366e820.jsonl;rollout-2026-08-04T16-25-55-019fcc18-0915-78d0-ba2c-e6b7a07eb9f1.jsonl;rollout-2026-08-04T20-47-31-019fcd07-8c5b-7af3-b9ec-87cb36d7a952.jsonl,public\upload\kinhmat-16.jpg
public\upload\kinhmat-2.jpg,True,12,18,rollout-2026-07-31T11-06-09-019fb659-d8c8-7971-aa5f-6125546bafd1.jsonl;rollout-2026-08-04T09-20-33-019fca92-996a-7fb0-beea-942596ee66ef.jsonl;rollout-2026-08-04T10-12-03-019fcac1-c2c1-7fa1-9025-75f407e5c17d.jsonl;rollout-2026-08-04T10-21-58-019fcaca-d45c-71e2-b106-bf99705f2352.jsonl;rollout-2026-08-04T10-34-18-019fcad6-1ecd-7850-99bb-3c6de4e50875.jsonl;rollout-2026-08-04T10-48-23-019fcae3-056d-75d1-92ad-eb777da35982.jsonl;rollout-2026-08-04T11-16-01-019fcafc-52a7-7192-8947-b6108df3e0a0.jsonl;rollout-2026-08-04T12-06-35-019fcb2a-9ce7-77a0-883d-13f05394caa9.jsonl;rollout-2026-08-04T13-25-53-019fcb73-38aa-7dc1-a0e8-ba0bbda0b211.jsonl;rollout-2026-08-04T14-54-53-019fcbc4-b3f2-77f3-b7c1-a06a5366e820.jsonl;rollout-2026-08-04T16-25-55-019fcc18-0915-78d0-ba2c-e6b7a07eb9f1.jsonl;rollout-2026-08-04T20-47-31-019fcd07-8c5b-7af3-b9ec-87cb36d7a952.jsonl,public\upload\kinhmat-2.jpg
public\upload\kinhmat-3.jpg,True,12,17,rollout-2026-07-31T11-06-09-019fb659-d8c8-7971-aa5f-6125546bafd1.jsonl;rollout-2026-08-04T09-20-33-019fca92-996a-7fb0-beea-942596ee66ef.jsonl;rollout-2026-08-04T10-12-03-019fcac1-c2c1-7fa1-9025-75f407e5c17d.jsonl;rollout-2026-08-04T10-21-58-019fcaca-d45c-71e2-b106-bf99705f2352.jsonl;rollout-2026-08-04T10-34-18-019fcad6-1ecd-7850-99bb-3c6de4e50875.jsonl;rollout-2026-08-04T10-48-23-019fcae3-056d-75d1-92ad-eb777da35982.jsonl;rollout-2026-08-04T11-16-01-019fcafc-52a7-7192-8947-b6108df3e0a0.jsonl;rollout-2026-08-04T12-06-35-019fcb2a-9ce7-77a0-883d-13f05394caa9.jsonl;rollout-2026-08-04T13-25-53-019fcb73-38aa-7dc1-a0e8-ba0bbda0b211.jsonl;rollout-2026-08-04T14-54-53-019fcbc4-b3f2-77f3-b7c1-a06a5366e820.jsonl;rollout-2026-08-04T16-25-55-019fcc18-0915-78d0-ba2c-e6b7a07eb9f1.jsonl;rollout-2026-08-04T20-47-31-019fcd07-8c5b-7af3-b9ec-87cb36d7a952.jsonl,public\upload\kinhmat-3.jpg
public\upload\kinhmat-34.jpg,True,12,16,rollout-2026-07-31T11-06-09-019fb659-d8c8-7971-aa5f-6125546bafd1.jsonl;rollout-2026-08-04T09-20-33-019fca92-996a-7fb0-beea-942596ee66ef.jsonl;rollout-2026-08-04T10-12-03-019fcac1-c2c1-7fa1-9025-75f407e5c17d.jsonl;rollout-2026-08-04T10-21-58-019fcaca-d45c-71e2-b106-bf99705f2352.jsonl;rollout-2026-08-04T10-34-18-019fcad6-1ecd-7850-99bb-3c6de4e50875.jsonl;rollout-2026-08-04T10-48-23-019fcae3-056d-75d1-92ad-eb777da35982.jsonl;rollout-2026-08-04T11-16-01-019fcafc-52a7-7192-8947-b6108df3e0a0.jsonl;rollout-2026-08-04T12-06-35-019fcb2a-9ce7-77a0-883d-13f05394caa9.jsonl;rollout-2026-08-04T13-25-53-019fcb73-38aa-7dc1-a0e8-ba0bbda0b211.jsonl;rollout-2026-08-04T14-54-53-019fcbc4-b3f2-77f3-b7c1-a06a5366e820.jsonl;rollout-2026-08-04T16-25-55-019fcc18-0915-78d0-ba2c-e6b7a07eb9f1.jsonl;rollout-2026-08-04T20-47-31-019fcd07-8c5b-7af3-b9ec-87cb36d7a952.jsonl,public\upload\kinhmat-34.jpg
public\upload\kinhmat-5.jpg,True,12,16,rollout-2026-07-31T11-06-09-019fb659-d8c8-7971-aa5f-6125546bafd1.jsonl;rollout-2026-08-04T09-20-33-019fca92-996a-7fb0-beea-942596ee66ef.jsonl;rollout-2026-08-04T10-12-03-019fcac1-c2c1-7fa1-9025-75f407e5c17d.jsonl;rollout-2026-08-04T10-21-58-019fcaca-d45c-71e2-b106-bf99705f2352.jsonl;rollout-2026-08-04T10-34-18-019fcad6-1ecd-7850-99bb-3c6de4e50875.jsonl;rollout-2026-08-04T10-48-23-019fcae3-056d-75d1-92ad-eb777da35982.jsonl;rollout-2026-08-04T11-16-01-019fcafc-52a7-7192-8947-b6108df3e0a0.jsonl;rollout-2026-08-04T12-06-35-019fcb2a-9ce7-77a0-883d-13f05394caa9.jsonl;rollout-2026-08-04T13-25-53-019fcb73-38aa-7dc1-a0e8-ba0bbda0b211.jsonl;rollout-2026-08-04T14-54-53-019fcbc4-b3f2-77f3-b7c1-a06a5366e820.jsonl;rollout-2026-08-04T16-25-55-019fcc18-0915-78d0-ba2c-e6b7a07eb9f1.jsonl;rollout-2026-08-04T20-47-31-019fcd07-8c5b-7af3-b9ec-87cb36d7a952.jsonl,public\upload\kinhmat-5.jpg
public\upload\kinhmat-6.jpg,True,12,15,rollout-2026-07-31T11-06-09-019fb659-d8c8-7971-aa5f-6125546bafd1.jsonl;rollout-2026-08-04T09-20-33-019fca92-996a-7fb0-beea-942596ee66ef.jsonl;rollout-2026-08-04T10-12-03-019fcac1-c2c1-7fa1-9025-75f407e5c17d.jsonl;rollout-2026-08-04T10-21-58-019fcaca-d45c-71e2-b106-bf99705f2352.jsonl;rollout-2026-08-04T10-34-18-019fcad6-1ecd-7850-99bb-3c6de4e50875.jsonl;rollout-2026-08-04T10-48-23-019fcae3-056d-75d1-92ad-eb777da35982.jsonl;rollout-2026-08-04T11-16-01-019fcafc-52a7-7192-8947-b6108df3e0a0.jsonl;rollout-2026-08-04T12-06-35-019fcb2a-9ce7-77a0-883d-13f05394caa9.jsonl;rollout-2026-08-04T13-25-53-019fcb73-38aa-7dc1-a0e8-ba0bbda0b211.jsonl;rollout-2026-08-04T14-54-53-019fcbc4-b3f2-77f3-b7c1-a06a5366e820.jsonl;rollout-2026-08-04T16-25-55-019fcc18-0915-78d0-ba2c-e6b7a07eb9f1.jsonl;rollout-2026-08-04T20-47-31-019fcd07-8c5b-7af3-b9ec-87cb36d7a952.jsonl,public\upload\kinhmat-6.jpg
public\upload\kinhmat-7.jpg,True,12,15,rollout-2026-07-31T11-06-09-019fb659-d8c8-7971-aa5f-6125546bafd1.jsonl;rollout-2026-08-04T09-20-33-019fca92-996a-7fb0-beea-942596ee66ef.jsonl;rollout-2026-08-04T10-12-03-019fcac1-c2c1-7fa1-9025-75f407e5c17d.jsonl;rollout-2026-08-04T10-21-58-019fcaca-d45c-71e2-b106-bf99705f2352.jsonl;rollout-2026-08-04T10-34-18-019fcad6-1ecd-7850-99bb-3c6de4e50875.jsonl;rollout-2026-08-04T10-48-23-019fcae3-056d-75d1-92ad-eb777da35982.jsonl;rollout-2026-08-04T11-16-01-019fcafc-52a7-7192-8947-b6108df3e0a0.jsonl;rollout-2026-08-04T12-06-35-019fcb2a-9ce7-77a0-883d-13f05394caa9.jsonl;rollout-2026-08-04T13-25-53-019fcb73-38aa-7dc1-a0e8-ba0bbda0b211.jsonl;rollout-2026-08-04T14-54-53-019fcbc4-b3f2-77f3-b7c1-a06a5366e820.jsonl;rollout-2026-08-04T16-25-55-019fcc18-0915-78d0-ba2c-e6b7a07eb9f1.jsonl;rollout-2026-08-04T20-47-31-019fcd07-8c5b-7af3-b9ec-87cb36d7a952.jsonl,public\upload\kinhmat-7.jpg
public\upload\kinhmat-8.jpg,True,12,15,rollout-2026-07-31T11-06-09-019fb659-d8c8-7971-aa5f-6125546bafd1.jsonl;rollout-2026-08-04T09-20-33-019fca92-996a-7fb0-beea-942596ee66ef.jsonl;rollout-2026-08-04T10-12-03-019fcac1-c2c1-7fa1-9025-75f407e5c17d.jsonl;rollout-2026-08-04T10-21-58-019fcaca-d45c-71e2-b106-bf99705f2352.jsonl;rollout-2026-08-04T10-34-18-019fcad6-1ecd-7850-99bb-3c6de4e50875.jsonl;rollout-2026-08-04T10-48-23-019fcae3-056d-75d1-92ad-eb777da35982.jsonl;rollout-2026-08-04T11-16-01-019fcafc-52a7-7192-8947-b6108df3e0a0.jsonl;rollout-2026-08-04T12-06-35-019fcb2a-9ce7-77a0-883d-13f05394caa9.jsonl;rollout-2026-08-04T13-25-53-019fcb73-38aa-7dc1-a0e8-ba0bbda0b211.jsonl;rollout-2026-08-04T14-54-53-019fcbc4-b3f2-77f3-b7c1-a06a5366e820.jsonl;rollout-2026-08-04T16-25-55-019fcc18-0915-78d0-ba2c-e6b7a07eb9f1.jsonl;rollout-2026-08-04T20-47-31-019fcd07-8c5b-7af3-b9ec-87cb36d7a952.jsonl,public\upload\kinhmat-8.jpg
public\upload\kinhmat-9.jpg,True,12,15,rollout-2026-07-31T11-06-09-019fb659-d8c8-7971-aa5f-6125546bafd1.jsonl;rollout-2026-08-04T09-20-33-019fca92-996a-7fb0-beea-942596ee66ef.jsonl;rollout-2026-08-04T10-12-03-019fcac1-c2c1-7fa1-9025-75f407e5c17d.jsonl;rollout-2026-08-04T10-21-58-019fcaca-d45c-71e2-b106-bf99705f2352.jsonl;rollout-2026-08-04T10-34-18-019fcad6-1ecd-7850-99bb-3c6de4e50875.jsonl;rollout-2026-08-04T10-48-23-019fcae3-056d-75d1-92ad-eb777da35982.jsonl;rollout-2026-08-04T11-16-01-019fcafc-52a7-7192-8947-b6108df3e0a0.jsonl;rollout-2026-08-04T12-06-35-019fcb2a-9ce7-77a0-883d-13f05394caa9.jsonl;rollout-2026-08-04T13-25-53-019fcb73-38aa-7dc1-a0e8-ba0bbda0b211.jsonl;rollout-2026-08-04T14-54-53-019fcbc4-b3f2-77f3-b7c1-a06a5366e820.jsonl;rollout-2026-08-04T16-25-55-019fcc18-0915-78d0-ba2c-e6b7a07eb9f1.jsonl;rollout-2026-08-04T20-47-31-019fcd07-8c5b-7af3-b9ec-87cb36d7a952.jsonl,public\upload\kinhmat-9.jpg
public\upload\logo\logo-1.png,True,12,66,rollout-2026-08-04T10-48-23-019fcae3-056d-75d1-92ad-eb777da35982.jsonl;rollout-2026-08-04T11-16-01-019fcafc-52a7-7192-8947-b6108df3e0a0.jsonl;rollout-2026-08-04T11-30-54-019fcb09-f095-73f0-a684-f990ae1268d9.jsonl;rollout-2026-08-04T12-04-05-019fcb28-5502-7851-a2a2-04d6af5ebca0.jsonl;rollout-2026-08-04T12-06-35-019fcb2a-9ce7-77a0-883d-13f05394caa9.jsonl;rollout-2026-08-04T13-25-53-019fcb73-38aa-7dc1-a0e8-ba0bbda0b211.jsonl;rollout-2026-08-04T13-46-54-019fcb86-7621-7113-8c34-e9e4bbbbcec9.jsonl;rollout-2026-08-04T14-54-53-019fcbc4-b3f2-77f3-b7c1-a06a5366e820.jsonl;rollout-2026-08-04T15-01-41-019fcbca-eaed-74d1-bf45-177cdb3f3491.jsonl;rollout-2026-08-04T15-07-44-019fcbd0-75f1-73c3-a828-838aa341eb82.jsonl;rollout-2026-08-04T16-25-55-019fcc18-0915-78d0-ba2c-e6b7a07eb9f1.jsonl;rollout-2026-08-04T20-47-31-019fcd07-8c5b-7af3-b9ec-87cb36d7a952.jsonl,`public/upload/logo/logo-1.png`
public\upload\logo\logo-kinh.png,True,12,24,rollout-2026-07-31T11-06-09-019fb659-d8c8-7971-aa5f-6125546bafd1.jsonl;rollout-2026-08-04T09-20-33-019fca92-996a-7fb0-beea-942596ee66ef.jsonl;rollout-2026-08-04T10-12-03-019fcac1-c2c1-7fa1-9025-75f407e5c17d.jsonl;rollout-2026-08-04T10-21-58-019fcaca-d45c-71e2-b106-bf99705f2352.jsonl;rollout-2026-08-04T10-34-18-019fcad6-1ecd-7850-99bb-3c6de4e50875.jsonl;rollout-2026-08-04T10-48-23-019fcae3-056d-75d1-92ad-eb777da35982.jsonl;rollout-2026-08-04T11-16-01-019fcafc-52a7-7192-8947-b6108df3e0a0.jsonl;rollout-2026-08-04T12-06-35-019fcb2a-9ce7-77a0-883d-13f05394caa9.jsonl;rollout-2026-08-04T13-25-53-019fcb73-38aa-7dc1-a0e8-ba0bbda0b211.jsonl;rollout-2026-08-04T14-54-53-019fcbc4-b3f2-77f3-b7c1-a06a5366e820.jsonl;rollout-2026-08-04T16-25-55-019fcc18-0915-78d0-ba2c-e6b7a07eb9f1.jsonl;rollout-2026-08-04T20-47-31-019fcd07-8c5b-7af3-b9ec-87cb36d7a952.jsonl,public\upload\logo\logo-kinh.png
public\upload\luxbs0rb3025__001_33_000a.png,True,11,11,rollout-2026-07-31T11-06-09-019fb659-d8c8-7971-aa5f-6125546bafd1.jsonl;rollout-2026-08-04T09-20-33-019fca92-996a-7fb0-beea-942596ee66ef.jsonl;rollout-2026-08-04T10-12-03-019fcac1-c2c1-7fa1-9025-75f407e5c17d.jsonl;rollout-2026-08-04T10-21-58-019fcaca-d45c-71e2-b106-bf99705f2352.jsonl;rollout-2026-08-04T10-34-18-019fcad6-1ecd-7850-99bb-3c6de4e50875.jsonl;rollout-2026-08-04T10-48-23-019fcae3-056d-75d1-92ad-eb777da35982.jsonl;rollout-2026-08-04T11-16-01-019fcafc-52a7-7192-8947-b6108df3e0a0.jsonl;rollout-2026-08-04T12-06-35-019fcb2a-9ce7-77a0-883d-13f05394caa9.jsonl;rollout-2026-08-04T13-25-53-019fcb73-38aa-7dc1-a0e8-ba0bbda0b211.jsonl;rollout-2026-08-04T14-54-53-019fcbc4-b3f2-77f3-b7c1-a06a5366e820.jsonl;rollout-2026-08-04T16-25-55-019fcc18-0915-78d0-ba2c-e6b7a07eb9f1.jsonl,public\upload\luxbs0rb3025__001_33_000a.png
public\upload\luxbs0rb3025__001_33_030a.png,True,11,11,rollout-2026-07-31T11-06-09-019fb659-d8c8-7971-aa5f-6125546bafd1.jsonl;rollout-2026-08-04T09-20-33-019fca92-996a-7fb0-beea-942596ee66ef.jsonl;rollout-2026-08-04T10-12-03-019fcac1-c2c1-7fa1-9025-75f407e5c17d.jsonl;rollout-2026-08-04T10-21-58-019fcaca-d45c-71e2-b106-bf99705f2352.jsonl;rollout-2026-08-04T10-34-18-019fcad6-1ecd-7850-99bb-3c6de4e50875.jsonl;rollout-2026-08-04T10-48-23-019fcae3-056d-75d1-92ad-eb777da35982.jsonl;rollout-2026-08-04T11-16-01-019fcafc-52a7-7192-8947-b6108df3e0a0.jsonl;rollout-2026-08-04T12-06-35-019fcb2a-9ce7-77a0-883d-13f05394caa9.jsonl;rollout-2026-08-04T13-25-53-019fcb73-38aa-7dc1-a0e8-ba0bbda0b211.jsonl;rollout-2026-08-04T14-54-53-019fcbc4-b3f2-77f3-b7c1-a06a5366e820.jsonl;rollout-2026-08-04T16-25-55-019fcc18-0915-78d0-ba2c-e6b7a07eb9f1.jsonl,public\upload\luxbs0rb3025__001_33_030a.png
public\upload\no-image.jpg,True,11,11,rollout-2026-07-31T11-06-09-019fb659-d8c8-7971-aa5f-6125546bafd1.jsonl;rollout-2026-08-04T09-20-33-019fca92-996a-7fb0-beea-942596ee66ef.jsonl;rollout-2026-08-04T10-12-03-019fcac1-c2c1-7fa1-9025-75f407e5c17d.jsonl;rollout-2026-08-04T10-21-58-019fcaca-d45c-71e2-b106-bf99705f2352.jsonl;rollout-2026-08-04T10-34-18-019fcad6-1ecd-7850-99bb-3c6de4e50875.jsonl;rollout-2026-08-04T10-48-23-019fcae3-056d-75d1-92ad-eb777da35982.jsonl;rollout-2026-08-04T11-16-01-019fcafc-52a7-7192-8947-b6108df3e0a0.jsonl;rollout-2026-08-04T12-06-35-019fcb2a-9ce7-77a0-883d-13f05394caa9.jsonl;rollout-2026-08-04T13-25-53-019fcb73-38aa-7dc1-a0e8-ba0bbda0b211.jsonl;rollout-2026-08-04T14-54-53-019fcbc4-b3f2-77f3-b7c1-a06a5366e820.jsonl;rollout-2026-08-04T16-25-55-019fcc18-0915-78d0-ba2c-e6b7a07eb9f1.jsonl,public\upload\no-image.jpg
public\upload\no-images.jpg,True,11,11,rollout-2026-07-31T11-06-09-019fb659-d8c8-7971-aa5f-6125546bafd1.jsonl;rollout-2026-08-04T09-20-33-019fca92-996a-7fb0-beea-942596ee66ef.jsonl;rollout-2026-08-04T10-12-03-019fcac1-c2c1-7fa1-9025-75f407e5c17d.jsonl;rollout-2026-08-04T10-21-58-019fcaca-d45c-71e2-b106-bf99705f2352.jsonl;rollout-2026-08-04T10-34-18-019fcad6-1ecd-7850-99bb-3c6de4e50875.jsonl;rollout-2026-08-04T10-48-23-019fcae3-056d-75d1-92ad-eb777da35982.jsonl;rollout-2026-08-04T11-16-01-019fcafc-52a7-7192-8947-b6108df3e0a0.jsonl;rollout-2026-08-04T12-06-35-019fcb2a-9ce7-77a0-883d-13f05394caa9.jsonl;rollout-2026-08-04T13-25-53-019fcb73-38aa-7dc1-a0e8-ba0bbda0b211.jsonl;rollout-2026-08-04T14-54-53-019fcbc4-b3f2-77f3-b7c1-a06a5366e820.jsonl;rollout-2026-08-04T16-25-55-019fcc18-0915-78d0-ba2c-e6b7a07eb9f1.jsonl,public\upload\no-images.jpg
public\upload\return-requests\return-1-1779875048-9666.jpg,True,11,11,rollout-2026-07-31T11-06-09-019fb659-d8c8-7971-aa5f-6125546bafd1.jsonl;rollout-2026-08-04T09-20-33-019fca92-996a-7fb0-beea-942596ee66ef.jsonl;rollout-2026-08-04T10-12-03-019fcac1-c2c1-7fa1-9025-75f407e5c17d.jsonl;rollout-2026-08-04T10-21-58-019fcaca-d45c-71e2-b106-bf99705f2352.jsonl;rollout-2026-08-04T10-34-18-019fcad6-1ecd-7850-99bb-3c6de4e50875.jsonl;rollout-2026-08-04T10-48-23-019fcae3-056d-75d1-92ad-eb777da35982.jsonl;rollout-2026-08-04T11-16-01-019fcafc-52a7-7192-8947-b6108df3e0a0.jsonl;rollout-2026-08-04T12-06-35-019fcb2a-9ce7-77a0-883d-13f05394caa9.jsonl;rollout-2026-08-04T13-25-53-019fcb73-38aa-7dc1-a0e8-ba0bbda0b211.jsonl;rollout-2026-08-04T14-54-53-019fcbc4-b3f2-77f3-b7c1-a06a5366e820.jsonl;rollout-2026-08-04T16-25-55-019fcc18-0915-78d0-ba2c-e6b7a07eb9f1.jsonl,public\upload\return-requests\return-1-1779875048-9666.jpg
public\upload\return-requests\return-1-1781030204-8185.jpg,True,11,11,rollout-2026-07-31T11-06-09-019fb659-d8c8-7971-aa5f-6125546bafd1.jsonl;rollout-2026-08-04T09-20-33-019fca92-996a-7fb0-beea-942596ee66ef.jsonl;rollout-2026-08-04T10-12-03-019fcac1-c2c1-7fa1-9025-75f407e5c17d.jsonl;rollout-2026-08-04T10-21-58-019fcaca-d45c-71e2-b106-bf99705f2352.jsonl;rollout-2026-08-04T10-34-18-019fcad6-1ecd-7850-99bb-3c6de4e50875.jsonl;rollout-2026-08-04T10-48-23-019fcae3-056d-75d1-92ad-eb777da35982.jsonl;rollout-2026-08-04T11-16-01-019fcafc-52a7-7192-8947-b6108df3e0a0.jsonl;rollout-2026-08-04T12-06-35-019fcb2a-9ce7-77a0-883d-13f05394caa9.jsonl;rollout-2026-08-04T13-25-53-019fcb73-38aa-7dc1-a0e8-ba0bbda0b211.jsonl;rollout-2026-08-04T14-54-53-019fcbc4-b3f2-77f3-b7c1-a06a5366e820.jsonl;rollout-2026-08-04T16-25-55-019fcc18-0915-78d0-ba2c-e6b7a07eb9f1.jsonl,public\upload\return-requests\return-1-1781030204-8185.jpg
public\upload\return-requests\return-1-1781186878-6259.jpg,True,11,11,rollout-2026-07-31T11-06-09-019fb659-d8c8-7971-aa5f-6125546bafd1.jsonl;rollout-2026-08-04T09-20-33-019fca92-996a-7fb0-beea-942596ee66ef.jsonl;rollout-2026-08-04T10-12-03-019fcac1-c2c1-7fa1-9025-75f407e5c17d.jsonl;rollout-2026-08-04T10-21-58-019fcaca-d45c-71e2-b106-bf99705f2352.jsonl;rollout-2026-08-04T10-34-18-019fcad6-1ecd-7850-99bb-3c6de4e50875.jsonl;rollout-2026-08-04T10-48-23-019fcae3-056d-75d1-92ad-eb777da35982.jsonl;rollout-2026-08-04T11-16-01-019fcafc-52a7-7192-8947-b6108df3e0a0.jsonl;rollout-2026-08-04T12-06-35-019fcb2a-9ce7-77a0-883d-13f05394caa9.jsonl;rollout-2026-08-04T13-25-53-019fcb73-38aa-7dc1-a0e8-ba0bbda0b211.jsonl;rollout-2026-08-04T14-54-53-019fcbc4-b3f2-77f3-b7c1-a06a5366e820.jsonl;rollout-2026-08-04T16-25-55-019fcc18-0915-78d0-ba2c-e6b7a07eb9f1.jsonl,public\upload\return-requests\return-1-1781186878-6259.jpg
public\upload\return-requests\return-2-1781187171-4240.jpg,True,11,11,rollout-2026-07-31T11-06-09-019fb659-d8c8-7971-aa5f-6125546bafd1.jsonl;rollout-2026-08-04T09-20-33-019fca92-996a-7fb0-beea-942596ee66ef.jsonl;rollout-2026-08-04T10-12-03-019fcac1-c2c1-7fa1-9025-75f407e5c17d.jsonl;rollout-2026-08-04T10-21-58-019fcaca-d45c-71e2-b106-bf99705f2352.jsonl;rollout-2026-08-04T10-34-18-019fcad6-1ecd-7850-99bb-3c6de4e50875.jsonl;rollout-2026-08-04T10-48-23-019fcae3-056d-75d1-92ad-eb777da35982.jsonl;rollout-2026-08-04T11-16-01-019fcafc-52a7-7192-8947-b6108df3e0a0.jsonl;rollout-2026-08-04T12-06-35-019fcb2a-9ce7-77a0-883d-13f05394caa9.jsonl;rollout-2026-08-04T13-25-53-019fcb73-38aa-7dc1-a0e8-ba0bbda0b211.jsonl;rollout-2026-08-04T14-54-53-019fcbc4-b3f2-77f3-b7c1-a06a5366e820.jsonl;rollout-2026-08-04T16-25-55-019fcc18-0915-78d0-ba2c-e6b7a07eb9f1.jsonl,public\upload\return-requests\return-2-1781187171-4240.jpg
public\upload\return-requests\return-4-1781609515-8104.jpg,True,11,11,rollout-2026-07-31T11-06-09-019fb659-d8c8-7971-aa5f-6125546bafd1.jsonl;rollout-2026-08-04T09-20-33-019fca92-996a-7fb0-beea-942596ee66ef.jsonl;rollout-2026-08-04T10-12-03-019fcac1-c2c1-7fa1-9025-75f407e5c17d.jsonl;rollout-2026-08-04T10-21-58-019fcaca-d45c-71e2-b106-bf99705f2352.jsonl;rollout-2026-08-04T10-34-18-019fcad6-1ecd-7850-99bb-3c6de4e50875.jsonl;rollout-2026-08-04T10-48-23-019fcae3-056d-75d1-92ad-eb777da35982.jsonl;rollout-2026-08-04T11-16-01-019fcafc-52a7-7192-8947-b6108df3e0a0.jsonl;rollout-2026-08-04T12-06-35-019fcb2a-9ce7-77a0-883d-13f05394caa9.jsonl;rollout-2026-08-04T13-25-53-019fcb73-38aa-7dc1-a0e8-ba0bbda0b211.jsonl;rollout-2026-08-04T14-54-53-019fcbc4-b3f2-77f3-b7c1-a06a5366e820.jsonl;rollout-2026-08-04T16-25-55-019fcc18-0915-78d0-ba2c-e6b7a07eb9f1.jsonl,public\upload\return-requests\return-4-1781609515-8104.jpg
public\upload\support\sp-1.png,True,11,11,rollout-2026-07-31T11-06-09-019fb659-d8c8-7971-aa5f-6125546bafd1.jsonl;rollout-2026-08-04T09-20-33-019fca92-996a-7fb0-beea-942596ee66ef.jsonl;rollout-2026-08-04T10-12-03-019fcac1-c2c1-7fa1-9025-75f407e5c17d.jsonl;rollout-2026-08-04T10-21-58-019fcaca-d45c-71e2-b106-bf99705f2352.jsonl;rollout-2026-08-04T10-34-18-019fcad6-1ecd-7850-99bb-3c6de4e50875.jsonl;rollout-2026-08-04T10-48-23-019fcae3-056d-75d1-92ad-eb777da35982.jsonl;rollout-2026-08-04T11-16-01-019fcafc-52a7-7192-8947-b6108df3e0a0.jsonl;rollout-2026-08-04T12-06-35-019fcb2a-9ce7-77a0-883d-13f05394caa9.jsonl;rollout-2026-08-04T13-25-53-019fcb73-38aa-7dc1-a0e8-ba0bbda0b211.jsonl;rollout-2026-08-04T14-54-53-019fcbc4-b3f2-77f3-b7c1-a06a5366e820.jsonl;rollout-2026-08-04T16-25-55-019fcc18-0915-78d0-ba2c-e6b7a07eb9f1.jsonl,public\upload\support\sp-1.png
public\upload\support\sp-2.png,True,11,11,rollout-2026-07-31T11-06-09-019fb659-d8c8-7971-aa5f-6125546bafd1.jsonl;rollout-2026-08-04T09-20-33-019fca92-996a-7fb0-beea-942596ee66ef.jsonl;rollout-2026-08-04T10-12-03-019fcac1-c2c1-7fa1-9025-75f407e5c17d.jsonl;rollout-2026-08-04T10-21-58-019fcaca-d45c-71e2-b106-bf99705f2352.jsonl;rollout-2026-08-04T10-34-18-019fcad6-1ecd-7850-99bb-3c6de4e50875.jsonl;rollout-2026-08-04T10-48-23-019fcae3-056d-75d1-92ad-eb777da35982.jsonl;rollout-2026-08-04T11-16-01-019fcafc-52a7-7192-8947-b6108df3e0a0.jsonl;rollout-2026-08-04T12-06-35-019fcb2a-9ce7-77a0-883d-13f05394caa9.jsonl;rollout-2026-08-04T13-25-53-019fcb73-38aa-7dc1-a0e8-ba0bbda0b211.jsonl;rollout-2026-08-04T14-54-53-019fcbc4-b3f2-77f3-b7c1-a06a5366e820.jsonl;rollout-2026-08-04T16-25-55-019fcc18-0915-78d0-ba2c-e6b7a07eb9f1.jsonl,public\upload\support\sp-2.png
public\upload\support\sp-3.png,True,11,11,rollout-2026-07-31T11-06-09-019fb659-d8c8-7971-aa5f-6125546bafd1.jsonl;rollout-2026-08-04T09-20-33-019fca92-996a-7fb0-beea-942596ee66ef.jsonl;rollout-2026-08-04T10-12-03-019fcac1-c2c1-7fa1-9025-75f407e5c17d.jsonl;rollout-2026-08-04T10-21-58-019fcaca-d45c-71e2-b106-bf99705f2352.jsonl;rollout-2026-08-04T10-34-18-019fcad6-1ecd-7850-99bb-3c6de4e50875.jsonl;rollout-2026-08-04T10-48-23-019fcae3-056d-75d1-92ad-eb777da35982.jsonl;rollout-2026-08-04T11-16-01-019fcafc-52a7-7192-8947-b6108df3e0a0.jsonl;rollout-2026-08-04T12-06-35-019fcb2a-9ce7-77a0-883d-13f05394caa9.jsonl;rollout-2026-08-04T13-25-53-019fcb73-38aa-7dc1-a0e8-ba0bbda0b211.jsonl;rollout-2026-08-04T14-54-53-019fcbc4-b3f2-77f3-b7c1-a06a5366e820.jsonl;rollout-2026-08-04T16-25-55-019fcc18-0915-78d0-ba2c-e6b7a07eb9f1.jsonl,public\upload\support\sp-3.png
public\upload\support\sp-4.png,True,11,11,rollout-2026-07-31T11-06-09-019fb659-d8c8-7971-aa5f-6125546bafd1.jsonl;rollout-2026-08-04T09-20-33-019fca92-996a-7fb0-beea-942596ee66ef.jsonl;rollout-2026-08-04T10-12-03-019fcac1-c2c1-7fa1-9025-75f407e5c17d.jsonl;rollout-2026-08-04T10-21-58-019fcaca-d45c-71e2-b106-bf99705f2352.jsonl;rollout-2026-08-04T10-34-18-019fcad6-1ecd-7850-99bb-3c6de4e50875.jsonl;rollout-2026-08-04T10-48-23-019fcae3-056d-75d1-92ad-eb777da35982.jsonl;rollout-2026-08-04T11-16-01-019fcafc-52a7-7192-8947-b6108df3e0a0.jsonl;rollout-2026-08-04T12-06-35-019fcb2a-9ce7-77a0-883d-13f05394caa9.jsonl;rollout-2026-08-04T13-25-53-019fcb73-38aa-7dc1-a0e8-ba0bbda0b211.jsonl;rollout-2026-08-04T14-54-53-019fcbc4-b3f2-77f3-b7c1-a06a5366e820.jsonl;rollout-2026-08-04T16-25-55-019fcc18-0915-78d0-ba2c-e6b7a07eb9f1.jsonl,public\upload\support\sp-4.png
public\upload\tryons\2026\08\4c5afa2c-e28c-43e4-8ff9-b28f670f5a48.jpg,True,5,8,rollout-2026-08-04T12-06-35-019fcb2a-9ce7-77a0-883d-13f05394caa9.jsonl;rollout-2026-08-04T13-25-53-019fcb73-38aa-7dc1-a0e8-ba0bbda0b211.jsonl;rollout-2026-08-04T14-54-53-019fcbc4-b3f2-77f3-b7c1-a06a5366e820.jsonl;rollout-2026-08-04T16-25-55-019fcc18-0915-78d0-ba2c-e6b7a07eb9f1.jsonl;rollout-2026-08-04T20-47-31-019fcd07-8c5b-7af3-b9ec-87cb36d7a952.jsonl,public\upload\tryons\2026\08\4c5afa2c-e28c-43e4-8ff9-b28f670f5a48.jpg
public\upload\tryons\2026\08\4e83ceec-aa94-401b-9332-a9137aa1c7d6.jpg,True,5,8,rollout-2026-08-04T12-06-35-019fcb2a-9ce7-77a0-883d-13f05394caa9.jsonl;rollout-2026-08-04T13-25-53-019fcb73-38aa-7dc1-a0e8-ba0bbda0b211.jsonl;rollout-2026-08-04T14-54-53-019fcbc4-b3f2-77f3-b7c1-a06a5366e820.jsonl;rollout-2026-08-04T16-25-55-019fcc18-0915-78d0-ba2c-e6b7a07eb9f1.jsonl;rollout-2026-08-04T20-47-31-019fcd07-8c5b-7af3-b9ec-87cb36d7a952.jsonl,public\upload\tryons\2026\08\4e83ceec-aa94-401b-9332-a9137aa1c7d6.jpg
public\upload\tryons\2026\08\7c67041b-539c-45b7-9c70-84ea4bec37d5.jpg,True,5,8,rollout-2026-08-04T12-06-35-019fcb2a-9ce7-77a0-883d-13f05394caa9.jsonl;rollout-2026-08-04T13-25-53-019fcb73-38aa-7dc1-a0e8-ba0bbda0b211.jsonl;rollout-2026-08-04T14-54-53-019fcbc4-b3f2-77f3-b7c1-a06a5366e820.jsonl;rollout-2026-08-04T16-25-55-019fcc18-0915-78d0-ba2c-e6b7a07eb9f1.jsonl;rollout-2026-08-04T20-47-31-019fcd07-8c5b-7af3-b9ec-87cb36d7a952.jsonl,public\upload\tryons\2026\08\7c67041b-539c-45b7-9c70-84ea4bec37d5.jpg
public\upload\tryons\2026\08\7e5dd547-72cc-4909-adba-675cfb0b2969.jpg,True,5,8,rollout-2026-08-04T12-06-35-019fcb2a-9ce7-77a0-883d-13f05394caa9.jsonl;rollout-2026-08-04T13-25-53-019fcb73-38aa-7dc1-a0e8-ba0bbda0b211.jsonl;rollout-2026-08-04T14-54-53-019fcbc4-b3f2-77f3-b7c1-a06a5366e820.jsonl;rollout-2026-08-04T16-25-55-019fcc18-0915-78d0-ba2c-e6b7a07eb9f1.jsonl;rollout-2026-08-04T20-47-31-019fcd07-8c5b-7af3-b9ec-87cb36d7a952.jsonl,public\upload\tryons\2026\08\7e5dd547-72cc-4909-adba-675cfb0b2969.jpg
public\upload\tryons\2026\08\8b72bde7-0032-4016-8d8e-e222a85430e6.jpg,True,5,8,rollout-2026-08-04T12-06-35-019fcb2a-9ce7-77a0-883d-13f05394caa9.jsonl;rollout-2026-08-04T13-25-53-019fcb73-38aa-7dc1-a0e8-ba0bbda0b211.jsonl;rollout-2026-08-04T14-54-53-019fcbc4-b3f2-77f3-b7c1-a06a5366e820.jsonl;rollout-2026-08-04T16-25-55-019fcc18-0915-78d0-ba2c-e6b7a07eb9f1.jsonl;rollout-2026-08-04T20-47-31-019fcd07-8c5b-7af3-b9ec-87cb36d7a952.jsonl,public\upload\tryons\2026\08\8b72bde7-0032-4016-8d8e-e222a85430e6.jpg
public\upload\tryons\2026\08\9112b2fe-1920-41f0-96eb-13a4b6142033.jpg,True,4,7,rollout-2026-08-04T13-25-53-019fcb73-38aa-7dc1-a0e8-ba0bbda0b211.jsonl;rollout-2026-08-04T14-54-53-019fcbc4-b3f2-77f3-b7c1-a06a5366e820.jsonl;rollout-2026-08-04T16-25-55-019fcc18-0915-78d0-ba2c-e6b7a07eb9f1.jsonl;rollout-2026-08-04T20-47-31-019fcd07-8c5b-7af3-b9ec-87cb36d7a952.jsonl,public\upload\tryons\2026\08\9112b2fe-1920-41f0-96eb-13a4b6142033.jpg
public\upload\tryons\2026\08\b69971d8-1444-4f3d-af8b-7a52170246ea.jpg,True,5,8,rollout-2026-08-04T12-06-35-019fcb2a-9ce7-77a0-883d-13f05394caa9.jsonl;rollout-2026-08-04T13-25-53-019fcb73-38aa-7dc1-a0e8-ba0bbda0b211.jsonl;rollout-2026-08-04T14-54-53-019fcbc4-b3f2-77f3-b7c1-a06a5366e820.jsonl;rollout-2026-08-04T16-25-55-019fcc18-0915-78d0-ba2c-e6b7a07eb9f1.jsonl;rollout-2026-08-04T20-47-31-019fcd07-8c5b-7af3-b9ec-87cb36d7a952.jsonl,public\upload\tryons\2026\08\b69971d8-1444-4f3d-af8b-7a52170246ea.jpg
public\upload\tryons\2026\08\fc175c43-05cf-44ec-9702-fc28c5894f76.jpg,True,5,8,rollout-2026-08-04T12-06-35-019fcb2a-9ce7-77a0-883d-13f05394caa9.jsonl;rollout-2026-08-04T13-25-53-019fcb73-38aa-7dc1-a0e8-ba0bbda0b211.jsonl;rollout-2026-08-04T14-54-53-019fcbc4-b3f2-77f3-b7c1-a06a5366e820.jsonl;rollout-2026-08-04T16-25-55-019fcc18-0915-78d0-ba2c-e6b7a07eb9f1.jsonl;rollout-2026-08-04T20-47-31-019fcd07-8c5b-7af3-b9ec-87cb36d7a952.jsonl,public\upload\tryons\2026\08\fc175c43-05cf-44ec-9702-fc28c5894f76.jpg
public\upload\tryons\2026\08\fe88ae4f-3ee3-46d8-9d41-945add04bd15.jpg,True,5,8,rollout-2026-08-04T12-06-35-019fcb2a-9ce7-77a0-883d-13f05394caa9.jsonl;rollout-2026-08-04T13-25-53-019fcb73-38aa-7dc1-a0e8-ba0bbda0b211.jsonl;rollout-2026-08-04T14-54-53-019fcbc4-b3f2-77f3-b7c1-a06a5366e820.jsonl;rollout-2026-08-04T16-25-55-019fcc18-0915-78d0-ba2c-e6b7a07eb9f1.jsonl;rollout-2026-08-04T20-47-31-019fcd07-8c5b-7af3-b9ec-87cb36d7a952.jsonl,public\upload\tryons\2026\08\fe88ae4f-3ee3-46d8-9d41-945add04bd15.jpg
public\upload\user-default.png,True,11,11,rollout-2026-07-31T11-06-09-019fb659-d8c8-7971-aa5f-6125546bafd1.jsonl;rollout-2026-08-04T09-20-33-019fca92-996a-7fb0-beea-942596ee66ef.jsonl;rollout-2026-08-04T10-12-03-019fcac1-c2c1-7fa1-9025-75f407e5c17d.jsonl;rollout-2026-08-04T10-21-58-019fcaca-d45c-71e2-b106-bf99705f2352.jsonl;rollout-2026-08-04T10-34-18-019fcad6-1ecd-7850-99bb-3c6de4e50875.jsonl;rollout-2026-08-04T10-48-23-019fcae3-056d-75d1-92ad-eb777da35982.jsonl;rollout-2026-08-04T11-16-01-019fcafc-52a7-7192-8947-b6108df3e0a0.jsonl;rollout-2026-08-04T12-06-35-019fcb2a-9ce7-77a0-883d-13f05394caa9.jsonl;rollout-2026-08-04T13-25-53-019fcb73-38aa-7dc1-a0e8-ba0bbda0b211.jsonl;rollout-2026-08-04T14-54-53-019fcbc4-b3f2-77f3-b7c1-a06a5366e820.jsonl;rollout-2026-08-04T16-25-55-019fcc18-0915-78d0-ba2c-e6b7a07eb9f1.jsonl,public\upload\user-default.png
resources\app\extensions\git\dist\main.js,False,1,2,rollout-2026-08-04T20-47-31-019fcd07-8c5b-7af3-b9ec-87cb36d7a952.jsonl,	at ChildProcess.<anonymous> (c:\Users\vu minh\AppData\Local\Programs\Antigravity\resources\app\extensions\git\dist\main.js:2:790914)
resources\app\out\main.js,False,1,2,rollout-2026-08-04T20-47-31-019fcd07-8c5b-7af3-b9ec-87cb36d7a952.jsonl,    at ZGe._getOrCreateTopic (file:///C:/Users/vu%20minh/AppData/Local/Programs/Antigravity/resources/app/out/main.js:4584:23557)
Resources\assets\images\favicon.png,False,1,1,rollout-2026-08-04T20-47-31-019fcd07-8c5b-7af3-b9ec-87cb36d7a952.jsonl,D:\luanvancuoiky\vendor\symfony\error-handler\Resources\assets\images\favicon.png.base64                               
Resources\assets\images\symfony-logo.svg,False,2,2,rollout-2026-08-04T10-48-23-019fcae3-056d-75d1-92ad-eb777da35982.jsonl;rollout-2026-08-04T20-47-31-019fcd07-8c5b-7af3-b9ec-87cb36d7a952.jsonl,D:\luanvancuoiky\vendor\symfony\error-handler\Resources\assets\images\symfony-logo.svg
resources\css\app.css,True,13,14,rollout-2026-07-31T11-06-09-019fb659-d8c8-7971-aa5f-6125546bafd1.jsonl;rollout-2026-08-02T17-29-48-019fc205-cd55-7a50-950b-2f6a196b5dee.jsonl;rollout-2026-08-04T09-20-33-019fca92-996a-7fb0-beea-942596ee66ef.jsonl;rollout-2026-08-04T10-12-03-019fcac1-c2c1-7fa1-9025-75f407e5c17d.jsonl;rollout-2026-08-04T10-21-58-019fcaca-d45c-71e2-b106-bf99705f2352.jsonl;rollout-2026-08-04T10-34-18-019fcad6-1ecd-7850-99bb-3c6de4e50875.jsonl;rollout-2026-08-04T10-48-23-019fcae3-056d-75d1-92ad-eb777da35982.jsonl;rollout-2026-08-04T11-16-01-019fcafc-52a7-7192-8947-b6108df3e0a0.jsonl;rollout-2026-08-04T12-06-35-019fcb2a-9ce7-77a0-883d-13f05394caa9.jsonl;rollout-2026-08-04T13-25-53-019fcb73-38aa-7dc1-a0e8-ba0bbda0b211.jsonl;rollout-2026-08-04T14-54-53-019fcbc4-b3f2-77f3-b7c1-a06a5366e820.jsonl;rollout-2026-08-04T16-25-55-019fcc18-0915-78d0-ba2c-e6b7a07eb9f1.jsonl;rollout-2026-08-04T20-47-31-019fcd07-8c5b-7af3-b9ec-87cb36d7a952.jsonl,resources\css\app.css
resources\exceptions\renderer\package.js,False,1,2,rollout-2026-08-04T20-47-31-019fcd07-8c5b-7af3-b9ec-87cb36d7a952.jsonl,D:\luanvanck\backend\vendor\laravel\framework\src\Illuminate\Foundation\resources\exceptions\renderer\package.json     
resources\IndexData\ArtifactUsage.js,False,1,1,rollout-2026-08-04T20-47-31-019fcd07-8c5b-7af3-b9ec-87cb36d7a952.jsonl,"C:\Users\vu minh\.antigravity\extensions\vscjava.vscode-maven-0.45.3-universal\resources\IndexData\ArtifactUsage.json:1:{""org.eclipse.jdt:core"":333,""org.powermock:powermock-core"":403,""com.microsoft.azure.cognitiveservices:azure-cognitiveservices-customvision-p"
resources\js\app.js,True,12,12,rollout-2026-07-31T11-06-09-019fb659-d8c8-7971-aa5f-6125546bafd1.jsonl;rollout-2026-08-02T17-29-48-019fc205-cd55-7a50-950b-2f6a196b5dee.jsonl;rollout-2026-08-04T09-20-33-019fca92-996a-7fb0-beea-942596ee66ef.jsonl;rollout-2026-08-04T10-12-03-019fcac1-c2c1-7fa1-9025-75f407e5c17d.jsonl;rollout-2026-08-04T10-21-58-019fcaca-d45c-71e2-b106-bf99705f2352.jsonl;rollout-2026-08-04T10-34-18-019fcad6-1ecd-7850-99bb-3c6de4e50875.jsonl;rollout-2026-08-04T10-48-23-019fcae3-056d-75d1-92ad-eb777da35982.jsonl;rollout-2026-08-04T11-16-01-019fcafc-52a7-7192-8947-b6108df3e0a0.jsonl;rollout-2026-08-04T12-06-35-019fcb2a-9ce7-77a0-883d-13f05394caa9.jsonl;rollout-2026-08-04T13-25-53-019fcb73-38aa-7dc1-a0e8-ba0bbda0b211.jsonl;rollout-2026-08-04T14-54-53-019fcbc4-b3f2-77f3-b7c1-a06a5366e820.jsonl;rollout-2026-08-04T16-25-55-019fcc18-0915-78d0-ba2c-e6b7a07eb9f1.jsonl,resources\js\app.js
resources\js\Pages\Khoa\Index.js,False,1,3,rollout-2026-08-04T20-47-31-019fcd07-8c5b-7af3-b9ec-87cb36d7a952.jsonl,C:\Users\vu minh\.gemini\antigravity\brain\e64cd498-d640-45dc-a644-2215a6f713d0\task.md.resolved.4:20:- [x] Write [Khoa/Index.jsx](file:///d:/cua%20chi%20LC/WebThiTracNghiem/resources/js/Pages/Khoa/Index.jsx) mapping a table of Khoa data with Add/Edit/Delete a
resources\markdown\policy.md,True,11,11,rollout-2026-07-31T11-06-09-019fb659-d8c8-7971-aa5f-6125546bafd1.jsonl;rollout-2026-08-04T09-20-33-019fca92-996a-7fb0-beea-942596ee66ef.jsonl;rollout-2026-08-04T10-12-03-019fcac1-c2c1-7fa1-9025-75f407e5c17d.jsonl;rollout-2026-08-04T10-21-58-019fcaca-d45c-71e2-b106-bf99705f2352.jsonl;rollout-2026-08-04T10-34-18-019fcad6-1ecd-7850-99bb-3c6de4e50875.jsonl;rollout-2026-08-04T10-48-23-019fcae3-056d-75d1-92ad-eb777da35982.jsonl;rollout-2026-08-04T11-16-01-019fcafc-52a7-7192-8947-b6108df3e0a0.jsonl;rollout-2026-08-04T12-06-35-019fcb2a-9ce7-77a0-883d-13f05394caa9.jsonl;rollout-2026-08-04T13-25-53-019fcb73-38aa-7dc1-a0e8-ba0bbda0b211.jsonl;rollout-2026-08-04T14-54-53-019fcbc4-b3f2-77f3-b7c1-a06a5366e820.jsonl;rollout-2026-08-04T16-25-55-019fcc18-0915-78d0-ba2c-e6b7a07eb9f1.jsonl,resources\markdown\policy.md
resources\markdown\terms.md,True,11,11,rollout-2026-07-31T11-06-09-019fb659-d8c8-7971-aa5f-6125546bafd1.jsonl;rollout-2026-08-04T09-20-33-019fca92-996a-7fb0-beea-942596ee66ef.jsonl;rollout-2026-08-04T10-12-03-019fcac1-c2c1-7fa1-9025-75f407e5c17d.jsonl;rollout-2026-08-04T10-21-58-019fcaca-d45c-71e2-b106-bf99705f2352.jsonl;rollout-2026-08-04T10-34-18-019fcad6-1ecd-7850-99bb-3c6de4e50875.jsonl;rollout-2026-08-04T10-48-23-019fcae3-056d-75d1-92ad-eb777da35982.jsonl;rollout-2026-08-04T11-16-01-019fcafc-52a7-7192-8947-b6108df3e0a0.jsonl;rollout-2026-08-04T12-06-35-019fcb2a-9ce7-77a0-883d-13f05394caa9.jsonl;rollout-2026-08-04T13-25-53-019fcb73-38aa-7dc1-a0e8-ba0bbda0b211.jsonl;rollout-2026-08-04T14-54-53-019fcbc4-b3f2-77f3-b7c1-a06a5366e820.jsonl;rollout-2026-08-04T16-25-55-019fcc18-0915-78d0-ba2c-e6b7a07eb9f1.jsonl,resources\markdown\terms.md
resources\server.php,False,5,23,rollout-2026-08-03T11-06-38-019fc5cd-5f39-7863-a5b2-93a372b3a4ab.jsonl;rollout-2026-08-04T08-03-01-019fca4b-9f33-7ca2-beed-c0a735c6d12c.jsonl;rollout-2026-08-04T08-35-38-019fca69-7aad-7c81-a41b-21d9b9b7a3a6.jsonl;rollout-2026-08-04T13-46-54-019fcb86-7621-7113-8c34-e9e4bbbbcec9.jsonl;rollout-2026-08-04T20-47-31-019fcd07-8c5b-7af3-b9ec-87cb36d7a952.jsonl,#76 D:/luanvancuoiky/vendor/laravel/framework/src/Illuminate/Foundation/resources/server.php(23): require_once('D://luanvancuoik...')
resources\views\account\address-form.blade.php,True,16,69,rollout-2026-07-31T11-06-09-019fb659-d8c8-7971-aa5f-6125546bafd1.jsonl;rollout-2026-08-03T11-06-38-019fc5cd-5f39-7863-a5b2-93a372b3a4ab.jsonl;rollout-2026-08-04T08-35-38-019fca69-7aad-7c81-a41b-21d9b9b7a3a6.jsonl;rollout-2026-08-04T09-20-33-019fca92-996a-7fb0-beea-942596ee66ef.jsonl;rollout-2026-08-04T10-12-03-019fcac1-c2c1-7fa1-9025-75f407e5c17d.jsonl;rollout-2026-08-04T10-21-58-019fcaca-d45c-71e2-b106-bf99705f2352.jsonl;rollout-2026-08-04T10-34-18-019fcad6-1ecd-7850-99bb-3c6de4e50875.jsonl;rollout-2026-08-04T10-48-23-019fcae3-056d-75d1-92ad-eb777da35982.jsonl;rollout-2026-08-04T11-16-01-019fcafc-52a7-7192-8947-b6108df3e0a0.jsonl;rollout-2026-08-04T12-06-35-019fcb2a-9ce7-77a0-883d-13f05394caa9.jsonl;rollout-2026-08-04T13-25-53-019fcb73-38aa-7dc1-a0e8-ba0bbda0b211.jsonl;rollout-2026-08-04T14-54-53-019fcbc4-b3f2-77f3-b7c1-a06a5366e820.jsonl;rollout-2026-08-04T15-01-41-019fcbca-eaed-74d1-bf45-177cdb3f3491.jsonl;rollout-2026-08-04T15-07-44-019fcbd0-75f1-73c3-a828-838aa341eb82.jsonl;rollout-2026-08-04T16-25-55-019fcc18-0915-78d0-ba2c-e6b7a07eb9f1.jsonl;rollout-2026-08-04T20-47-31-019fcd07-8c5b-7af3-b9ec-87cb36d7a952.jsonl,resources\views\account\address-form.blade.php
resources\views\account\index.blade.php,True,18,199,rollout-2026-07-31T11-06-09-019fb659-d8c8-7971-aa5f-6125546bafd1.jsonl;rollout-2026-08-04T08-35-38-019fca69-7aad-7c81-a41b-21d9b9b7a3a6.jsonl;rollout-2026-08-04T09-20-33-019fca92-996a-7fb0-beea-942596ee66ef.jsonl;rollout-2026-08-04T10-12-03-019fcac1-c2c1-7fa1-9025-75f407e5c17d.jsonl;rollout-2026-08-04T10-19-37-019fcac8-aef6-7891-b93f-98ea184a621a.jsonl;rollout-2026-08-04T10-21-58-019fcaca-d45c-71e2-b106-bf99705f2352.jsonl;rollout-2026-08-04T10-34-18-019fcad6-1ecd-7850-99bb-3c6de4e50875.jsonl;rollout-2026-08-04T10-48-23-019fcae3-056d-75d1-92ad-eb777da35982.jsonl;rollout-2026-08-04T11-16-01-019fcafc-52a7-7192-8947-b6108df3e0a0.jsonl;rollout-2026-08-04T12-04-05-019fcb28-5502-7851-a2a2-04d6af5ebca0.jsonl;rollout-2026-08-04T12-06-35-019fcb2a-9ce7-77a0-883d-13f05394caa9.jsonl;rollout-2026-08-04T13-25-53-019fcb73-38aa-7dc1-a0e8-ba0bbda0b211.jsonl;rollout-2026-08-04T13-46-54-019fcb86-7621-7113-8c34-e9e4bbbbcec9.jsonl;rollout-2026-08-04T14-54-53-019fcbc4-b3f2-77f3-b7c1-a06a5366e820.jsonl;rollout-2026-08-04T15-01-41-019fcbca-eaed-74d1-bf45-177cdb3f3491.jsonl;rollout-2026-08-04T15-07-44-019fcbd0-75f1-73c3-a828-838aa341eb82.jsonl;rollout-2026-08-04T16-25-55-019fcc18-0915-78d0-ba2c-e6b7a07eb9f1.jsonl;rollout-2026-08-04T20-47-31-019fcd07-8c5b-7af3-b9ec-87cb36d7a952.jsonl,resources\views\account\index.blade.php
resources\views\account\orders\index.blade.php,True,21,174,rollout-2026-07-31T11-06-09-019fb659-d8c8-7971-aa5f-6125546bafd1.jsonl;rollout-2026-08-02T17-29-48-019fc205-cd55-7a50-950b-2f6a196b5dee.jsonl;rollout-2026-08-03T11-06-38-019fc5cd-5f39-7863-a5b2-93a372b3a4ab.jsonl;rollout-2026-08-04T09-20-33-019fca92-996a-7fb0-beea-942596ee66ef.jsonl;rollout-2026-08-04T10-12-03-019fcac1-c2c1-7fa1-9025-75f407e5c17d.jsonl;rollout-2026-08-04T10-15-17-019fcac4-b895-7d41-8678-b7e083a63a7c.jsonl;rollout-2026-08-04T10-19-37-019fcac8-aef6-7891-b93f-98ea184a621a.jsonl;rollout-2026-08-04T10-21-58-019fcaca-d45c-71e2-b106-bf99705f2352.jsonl;rollout-2026-08-04T10-34-18-019fcad6-1ecd-7850-99bb-3c6de4e50875.jsonl;rollout-2026-08-04T10-48-23-019fcae3-056d-75d1-92ad-eb777da35982.jsonl;rollout-2026-08-04T11-16-01-019fcafc-52a7-7192-8947-b6108df3e0a0.jsonl;rollout-2026-08-04T11-30-54-019fcb09-f095-73f0-a684-f990ae1268d9.jsonl;rollout-2026-08-04T12-04-05-019fcb28-5502-7851-a2a2-04d6af5ebca0.jsonl;rollout-2026-08-04T12-06-35-019fcb2a-9ce7-77a0-883d-13f05394caa9.jsonl;rollout-2026-08-04T13-25-53-019fcb73-38aa-7dc1-a0e8-ba0bbda0b211.jsonl;rollout-2026-08-04T13-46-54-019fcb86-7621-7113-8c34-e9e4bbbbcec9.jsonl;rollout-2026-08-04T14-54-53-019fcbc4-b3f2-77f3-b7c1-a06a5366e820.jsonl;rollout-2026-08-04T15-01-41-019fcbca-eaed-74d1-bf45-177cdb3f3491.jsonl;rollout-2026-08-04T15-07-44-019fcbd0-75f1-73c3-a828-838aa341eb82.jsonl;rollout-2026-08-04T16-25-55-019fcc18-0915-78d0-ba2c-e6b7a07eb9f1.jsonl;rollout-2026-08-04T20-47-31-019fcd07-8c5b-7af3-b9ec-87cb36d7a952.jsonl,resources\views\account\orders\index.blade.php
resources\views\account\orders\invoice.blade.php,True,14,100,rollout-2026-08-04T10-21-58-019fcaca-d45c-71e2-b106-bf99705f2352.jsonl;rollout-2026-08-04T10-34-18-019fcad6-1ecd-7850-99bb-3c6de4e50875.jsonl;rollout-2026-08-04T10-48-23-019fcae3-056d-75d1-92ad-eb777da35982.jsonl;rollout-2026-08-04T11-16-01-019fcafc-52a7-7192-8947-b6108df3e0a0.jsonl;rollout-2026-08-04T11-30-54-019fcb09-f095-73f0-a684-f990ae1268d9.jsonl;rollout-2026-08-04T12-04-05-019fcb28-5502-7851-a2a2-04d6af5ebca0.jsonl;rollout-2026-08-04T12-06-35-019fcb2a-9ce7-77a0-883d-13f05394caa9.jsonl;rollout-2026-08-04T13-25-53-019fcb73-38aa-7dc1-a0e8-ba0bbda0b211.jsonl;rollout-2026-08-04T13-46-54-019fcb86-7621-7113-8c34-e9e4bbbbcec9.jsonl;rollout-2026-08-04T14-54-53-019fcbc4-b3f2-77f3-b7c1-a06a5366e820.jsonl;rollout-2026-08-04T15-01-41-019fcbca-eaed-74d1-bf45-177cdb3f3491.jsonl;rollout-2026-08-04T15-07-44-019fcbd0-75f1-73c3-a828-838aa341eb82.jsonl;rollout-2026-08-04T16-25-55-019fcc18-0915-78d0-ba2c-e6b7a07eb9f1.jsonl;rollout-2026-08-04T20-47-31-019fcd07-8c5b-7af3-b9ec-87cb36d7a952.jsonl,*** Add File: resources/views/account/orders/invoice.blade.php
resources\views\account\orders\show.blade.php,True,22,398,rollout-2026-07-31T11-06-09-019fb659-d8c8-7971-aa5f-6125546bafd1.jsonl;rollout-2026-08-02T17-29-48-019fc205-cd55-7a50-950b-2f6a196b5dee.jsonl;rollout-2026-08-03T11-06-38-019fc5cd-5f39-7863-a5b2-93a372b3a4ab.jsonl;rollout-2026-08-04T08-35-38-019fca69-7aad-7c81-a41b-21d9b9b7a3a6.jsonl;rollout-2026-08-04T09-20-33-019fca92-996a-7fb0-beea-942596ee66ef.jsonl;rollout-2026-08-04T10-12-03-019fcac1-c2c1-7fa1-9025-75f407e5c17d.jsonl;rollout-2026-08-04T10-15-17-019fcac4-b895-7d41-8678-b7e083a63a7c.jsonl;rollout-2026-08-04T10-19-37-019fcac8-aef6-7891-b93f-98ea184a621a.jsonl;rollout-2026-08-04T10-21-58-019fcaca-d45c-71e2-b106-bf99705f2352.jsonl;rollout-2026-08-04T10-34-18-019fcad6-1ecd-7850-99bb-3c6de4e50875.jsonl;rollout-2026-08-04T10-48-23-019fcae3-056d-75d1-92ad-eb777da35982.jsonl;rollout-2026-08-04T11-16-01-019fcafc-52a7-7192-8947-b6108df3e0a0.jsonl;rollout-2026-08-04T11-30-54-019fcb09-f095-73f0-a684-f990ae1268d9.jsonl;rollout-2026-08-04T12-04-05-019fcb28-5502-7851-a2a2-04d6af5ebca0.jsonl;rollout-2026-08-04T12-06-35-019fcb2a-9ce7-77a0-883d-13f05394caa9.jsonl;rollout-2026-08-04T13-25-53-019fcb73-38aa-7dc1-a0e8-ba0bbda0b211.jsonl;rollout-2026-08-04T13-46-54-019fcb86-7621-7113-8c34-e9e4bbbbcec9.jsonl;rollout-2026-08-04T14-54-53-019fcbc4-b3f2-77f3-b7c1-a06a5366e820.jsonl;rollout-2026-08-04T15-01-41-019fcbca-eaed-74d1-bf45-177cdb3f3491.jsonl;rollout-2026-08-04T15-07-44-019fcbd0-75f1-73c3-a828-838aa341eb82.jsonl;rollout-2026-08-04T16-25-55-019fcc18-0915-78d0-ba2c-e6b7a07eb9f1.jsonl;rollout-2026-08-04T20-47-31-019fcd07-8c5b-7af3-b9ec-87cb36d7a952.jsonl,resources\views\account\orders\show.blade.php
resources\views\account\password.blade.php,True,16,59,rollout-2026-07-31T11-06-09-019fb659-d8c8-7971-aa5f-6125546bafd1.jsonl;rollout-2026-08-03T11-06-38-019fc5cd-5f39-7863-a5b2-93a372b3a4ab.jsonl;rollout-2026-08-04T09-20-33-019fca92-996a-7fb0-beea-942596ee66ef.jsonl;rollout-2026-08-04T10-12-03-019fcac1-c2c1-7fa1-9025-75f407e5c17d.jsonl;rollout-2026-08-04T10-21-58-019fcaca-d45c-71e2-b106-bf99705f2352.jsonl;rollout-2026-08-04T10-34-18-019fcad6-1ecd-7850-99bb-3c6de4e50875.jsonl;rollout-2026-08-04T10-48-23-019fcae3-056d-75d1-92ad-eb777da35982.jsonl;rollout-2026-08-04T11-16-01-019fcafc-52a7-7192-8947-b6108df3e0a0.jsonl;rollout-2026-08-04T12-06-35-019fcb2a-9ce7-77a0-883d-13f05394caa9.jsonl;rollout-2026-08-04T13-25-53-019fcb73-38aa-7dc1-a0e8-ba0bbda0b211.jsonl;rollout-2026-08-04T13-46-54-019fcb86-7621-7113-8c34-e9e4bbbbcec9.jsonl;rollout-2026-08-04T14-54-53-019fcbc4-b3f2-77f3-b7c1-a06a5366e820.jsonl;rollout-2026-08-04T15-01-41-019fcbca-eaed-74d1-bf45-177cdb3f3491.jsonl;rollout-2026-08-04T15-07-44-019fcbd0-75f1-73c3-a828-838aa341eb82.jsonl;rollout-2026-08-04T16-25-55-019fcc18-0915-78d0-ba2c-e6b7a07eb9f1.jsonl;rollout-2026-08-04T20-47-31-019fcd07-8c5b-7af3-b9ec-87cb36d7a952.jsonl,resources\views\account\password.blade.php
resources\views\account\profile.blade.php,True,18,58,rollout-2026-07-31T11-06-09-019fb659-d8c8-7971-aa5f-6125546bafd1.jsonl;rollout-2026-08-03T11-06-38-019fc5cd-5f39-7863-a5b2-93a372b3a4ab.jsonl;rollout-2026-08-04T08-35-38-019fca69-7aad-7c81-a41b-21d9b9b7a3a6.jsonl;rollout-2026-08-04T09-20-33-019fca92-996a-7fb0-beea-942596ee66ef.jsonl;rollout-2026-08-04T10-12-03-019fcac1-c2c1-7fa1-9025-75f407e5c17d.jsonl;rollout-2026-08-04T10-19-37-019fcac8-aef6-7891-b93f-98ea184a621a.jsonl;rollout-2026-08-04T10-21-58-019fcaca-d45c-71e2-b106-bf99705f2352.jsonl;rollout-2026-08-04T10-34-18-019fcad6-1ecd-7850-99bb-3c6de4e50875.jsonl;rollout-2026-08-04T10-48-23-019fcae3-056d-75d1-92ad-eb777da35982.jsonl;rollout-2026-08-04T11-16-01-019fcafc-52a7-7192-8947-b6108df3e0a0.jsonl;rollout-2026-08-04T12-06-35-019fcb2a-9ce7-77a0-883d-13f05394caa9.jsonl;rollout-2026-08-04T13-25-53-019fcb73-38aa-7dc1-a0e8-ba0bbda0b211.jsonl;rollout-2026-08-04T13-46-54-019fcb86-7621-7113-8c34-e9e4bbbbcec9.jsonl;rollout-2026-08-04T14-54-53-019fcbc4-b3f2-77f3-b7c1-a06a5366e820.jsonl;rollout-2026-08-04T15-01-41-019fcbca-eaed-74d1-bf45-177cdb3f3491.jsonl;rollout-2026-08-04T15-07-44-019fcbd0-75f1-73c3-a828-838aa341eb82.jsonl;rollout-2026-08-04T16-25-55-019fcc18-0915-78d0-ba2c-e6b7a07eb9f1.jsonl;rollout-2026-08-04T20-47-31-019fcd07-8c5b-7af3-b9ec-87cb36d7a952.jsonl,resources\views\account\profile.blade.php
resources\views\admin\auth\login.blade.php,True,23,105,rollout-2026-07-31T11-06-09-019fb659-d8c8-7971-aa5f-6125546bafd1.jsonl;rollout-2026-08-02T17-29-48-019fc205-cd55-7a50-950b-2f6a196b5dee.jsonl;rollout-2026-08-03T11-06-38-019fc5cd-5f39-7863-a5b2-93a372b3a4ab.jsonl;rollout-2026-08-04T08-03-01-019fca4b-9f33-7ca2-beed-c0a735c6d12c.jsonl;rollout-2026-08-04T08-35-38-019fca69-7aad-7c81-a41b-21d9b9b7a3a6.jsonl;rollout-2026-08-04T09-20-33-019fca92-996a-7fb0-beea-942596ee66ef.jsonl;rollout-2026-08-04T10-12-03-019fcac1-c2c1-7fa1-9025-75f407e5c17d.jsonl;rollout-2026-08-04T10-15-17-019fcac4-b895-7d41-8678-b7e083a63a7c.jsonl;rollout-2026-08-04T10-19-37-019fcac8-aef6-7891-b93f-98ea184a621a.jsonl;rollout-2026-08-04T10-21-58-019fcaca-d45c-71e2-b106-bf99705f2352.jsonl;rollout-2026-08-04T10-34-18-019fcad6-1ecd-7850-99bb-3c6de4e50875.jsonl;rollout-2026-08-04T10-48-23-019fcae3-056d-75d1-92ad-eb777da35982.jsonl;rollout-2026-08-04T11-16-01-019fcafc-52a7-7192-8947-b6108df3e0a0.jsonl;rollout-2026-08-04T11-30-54-019fcb09-f095-73f0-a684-f990ae1268d9.jsonl;rollout-2026-08-04T12-04-05-019fcb28-5502-7851-a2a2-04d6af5ebca0.jsonl;rollout-2026-08-04T12-06-35-019fcb2a-9ce7-77a0-883d-13f05394caa9.jsonl;rollout-2026-08-04T13-25-53-019fcb73-38aa-7dc1-a0e8-ba0bbda0b211.jsonl;rollout-2026-08-04T13-46-54-019fcb86-7621-7113-8c34-e9e4bbbbcec9.jsonl;rollout-2026-08-04T14-54-53-019fcbc4-b3f2-77f3-b7c1-a06a5366e820.jsonl;rollout-2026-08-04T15-01-41-019fcbca-eaed-74d1-bf45-177cdb3f3491.jsonl;rollout-2026-08-04T15-07-44-019fcbd0-75f1-73c3-a828-838aa341eb82.jsonl;rollout-2026-08-04T16-25-55-019fcc18-0915-78d0-ba2c-e6b7a07eb9f1.jsonl;rollout-2026-08-04T20-47-31-019fcd07-8c5b-7af3-b9ec-87cb36d7a952.jsonl,resources\views\admin\auth\login.blade.php
resources\views\admin\banners\index.blade.php,True,23,135,rollout-2026-07-31T11-06-09-019fb659-d8c8-7971-aa5f-6125546bafd1.jsonl;rollout-2026-08-02T17-29-48-019fc205-cd55-7a50-950b-2f6a196b5dee.jsonl;rollout-2026-08-03T11-06-38-019fc5cd-5f39-7863-a5b2-93a372b3a4ab.jsonl;rollout-2026-08-04T08-03-01-019fca4b-9f33-7ca2-beed-c0a735c6d12c.jsonl;rollout-2026-08-04T08-35-38-019fca69-7aad-7c81-a41b-21d9b9b7a3a6.jsonl;rollout-2026-08-04T09-20-33-019fca92-996a-7fb0-beea-942596ee66ef.jsonl;rollout-2026-08-04T10-12-03-019fcac1-c2c1-7fa1-9025-75f407e5c17d.jsonl;rollout-2026-08-04T10-15-17-019fcac4-b895-7d41-8678-b7e083a63a7c.jsonl;rollout-2026-08-04T10-19-37-019fcac8-aef6-7891-b93f-98ea184a621a.jsonl;rollout-2026-08-04T10-21-58-019fcaca-d45c-71e2-b106-bf99705f2352.jsonl;rollout-2026-08-04T10-34-18-019fcad6-1ecd-7850-99bb-3c6de4e50875.jsonl;rollout-2026-08-04T10-48-23-019fcae3-056d-75d1-92ad-eb777da35982.jsonl;rollout-2026-08-04T11-16-01-019fcafc-52a7-7192-8947-b6108df3e0a0.jsonl;rollout-2026-08-04T11-30-54-019fcb09-f095-73f0-a684-f990ae1268d9.jsonl;rollout-2026-08-04T12-04-05-019fcb28-5502-7851-a2a2-04d6af5ebca0.jsonl;rollout-2026-08-04T12-06-35-019fcb2a-9ce7-77a0-883d-13f05394caa9.jsonl;rollout-2026-08-04T13-25-53-019fcb73-38aa-7dc1-a0e8-ba0bbda0b211.jsonl;rollout-2026-08-04T13-46-54-019fcb86-7621-7113-8c34-e9e4bbbbcec9.jsonl;rollout-2026-08-04T14-54-53-019fcbc4-b3f2-77f3-b7c1-a06a5366e820.jsonl;rollout-2026-08-04T15-01-41-019fcbca-eaed-74d1-bf45-177cdb3f3491.jsonl;rollout-2026-08-04T15-07-44-019fcbd0-75f1-73c3-a828-838aa341eb82.jsonl;rollout-2026-08-04T16-25-55-019fcc18-0915-78d0-ba2c-e6b7a07eb9f1.jsonl;rollout-2026-08-04T20-47-31-019fcd07-8c5b-7af3-b9ec-87cb36d7a952.jsonl,resources\views\admin\banners\index.blade.php
resources\views\admin\business\index.blade.php,True,23,274,rollout-2026-07-31T11-06-09-019fb659-d8c8-7971-aa5f-6125546bafd1.jsonl;rollout-2026-08-02T17-29-48-019fc205-cd55-7a50-950b-2f6a196b5dee.jsonl;rollout-2026-08-03T11-06-38-019fc5cd-5f39-7863-a5b2-93a372b3a4ab.jsonl;rollout-2026-08-04T08-03-01-019fca4b-9f33-7ca2-beed-c0a735c6d12c.jsonl;rollout-2026-08-04T08-35-38-019fca69-7aad-7c81-a41b-21d9b9b7a3a6.jsonl;rollout-2026-08-04T09-20-33-019fca92-996a-7fb0-beea-942596ee66ef.jsonl;rollout-2026-08-04T10-12-03-019fcac1-c2c1-7fa1-9025-75f407e5c17d.jsonl;rollout-2026-08-04T10-15-17-019fcac4-b895-7d41-8678-b7e083a63a7c.jsonl;rollout-2026-08-04T10-19-37-019fcac8-aef6-7891-b93f-98ea184a621a.jsonl;rollout-2026-08-04T10-21-58-019fcaca-d45c-71e2-b106-bf99705f2352.jsonl;rollout-2026-08-04T10-34-18-019fcad6-1ecd-7850-99bb-3c6de4e50875.jsonl;rollout-2026-08-04T10-48-23-019fcae3-056d-75d1-92ad-eb777da35982.jsonl;rollout-2026-08-04T11-16-01-019fcafc-52a7-7192-8947-b6108df3e0a0.jsonl;rollout-2026-08-04T11-30-54-019fcb09-f095-73f0-a684-f990ae1268d9.jsonl;rollout-2026-08-04T12-04-05-019fcb28-5502-7851-a2a2-04d6af5ebca0.jsonl;rollout-2026-08-04T12-06-35-019fcb2a-9ce7-77a0-883d-13f05394caa9.jsonl;rollout-2026-08-04T13-25-53-019fcb73-38aa-7dc1-a0e8-ba0bbda0b211.jsonl;rollout-2026-08-04T13-46-54-019fcb86-7621-7113-8c34-e9e4bbbbcec9.jsonl;rollout-2026-08-04T14-54-53-019fcbc4-b3f2-77f3-b7c1-a06a5366e820.jsonl;rollout-2026-08-04T15-01-41-019fcbca-eaed-74d1-bf45-177cdb3f3491.jsonl;rollout-2026-08-04T15-07-44-019fcbd0-75f1-73c3-a828-838aa341eb82.jsonl;rollout-2026-08-04T16-25-55-019fcc18-0915-78d0-ba2c-e6b7a07eb9f1.jsonl;rollout-2026-08-04T20-47-31-019fcd07-8c5b-7af3-b9ec-87cb36d7a952.jsonl,resources\views\admin\business\index.blade.php
resources\views\admin\categories\form.blade.php,True,23,78,rollout-2026-07-31T11-06-09-019fb659-d8c8-7971-aa5f-6125546bafd1.jsonl;rollout-2026-08-02T17-29-48-019fc205-cd55-7a50-950b-2f6a196b5dee.jsonl;rollout-2026-08-03T11-06-38-019fc5cd-5f39-7863-a5b2-93a372b3a4ab.jsonl;rollout-2026-08-04T08-03-01-019fca4b-9f33-7ca2-beed-c0a735c6d12c.jsonl;rollout-2026-08-04T08-35-38-019fca69-7aad-7c81-a41b-21d9b9b7a3a6.jsonl;rollout-2026-08-04T09-20-33-019fca92-996a-7fb0-beea-942596ee66ef.jsonl;rollout-2026-08-04T10-12-03-019fcac1-c2c1-7fa1-9025-75f407e5c17d.jsonl;rollout-2026-08-04T10-15-17-019fcac4-b895-7d41-8678-b7e083a63a7c.jsonl;rollout-2026-08-04T10-19-37-019fcac8-aef6-7891-b93f-98ea184a621a.jsonl;rollout-2026-08-04T10-21-58-019fcaca-d45c-71e2-b106-bf99705f2352.jsonl;rollout-2026-08-04T10-34-18-019fcad6-1ecd-7850-99bb-3c6de4e50875.jsonl;rollout-2026-08-04T10-48-23-019fcae3-056d-75d1-92ad-eb777da35982.jsonl;rollout-2026-08-04T11-16-01-019fcafc-52a7-7192-8947-b6108df3e0a0.jsonl;rollout-2026-08-04T11-30-54-019fcb09-f095-73f0-a684-f990ae1268d9.jsonl;rollout-2026-08-04T12-04-05-019fcb28-5502-7851-a2a2-04d6af5ebca0.jsonl;rollout-2026-08-04T12-06-35-019fcb2a-9ce7-77a0-883d-13f05394caa9.jsonl;rollout-2026-08-04T13-25-53-019fcb73-38aa-7dc1-a0e8-ba0bbda0b211.jsonl;rollout-2026-08-04T13-46-54-019fcb86-7621-7113-8c34-e9e4bbbbcec9.jsonl;rollout-2026-08-04T14-54-53-019fcbc4-b3f2-77f3-b7c1-a06a5366e820.jsonl;rollout-2026-08-04T15-01-41-019fcbca-eaed-74d1-bf45-177cdb3f3491.jsonl;rollout-2026-08-04T15-07-44-019fcbd0-75f1-73c3-a828-838aa341eb82.jsonl;rollout-2026-08-04T16-25-55-019fcc18-0915-78d0-ba2c-e6b7a07eb9f1.jsonl;rollout-2026-08-04T20-47-31-019fcd07-8c5b-7af3-b9ec-87cb36d7a952.jsonl,resources\views\admin\categories\form.blade.php
resources\views\admin\categories\index.blade.php,True,15,22,rollout-2026-07-31T11-06-09-019fb659-d8c8-7971-aa5f-6125546bafd1.jsonl;rollout-2026-08-04T08-03-01-019fca4b-9f33-7ca2-beed-c0a735c6d12c.jsonl;rollout-2026-08-04T08-35-38-019fca69-7aad-7c81-a41b-21d9b9b7a3a6.jsonl;rollout-2026-08-04T09-20-33-019fca92-996a-7fb0-beea-942596ee66ef.jsonl;rollout-2026-08-04T10-12-03-019fcac1-c2c1-7fa1-9025-75f407e5c17d.jsonl;rollout-2026-08-04T10-21-58-019fcaca-d45c-71e2-b106-bf99705f2352.jsonl;rollout-2026-08-04T10-34-18-019fcad6-1ecd-7850-99bb-3c6de4e50875.jsonl;rollout-2026-08-04T10-48-23-019fcae3-056d-75d1-92ad-eb777da35982.jsonl;rollout-2026-08-04T11-16-01-019fcafc-52a7-7192-8947-b6108df3e0a0.jsonl;rollout-2026-08-04T12-06-35-019fcb2a-9ce7-77a0-883d-13f05394caa9.jsonl;rollout-2026-08-04T13-25-53-019fcb73-38aa-7dc1-a0e8-ba0bbda0b211.jsonl;rollout-2026-08-04T13-46-54-019fcb86-7621-7113-8c34-e9e4bbbbcec9.jsonl;rollout-2026-08-04T14-54-53-019fcbc4-b3f2-77f3-b7c1-a06a5366e820.jsonl;rollout-2026-08-04T15-07-44-019fcbd0-75f1-73c3-a828-838aa341eb82.jsonl;rollout-2026-08-04T16-25-55-019fcc18-0915-78d0-ba2c-e6b7a07eb9f1.jsonl,resources\views\admin\categories\index.blade.php
resources\views\admin\customers\index.blade.php,True,18,104,rollout-2026-07-31T11-06-09-019fb659-d8c8-7971-aa5f-6125546bafd1.jsonl;rollout-2026-08-03T11-06-38-019fc5cd-5f39-7863-a5b2-93a372b3a4ab.jsonl;rollout-2026-08-04T08-03-01-019fca4b-9f33-7ca2-beed-c0a735c6d12c.jsonl;rollout-2026-08-04T08-35-38-019fca69-7aad-7c81-a41b-21d9b9b7a3a6.jsonl;rollout-2026-08-04T09-20-33-019fca92-996a-7fb0-beea-942596ee66ef.jsonl;rollout-2026-08-04T10-12-03-019fcac1-c2c1-7fa1-9025-75f407e5c17d.jsonl;rollout-2026-08-04T10-19-37-019fcac8-aef6-7891-b93f-98ea184a621a.jsonl;rollout-2026-08-04T10-21-58-019fcaca-d45c-71e2-b106-bf99705f2352.jsonl;rollout-2026-08-04T10-34-18-019fcad6-1ecd-7850-99bb-3c6de4e50875.jsonl;rollout-2026-08-04T10-48-23-019fcae3-056d-75d1-92ad-eb777da35982.jsonl;rollout-2026-08-04T11-16-01-019fcafc-52a7-7192-8947-b6108df3e0a0.jsonl;rollout-2026-08-04T12-04-05-019fcb28-5502-7851-a2a2-04d6af5ebca0.jsonl;rollout-2026-08-04T12-06-35-019fcb2a-9ce7-77a0-883d-13f05394caa9.jsonl;rollout-2026-08-04T13-25-53-019fcb73-38aa-7dc1-a0e8-ba0bbda0b211.jsonl;rollout-2026-08-04T13-46-54-019fcb86-7621-7113-8c34-e9e4bbbbcec9.jsonl;rollout-2026-08-04T14-54-53-019fcbc4-b3f2-77f3-b7c1-a06a5366e820.jsonl;rollout-2026-08-04T15-07-44-019fcbd0-75f1-73c3-a828-838aa341eb82.jsonl;rollout-2026-08-04T16-25-55-019fcc18-0915-78d0-ba2c-e6b7a07eb9f1.jsonl,resources\views\admin\customers\index.blade.php
resources\views\admin\dashboard.blade.php,True,23,171,rollout-2026-07-31T11-06-09-019fb659-d8c8-7971-aa5f-6125546bafd1.jsonl;rollout-2026-08-02T17-29-48-019fc205-cd55-7a50-950b-2f6a196b5dee.jsonl;rollout-2026-08-03T11-06-38-019fc5cd-5f39-7863-a5b2-93a372b3a4ab.jsonl;rollout-2026-08-04T08-03-01-019fca4b-9f33-7ca2-beed-c0a735c6d12c.jsonl;rollout-2026-08-04T08-35-38-019fca69-7aad-7c81-a41b-21d9b9b7a3a6.jsonl;rollout-2026-08-04T09-20-33-019fca92-996a-7fb0-beea-942596ee66ef.jsonl;rollout-2026-08-04T10-12-03-019fcac1-c2c1-7fa1-9025-75f407e5c17d.jsonl;rollout-2026-08-04T10-15-17-019fcac4-b895-7d41-8678-b7e083a63a7c.jsonl;rollout-2026-08-04T10-19-37-019fcac8-aef6-7891-b93f-98ea184a621a.jsonl;rollout-2026-08-04T10-21-58-019fcaca-d45c-71e2-b106-bf99705f2352.jsonl;rollout-2026-08-04T10-34-18-019fcad6-1ecd-7850-99bb-3c6de4e50875.jsonl;rollout-2026-08-04T10-48-23-019fcae3-056d-75d1-92ad-eb777da35982.jsonl;rollout-2026-08-04T11-16-01-019fcafc-52a7-7192-8947-b6108df3e0a0.jsonl;rollout-2026-08-04T11-30-54-019fcb09-f095-73f0-a684-f990ae1268d9.jsonl;rollout-2026-08-04T12-04-05-019fcb28-5502-7851-a2a2-04d6af5ebca0.jsonl;rollout-2026-08-04T12-06-35-019fcb2a-9ce7-77a0-883d-13f05394caa9.jsonl;rollout-2026-08-04T13-25-53-019fcb73-38aa-7dc1-a0e8-ba0bbda0b211.jsonl;rollout-2026-08-04T13-46-54-019fcb86-7621-7113-8c34-e9e4bbbbcec9.jsonl;rollout-2026-08-04T14-54-53-019fcbc4-b3f2-77f3-b7c1-a06a5366e820.jsonl;rollout-2026-08-04T15-01-41-019fcbca-eaed-74d1-bf45-177cdb3f3491.jsonl;rollout-2026-08-04T15-07-44-019fcbd0-75f1-73c3-a828-838aa341eb82.jsonl;rollout-2026-08-04T16-25-55-019fcc18-0915-78d0-ba2c-e6b7a07eb9f1.jsonl;rollout-2026-08-04T20-47-31-019fcd07-8c5b-7af3-b9ec-87cb36d7a952.jsonl,resources\views\admin\dashboard.blade.php
resources\views\admin\home-layout\index.blade.php,True,23,73,rollout-2026-07-31T11-06-09-019fb659-d8c8-7971-aa5f-6125546bafd1.jsonl;rollout-2026-08-02T17-29-48-019fc205-cd55-7a50-950b-2f6a196b5dee.jsonl;rollout-2026-08-03T11-06-38-019fc5cd-5f39-7863-a5b2-93a372b3a4ab.jsonl;rollout-2026-08-04T08-03-01-019fca4b-9f33-7ca2-beed-c0a735c6d12c.jsonl;rollout-2026-08-04T08-35-38-019fca69-7aad-7c81-a41b-21d9b9b7a3a6.jsonl;rollout-2026-08-04T09-20-33-019fca92-996a-7fb0-beea-942596ee66ef.jsonl;rollout-2026-08-04T10-12-03-019fcac1-c2c1-7fa1-9025-75f407e5c17d.jsonl;rollout-2026-08-04T10-15-17-019fcac4-b895-7d41-8678-b7e083a63a7c.jsonl;rollout-2026-08-04T10-19-37-019fcac8-aef6-7891-b93f-98ea184a621a.jsonl;rollout-2026-08-04T10-21-58-019fcaca-d45c-71e2-b106-bf99705f2352.jsonl;rollout-2026-08-04T10-34-18-019fcad6-1ecd-7850-99bb-3c6de4e50875.jsonl;rollout-2026-08-04T10-48-23-019fcae3-056d-75d1-92ad-eb777da35982.jsonl;rollout-2026-08-04T11-16-01-019fcafc-52a7-7192-8947-b6108df3e0a0.jsonl;rollout-2026-08-04T11-30-54-019fcb09-f095-73f0-a684-f990ae1268d9.jsonl;rollout-2026-08-04T12-04-05-019fcb28-5502-7851-a2a2-04d6af5ebca0.jsonl;rollout-2026-08-04T12-06-35-019fcb2a-9ce7-77a0-883d-13f05394caa9.jsonl;rollout-2026-08-04T13-25-53-019fcb73-38aa-7dc1-a0e8-ba0bbda0b211.jsonl;rollout-2026-08-04T13-46-54-019fcb86-7621-7113-8c34-e9e4bbbbcec9.jsonl;rollout-2026-08-04T14-54-53-019fcbc4-b3f2-77f3-b7c1-a06a5366e820.jsonl;rollout-2026-08-04T15-01-41-019fcbca-eaed-74d1-bf45-177cdb3f3491.jsonl;rollout-2026-08-04T15-07-44-019fcbd0-75f1-73c3-a828-838aa341eb82.jsonl;rollout-2026-08-04T16-25-55-019fcc18-0915-78d0-ba2c-e6b7a07eb9f1.jsonl;rollout-2026-08-04T20-47-31-019fcd07-8c5b-7af3-b9ec-87cb36d7a952.jsonl,resources\views\admin\home-layout\index.blade.php
resources\views\admin\layouts\app.blade.php,True,23,201,rollout-2026-07-31T11-06-09-019fb659-d8c8-7971-aa5f-6125546bafd1.jsonl;rollout-2026-08-02T17-29-48-019fc205-cd55-7a50-950b-2f6a196b5dee.jsonl;rollout-2026-08-03T11-06-38-019fc5cd-5f39-7863-a5b2-93a372b3a4ab.jsonl;rollout-2026-08-04T08-03-01-019fca4b-9f33-7ca2-beed-c0a735c6d12c.jsonl;rollout-2026-08-04T08-35-38-019fca69-7aad-7c81-a41b-21d9b9b7a3a6.jsonl;rollout-2026-08-04T09-20-33-019fca92-996a-7fb0-beea-942596ee66ef.jsonl;rollout-2026-08-04T10-12-03-019fcac1-c2c1-7fa1-9025-75f407e5c17d.jsonl;rollout-2026-08-04T10-15-17-019fcac4-b895-7d41-8678-b7e083a63a7c.jsonl;rollout-2026-08-04T10-19-37-019fcac8-aef6-7891-b93f-98ea184a621a.jsonl;rollout-2026-08-04T10-21-58-019fcaca-d45c-71e2-b106-bf99705f2352.jsonl;rollout-2026-08-04T10-34-18-019fcad6-1ecd-7850-99bb-3c6de4e50875.jsonl;rollout-2026-08-04T10-48-23-019fcae3-056d-75d1-92ad-eb777da35982.jsonl;rollout-2026-08-04T11-16-01-019fcafc-52a7-7192-8947-b6108df3e0a0.jsonl;rollout-2026-08-04T11-30-54-019fcb09-f095-73f0-a684-f990ae1268d9.jsonl;rollout-2026-08-04T12-04-05-019fcb28-5502-7851-a2a2-04d6af5ebca0.jsonl;rollout-2026-08-04T12-06-35-019fcb2a-9ce7-77a0-883d-13f05394caa9.jsonl;rollout-2026-08-04T13-25-53-019fcb73-38aa-7dc1-a0e8-ba0bbda0b211.jsonl;rollout-2026-08-04T13-46-54-019fcb86-7621-7113-8c34-e9e4bbbbcec9.jsonl;rollout-2026-08-04T14-54-53-019fcbc4-b3f2-77f3-b7c1-a06a5366e820.jsonl;rollout-2026-08-04T15-01-41-019fcbca-eaed-74d1-bf45-177cdb3f3491.jsonl;rollout-2026-08-04T15-07-44-019fcbd0-75f1-73c3-a828-838aa341eb82.jsonl;rollout-2026-08-04T16-25-55-019fcc18-0915-78d0-ba2c-e6b7a07eb9f1.jsonl;rollout-2026-08-04T20-47-31-019fcd07-8c5b-7af3-b9ec-87cb36d7a952.jsonl,resources\views\admin\layouts\app.blade.php
resources\views\admin\orders\index.blade.php,True,22,394,rollout-2026-07-31T11-06-09-019fb659-d8c8-7971-aa5f-6125546bafd1.jsonl;rollout-2026-08-03T11-06-38-019fc5cd-5f39-7863-a5b2-93a372b3a4ab.jsonl;rollout-2026-08-04T08-03-01-019fca4b-9f33-7ca2-beed-c0a735c6d12c.jsonl;rollout-2026-08-04T08-35-38-019fca69-7aad-7c81-a41b-21d9b9b7a3a6.jsonl;rollout-2026-08-04T09-20-33-019fca92-996a-7fb0-beea-942596ee66ef.jsonl;rollout-2026-08-04T10-12-03-019fcac1-c2c1-7fa1-9025-75f407e5c17d.jsonl;rollout-2026-08-04T10-15-17-019fcac4-b895-7d41-8678-b7e083a63a7c.jsonl;rollout-2026-08-04T10-19-37-019fcac8-aef6-7891-b93f-98ea184a621a.jsonl;rollout-2026-08-04T10-21-58-019fcaca-d45c-71e2-b106-bf99705f2352.jsonl;rollout-2026-08-04T10-34-18-019fcad6-1ecd-7850-99bb-3c6de4e50875.jsonl;rollout-2026-08-04T10-48-23-019fcae3-056d-75d1-92ad-eb777da35982.jsonl;rollout-2026-08-04T11-16-01-019fcafc-52a7-7192-8947-b6108df3e0a0.jsonl;rollout-2026-08-04T11-30-54-019fcb09-f095-73f0-a684-f990ae1268d9.jsonl;rollout-2026-08-04T12-04-05-019fcb28-5502-7851-a2a2-04d6af5ebca0.jsonl;rollout-2026-08-04T12-06-35-019fcb2a-9ce7-77a0-883d-13f05394caa9.jsonl;rollout-2026-08-04T13-25-53-019fcb73-38aa-7dc1-a0e8-ba0bbda0b211.jsonl;rollout-2026-08-04T13-46-54-019fcb86-7621-7113-8c34-e9e4bbbbcec9.jsonl;rollout-2026-08-04T14-54-53-019fcbc4-b3f2-77f3-b7c1-a06a5366e820.jsonl;rollout-2026-08-04T15-01-41-019fcbca-eaed-74d1-bf45-177cdb3f3491.jsonl;rollout-2026-08-04T15-07-44-019fcbd0-75f1-73c3-a828-838aa341eb82.jsonl;rollout-2026-08-04T16-25-55-019fcc18-0915-78d0-ba2c-e6b7a07eb9f1.jsonl;rollout-2026-08-04T20-47-31-019fcd07-8c5b-7af3-b9ec-87cb36d7a952.jsonl,resources\views\admin\orders\index.blade.php
resources\views\admin\orders\show.blade.php,True,23,372,rollout-2026-07-31T11-06-09-019fb659-d8c8-7971-aa5f-6125546bafd1.jsonl;rollout-2026-08-02T17-29-48-019fc205-cd55-7a50-950b-2f6a196b5dee.jsonl;rollout-2026-08-03T11-06-38-019fc5cd-5f39-7863-a5b2-93a372b3a4ab.jsonl;rollout-2026-08-04T08-03-01-019fca4b-9f33-7ca2-beed-c0a735c6d12c.jsonl;rollout-2026-08-04T08-35-38-019fca69-7aad-7c81-a41b-21d9b9b7a3a6.jsonl;rollout-2026-08-04T09-20-33-019fca92-996a-7fb0-beea-942596ee66ef.jsonl;rollout-2026-08-04T10-12-03-019fcac1-c2c1-7fa1-9025-75f407e5c17d.jsonl;rollout-2026-08-04T10-15-17-019fcac4-b895-7d41-8678-b7e083a63a7c.jsonl;rollout-2026-08-04T10-19-37-019fcac8-aef6-7891-b93f-98ea184a621a.jsonl;rollout-2026-08-04T10-21-58-019fcaca-d45c-71e2-b106-bf99705f2352.jsonl;rollout-2026-08-04T10-34-18-019fcad6-1ecd-7850-99bb-3c6de4e50875.jsonl;rollout-2026-08-04T10-48-23-019fcae3-056d-75d1-92ad-eb777da35982.jsonl;rollout-2026-08-04T11-16-01-019fcafc-52a7-7192-8947-b6108df3e0a0.jsonl;rollout-2026-08-04T11-30-54-019fcb09-f095-73f0-a684-f990ae1268d9.jsonl;rollout-2026-08-04T12-04-05-019fcb28-5502-7851-a2a2-04d6af5ebca0.jsonl;rollout-2026-08-04T12-06-35-019fcb2a-9ce7-77a0-883d-13f05394caa9.jsonl;rollout-2026-08-04T13-25-53-019fcb73-38aa-7dc1-a0e8-ba0bbda0b211.jsonl;rollout-2026-08-04T13-46-54-019fcb86-7621-7113-8c34-e9e4bbbbcec9.jsonl;rollout-2026-08-04T14-54-53-019fcbc4-b3f2-77f3-b7c1-a06a5366e820.jsonl;rollout-2026-08-04T15-01-41-019fcbca-eaed-74d1-bf45-177cdb3f3491.jsonl;rollout-2026-08-04T15-07-44-019fcbd0-75f1-73c3-a828-838aa341eb82.jsonl;rollout-2026-08-04T16-25-55-019fcc18-0915-78d0-ba2c-e6b7a07eb9f1.jsonl;rollout-2026-08-04T20-47-31-019fcd07-8c5b-7af3-b9ec-87cb36d7a952.jsonl,resources\views\admin\orders\show.blade.php
resources\views\admin\posts\categories.blade.php,True,23,76,rollout-2026-07-31T11-06-09-019fb659-d8c8-7971-aa5f-6125546bafd1.jsonl;rollout-2026-08-02T17-29-48-019fc205-cd55-7a50-950b-2f6a196b5dee.jsonl;rollout-2026-08-03T11-06-38-019fc5cd-5f39-7863-a5b2-93a372b3a4ab.jsonl;rollout-2026-08-04T08-03-01-019fca4b-9f33-7ca2-beed-c0a735c6d12c.jsonl;rollout-2026-08-04T08-35-38-019fca69-7aad-7c81-a41b-21d9b9b7a3a6.jsonl;rollout-2026-08-04T09-20-33-019fca92-996a-7fb0-beea-942596ee66ef.jsonl;rollout-2026-08-04T10-12-03-019fcac1-c2c1-7fa1-9025-75f407e5c17d.jsonl;rollout-2026-08-04T10-15-17-019fcac4-b895-7d41-8678-b7e083a63a7c.jsonl;rollout-2026-08-04T10-19-37-019fcac8-aef6-7891-b93f-98ea184a621a.jsonl;rollout-2026-08-04T10-21-58-019fcaca-d45c-71e2-b106-bf99705f2352.jsonl;rollout-2026-08-04T10-34-18-019fcad6-1ecd-7850-99bb-3c6de4e50875.jsonl;rollout-2026-08-04T10-48-23-019fcae3-056d-75d1-92ad-eb777da35982.jsonl;rollout-2026-08-04T11-16-01-019fcafc-52a7-7192-8947-b6108df3e0a0.jsonl;rollout-2026-08-04T11-30-54-019fcb09-f095-73f0-a684-f990ae1268d9.jsonl;rollout-2026-08-04T12-04-05-019fcb28-5502-7851-a2a2-04d6af5ebca0.jsonl;rollout-2026-08-04T12-06-35-019fcb2a-9ce7-77a0-883d-13f05394caa9.jsonl;rollout-2026-08-04T13-25-53-019fcb73-38aa-7dc1-a0e8-ba0bbda0b211.jsonl;rollout-2026-08-04T13-46-54-019fcb86-7621-7113-8c34-e9e4bbbbcec9.jsonl;rollout-2026-08-04T14-54-53-019fcbc4-b3f2-77f3-b7c1-a06a5366e820.jsonl;rollout-2026-08-04T15-01-41-019fcbca-eaed-74d1-bf45-177cdb3f3491.jsonl;rollout-2026-08-04T15-07-44-019fcbd0-75f1-73c3-a828-838aa341eb82.jsonl;rollout-2026-08-04T16-25-55-019fcc18-0915-78d0-ba2c-e6b7a07eb9f1.jsonl;rollout-2026-08-04T20-47-31-019fcd07-8c5b-7af3-b9ec-87cb36d7a952.jsonl,resources\views\admin\posts\categories.blade.php
resources\views\admin\posts\index.blade.php,True,14,18,rollout-2026-07-31T11-06-09-019fb659-d8c8-7971-aa5f-6125546bafd1.jsonl;rollout-2026-08-04T08-03-01-019fca4b-9f33-7ca2-beed-c0a735c6d12c.jsonl;rollout-2026-08-04T09-20-33-019fca92-996a-7fb0-beea-942596ee66ef.jsonl;rollout-2026-08-04T10-12-03-019fcac1-c2c1-7fa1-9025-75f407e5c17d.jsonl;rollout-2026-08-04T10-21-58-019fcaca-d45c-71e2-b106-bf99705f2352.jsonl;rollout-2026-08-04T10-34-18-019fcad6-1ecd-7850-99bb-3c6de4e50875.jsonl;rollout-2026-08-04T10-48-23-019fcae3-056d-75d1-92ad-eb777da35982.jsonl;rollout-2026-08-04T11-16-01-019fcafc-52a7-7192-8947-b6108df3e0a0.jsonl;rollout-2026-08-04T12-06-35-019fcb2a-9ce7-77a0-883d-13f05394caa9.jsonl;rollout-2026-08-04T13-25-53-019fcb73-38aa-7dc1-a0e8-ba0bbda0b211.jsonl;rollout-2026-08-04T13-46-54-019fcb86-7621-7113-8c34-e9e4bbbbcec9.jsonl;rollout-2026-08-04T14-54-53-019fcbc4-b3f2-77f3-b7c1-a06a5366e820.jsonl;rollout-2026-08-04T15-07-44-019fcbd0-75f1-73c3-a828-838aa341eb82.jsonl;rollout-2026-08-04T16-25-55-019fcc18-0915-78d0-ba2c-e6b7a07eb9f1.jsonl,resources\views\admin\posts\index.blade.php
resources\views\admin\products\_styles.blade.php,True,14,20,rollout-2026-07-31T11-06-09-019fb659-d8c8-7971-aa5f-6125546bafd1.jsonl;rollout-2026-08-04T08-03-01-019fca4b-9f33-7ca2-beed-c0a735c6d12c.jsonl;rollout-2026-08-04T09-20-33-019fca92-996a-7fb0-beea-942596ee66ef.jsonl;rollout-2026-08-04T10-12-03-019fcac1-c2c1-7fa1-9025-75f407e5c17d.jsonl;rollout-2026-08-04T10-21-58-019fcaca-d45c-71e2-b106-bf99705f2352.jsonl;rollout-2026-08-04T10-34-18-019fcad6-1ecd-7850-99bb-3c6de4e50875.jsonl;rollout-2026-08-04T10-48-23-019fcae3-056d-75d1-92ad-eb777da35982.jsonl;rollout-2026-08-04T11-16-01-019fcafc-52a7-7192-8947-b6108df3e0a0.jsonl;rollout-2026-08-04T12-06-35-019fcb2a-9ce7-77a0-883d-13f05394caa9.jsonl;rollout-2026-08-04T13-25-53-019fcb73-38aa-7dc1-a0e8-ba0bbda0b211.jsonl;rollout-2026-08-04T13-46-54-019fcb86-7621-7113-8c34-e9e4bbbbcec9.jsonl;rollout-2026-08-04T14-54-53-019fcbc4-b3f2-77f3-b7c1-a06a5366e820.jsonl;rollout-2026-08-04T15-07-44-019fcbd0-75f1-73c3-a828-838aa341eb82.jsonl;rollout-2026-08-04T16-25-55-019fcc18-0915-78d0-ba2c-e6b7a07eb9f1.jsonl,resources\views\admin\products\_styles.blade.php
resources\views\admin\products\edit.blade.php,True,17,37,rollout-2026-07-31T11-06-09-019fb659-d8c8-7971-aa5f-6125546bafd1.jsonl;rollout-2026-08-03T11-06-38-019fc5cd-5f39-7863-a5b2-93a372b3a4ab.jsonl;rollout-2026-08-04T08-03-01-019fca4b-9f33-7ca2-beed-c0a735c6d12c.jsonl;rollout-2026-08-04T08-35-38-019fca69-7aad-7c81-a41b-21d9b9b7a3a6.jsonl;rollout-2026-08-04T09-20-33-019fca92-996a-7fb0-beea-942596ee66ef.jsonl;rollout-2026-08-04T10-12-03-019fcac1-c2c1-7fa1-9025-75f407e5c17d.jsonl;rollout-2026-08-04T10-21-58-019fcaca-d45c-71e2-b106-bf99705f2352.jsonl;rollout-2026-08-04T10-34-18-019fcad6-1ecd-7850-99bb-3c6de4e50875.jsonl;rollout-2026-08-04T10-48-23-019fcae3-056d-75d1-92ad-eb777da35982.jsonl;rollout-2026-08-04T11-16-01-019fcafc-52a7-7192-8947-b6108df3e0a0.jsonl;rollout-2026-08-04T12-06-35-019fcb2a-9ce7-77a0-883d-13f05394caa9.jsonl;rollout-2026-08-04T13-25-53-019fcb73-38aa-7dc1-a0e8-ba0bbda0b211.jsonl;rollout-2026-08-04T13-46-54-019fcb86-7621-7113-8c34-e9e4bbbbcec9.jsonl;rollout-2026-08-04T14-54-53-019fcbc4-b3f2-77f3-b7c1-a06a5366e820.jsonl;rollout-2026-08-04T15-07-44-019fcbd0-75f1-73c3-a828-838aa341eb82.jsonl;rollout-2026-08-04T16-25-55-019fcc18-0915-78d0-ba2c-e6b7a07eb9f1.jsonl;rollout-2026-08-04T20-47-31-019fcd07-8c5b-7af3-b9ec-87cb36d7a952.jsonl,resources\views\admin\products\edit.blade.php
resources\views\admin\products\form.blade.php,True,23,183,rollout-2026-07-31T11-06-09-019fb659-d8c8-7971-aa5f-6125546bafd1.jsonl;rollout-2026-08-02T17-29-48-019fc205-cd55-7a50-950b-2f6a196b5dee.jsonl;rollout-2026-08-03T11-06-38-019fc5cd-5f39-7863-a5b2-93a372b3a4ab.jsonl;rollout-2026-08-04T08-03-01-019fca4b-9f33-7ca2-beed-c0a735c6d12c.jsonl;rollout-2026-08-04T08-35-38-019fca69-7aad-7c81-a41b-21d9b9b7a3a6.jsonl;rollout-2026-08-04T09-20-33-019fca92-996a-7fb0-beea-942596ee66ef.jsonl;rollout-2026-08-04T10-12-03-019fcac1-c2c1-7fa1-9025-75f407e5c17d.jsonl;rollout-2026-08-04T10-15-17-019fcac4-b895-7d41-8678-b7e083a63a7c.jsonl;rollout-2026-08-04T10-19-37-019fcac8-aef6-7891-b93f-98ea184a621a.jsonl;rollout-2026-08-04T10-21-58-019fcaca-d45c-71e2-b106-bf99705f2352.jsonl;rollout-2026-08-04T10-34-18-019fcad6-1ecd-7850-99bb-3c6de4e50875.jsonl;rollout-2026-08-04T10-48-23-019fcae3-056d-75d1-92ad-eb777da35982.jsonl;rollout-2026-08-04T11-16-01-019fcafc-52a7-7192-8947-b6108df3e0a0.jsonl;rollout-2026-08-04T11-30-54-019fcb09-f095-73f0-a684-f990ae1268d9.jsonl;rollout-2026-08-04T12-04-05-019fcb28-5502-7851-a2a2-04d6af5ebca0.jsonl;rollout-2026-08-04T12-06-35-019fcb2a-9ce7-77a0-883d-13f05394caa9.jsonl;rollout-2026-08-04T13-25-53-019fcb73-38aa-7dc1-a0e8-ba0bbda0b211.jsonl;rollout-2026-08-04T13-46-54-019fcb86-7621-7113-8c34-e9e4bbbbcec9.jsonl;rollout-2026-08-04T14-54-53-019fcbc4-b3f2-77f3-b7c1-a06a5366e820.jsonl;rollout-2026-08-04T15-01-41-019fcbca-eaed-74d1-bf45-177cdb3f3491.jsonl;rollout-2026-08-04T15-07-44-019fcbd0-75f1-73c3-a828-838aa341eb82.jsonl;rollout-2026-08-04T16-25-55-019fcc18-0915-78d0-ba2c-e6b7a07eb9f1.jsonl;rollout-2026-08-04T20-47-31-019fcd07-8c5b-7af3-b9ec-87cb36d7a952.jsonl,resources\views\admin\products\form.blade.php
resources\views\admin\products\index.blade.php,True,18,52,rollout-2026-07-31T11-06-09-019fb659-d8c8-7971-aa5f-6125546bafd1.jsonl;rollout-2026-08-03T11-06-38-019fc5cd-5f39-7863-a5b2-93a372b3a4ab.jsonl;rollout-2026-08-04T08-03-01-019fca4b-9f33-7ca2-beed-c0a735c6d12c.jsonl;rollout-2026-08-04T09-20-33-019fca92-996a-7fb0-beea-942596ee66ef.jsonl;rollout-2026-08-04T10-12-03-019fcac1-c2c1-7fa1-9025-75f407e5c17d.jsonl;rollout-2026-08-04T10-15-17-019fcac4-b895-7d41-8678-b7e083a63a7c.jsonl;rollout-2026-08-04T10-19-37-019fcac8-aef6-7891-b93f-98ea184a621a.jsonl;rollout-2026-08-04T10-21-58-019fcaca-d45c-71e2-b106-bf99705f2352.jsonl;rollout-2026-08-04T10-34-18-019fcad6-1ecd-7850-99bb-3c6de4e50875.jsonl;rollout-2026-08-04T10-48-23-019fcae3-056d-75d1-92ad-eb777da35982.jsonl;rollout-2026-08-04T11-16-01-019fcafc-52a7-7192-8947-b6108df3e0a0.jsonl;rollout-2026-08-04T12-06-35-019fcb2a-9ce7-77a0-883d-13f05394caa9.jsonl;rollout-2026-08-04T13-25-53-019fcb73-38aa-7dc1-a0e8-ba0bbda0b211.jsonl;rollout-2026-08-04T13-46-54-019fcb86-7621-7113-8c34-e9e4bbbbcec9.jsonl;rollout-2026-08-04T14-54-53-019fcbc4-b3f2-77f3-b7c1-a06a5366e820.jsonl;rollout-2026-08-04T15-07-44-019fcbd0-75f1-73c3-a828-838aa341eb82.jsonl;rollout-2026-08-04T16-25-55-019fcc18-0915-78d0-ba2c-e6b7a07eb9f1.jsonl;rollout-2026-08-04T20-47-31-019fcd07-8c5b-7af3-b9ec-87cb36d7a952.jsonl,resources\views\admin\products\index.blade.php
resources\views\admin\products\recycle.blade.php,True,22,91,rollout-2026-07-31T11-06-09-019fb659-d8c8-7971-aa5f-6125546bafd1.jsonl;rollout-2026-08-03T11-06-38-019fc5cd-5f39-7863-a5b2-93a372b3a4ab.jsonl;rollout-2026-08-04T08-03-01-019fca4b-9f33-7ca2-beed-c0a735c6d12c.jsonl;rollout-2026-08-04T08-35-38-019fca69-7aad-7c81-a41b-21d9b9b7a3a6.jsonl;rollout-2026-08-04T09-20-33-019fca92-996a-7fb0-beea-942596ee66ef.jsonl;rollout-2026-08-04T10-12-03-019fcac1-c2c1-7fa1-9025-75f407e5c17d.jsonl;rollout-2026-08-04T10-15-17-019fcac4-b895-7d41-8678-b7e083a63a7c.jsonl;rollout-2026-08-04T10-19-37-019fcac8-aef6-7891-b93f-98ea184a621a.jsonl;rollout-2026-08-04T10-21-58-019fcaca-d45c-71e2-b106-bf99705f2352.jsonl;rollout-2026-08-04T10-34-18-019fcad6-1ecd-7850-99bb-3c6de4e50875.jsonl;rollout-2026-08-04T10-48-23-019fcae3-056d-75d1-92ad-eb777da35982.jsonl;rollout-2026-08-04T11-16-01-019fcafc-52a7-7192-8947-b6108df3e0a0.jsonl;rollout-2026-08-04T11-30-54-019fcb09-f095-73f0-a684-f990ae1268d9.jsonl;rollout-2026-08-04T12-04-05-019fcb28-5502-7851-a2a2-04d6af5ebca0.jsonl;rollout-2026-08-04T12-06-35-019fcb2a-9ce7-77a0-883d-13f05394caa9.jsonl;rollout-2026-08-04T13-25-53-019fcb73-38aa-7dc1-a0e8-ba0bbda0b211.jsonl;rollout-2026-08-04T13-46-54-019fcb86-7621-7113-8c34-e9e4bbbbcec9.jsonl;rollout-2026-08-04T14-54-53-019fcbc4-b3f2-77f3-b7c1-a06a5366e820.jsonl;rollout-2026-08-04T15-01-41-019fcbca-eaed-74d1-bf45-177cdb3f3491.jsonl;rollout-2026-08-04T15-07-44-019fcbd0-75f1-73c3-a828-838aa341eb82.jsonl;rollout-2026-08-04T16-25-55-019fcc18-0915-78d0-ba2c-e6b7a07eb9f1.jsonl;rollout-2026-08-04T20-47-31-019fcd07-8c5b-7af3-b9ec-87cb36d7a952.jsonl,resources\views\admin\products\recycle.blade.php
resources\views\admin\promotions\index.blade.php,True,17,405,rollout-2026-07-31T11-06-09-019fb659-d8c8-7971-aa5f-6125546bafd1.jsonl;rollout-2026-08-03T11-06-38-019fc5cd-5f39-7863-a5b2-93a372b3a4ab.jsonl;rollout-2026-08-04T08-03-01-019fca4b-9f33-7ca2-beed-c0a735c6d12c.jsonl;rollout-2026-08-04T09-20-33-019fca92-996a-7fb0-beea-942596ee66ef.jsonl;rollout-2026-08-04T10-12-03-019fcac1-c2c1-7fa1-9025-75f407e5c17d.jsonl;rollout-2026-08-04T10-19-37-019fcac8-aef6-7891-b93f-98ea184a621a.jsonl;rollout-2026-08-04T10-21-58-019fcaca-d45c-71e2-b106-bf99705f2352.jsonl;rollout-2026-08-04T10-34-18-019fcad6-1ecd-7850-99bb-3c6de4e50875.jsonl;rollout-2026-08-04T10-48-23-019fcae3-056d-75d1-92ad-eb777da35982.jsonl;rollout-2026-08-04T11-16-01-019fcafc-52a7-7192-8947-b6108df3e0a0.jsonl;rollout-2026-08-04T12-06-35-019fcb2a-9ce7-77a0-883d-13f05394caa9.jsonl;rollout-2026-08-04T13-25-53-019fcb73-38aa-7dc1-a0e8-ba0bbda0b211.jsonl;rollout-2026-08-04T13-46-54-019fcb86-7621-7113-8c34-e9e4bbbbcec9.jsonl;rollout-2026-08-04T14-54-53-019fcbc4-b3f2-77f3-b7c1-a06a5366e820.jsonl;rollout-2026-08-04T15-07-44-019fcbd0-75f1-73c3-a828-838aa341eb82.jsonl;rollout-2026-08-04T16-25-55-019fcc18-0915-78d0-ba2c-e6b7a07eb9f1.jsonl;rollout-2026-08-04T20-47-31-019fcd07-8c5b-7af3-b9ec-87cb36d7a952.jsonl,resources\views\admin\promotions\index.blade.php
resources\views\admin\reports\_styles.blade.php,True,14,14,rollout-2026-07-31T11-06-09-019fb659-d8c8-7971-aa5f-6125546bafd1.jsonl;rollout-2026-08-04T08-03-01-019fca4b-9f33-7ca2-beed-c0a735c6d12c.jsonl;rollout-2026-08-04T09-20-33-019fca92-996a-7fb0-beea-942596ee66ef.jsonl;rollout-2026-08-04T10-12-03-019fcac1-c2c1-7fa1-9025-75f407e5c17d.jsonl;rollout-2026-08-04T10-21-58-019fcaca-d45c-71e2-b106-bf99705f2352.jsonl;rollout-2026-08-04T10-34-18-019fcad6-1ecd-7850-99bb-3c6de4e50875.jsonl;rollout-2026-08-04T10-48-23-019fcae3-056d-75d1-92ad-eb777da35982.jsonl;rollout-2026-08-04T11-16-01-019fcafc-52a7-7192-8947-b6108df3e0a0.jsonl;rollout-2026-08-04T12-06-35-019fcb2a-9ce7-77a0-883d-13f05394caa9.jsonl;rollout-2026-08-04T13-25-53-019fcb73-38aa-7dc1-a0e8-ba0bbda0b211.jsonl;rollout-2026-08-04T13-46-54-019fcb86-7621-7113-8c34-e9e4bbbbcec9.jsonl;rollout-2026-08-04T14-54-53-019fcbc4-b3f2-77f3-b7c1-a06a5366e820.jsonl;rollout-2026-08-04T15-07-44-019fcbd0-75f1-73c3-a828-838aa341eb82.jsonl;rollout-2026-08-04T16-25-55-019fcc18-0915-78d0-ba2c-e6b7a07eb9f1.jsonl,resources\views\admin\reports\_styles.blade.php
resources\views\admin\reports\chart.blade.php,True,17,34,rollout-2026-07-31T11-06-09-019fb659-d8c8-7971-aa5f-6125546bafd1.jsonl;rollout-2026-08-04T08-03-01-019fca4b-9f33-7ca2-beed-c0a735c6d12c.jsonl;rollout-2026-08-04T09-20-33-019fca92-996a-7fb0-beea-942596ee66ef.jsonl;rollout-2026-08-04T10-12-03-019fcac1-c2c1-7fa1-9025-75f407e5c17d.jsonl;rollout-2026-08-04T10-15-17-019fcac4-b895-7d41-8678-b7e083a63a7c.jsonl;rollout-2026-08-04T10-19-37-019fcac8-aef6-7891-b93f-98ea184a621a.jsonl;rollout-2026-08-04T10-21-58-019fcaca-d45c-71e2-b106-bf99705f2352.jsonl;rollout-2026-08-04T10-34-18-019fcad6-1ecd-7850-99bb-3c6de4e50875.jsonl;rollout-2026-08-04T10-48-23-019fcae3-056d-75d1-92ad-eb777da35982.jsonl;rollout-2026-08-04T11-16-01-019fcafc-52a7-7192-8947-b6108df3e0a0.jsonl;rollout-2026-08-04T12-04-05-019fcb28-5502-7851-a2a2-04d6af5ebca0.jsonl;rollout-2026-08-04T12-06-35-019fcb2a-9ce7-77a0-883d-13f05394caa9.jsonl;rollout-2026-08-04T13-25-53-019fcb73-38aa-7dc1-a0e8-ba0bbda0b211.jsonl;rollout-2026-08-04T13-46-54-019fcb86-7621-7113-8c34-e9e4bbbbcec9.jsonl;rollout-2026-08-04T14-54-53-019fcbc4-b3f2-77f3-b7c1-a06a5366e820.jsonl;rollout-2026-08-04T15-07-44-019fcbd0-75f1-73c3-a828-838aa341eb82.jsonl;rollout-2026-08-04T16-25-55-019fcc18-0915-78d0-ba2c-e6b7a07eb9f1.jsonl,resources\views\admin\reports\chart.blade.php
resources\views\admin\reports\daily-sales.blade.php,True,17,31,rollout-2026-07-31T11-06-09-019fb659-d8c8-7971-aa5f-6125546bafd1.jsonl;rollout-2026-08-04T08-03-01-019fca4b-9f33-7ca2-beed-c0a735c6d12c.jsonl;rollout-2026-08-04T09-20-33-019fca92-996a-7fb0-beea-942596ee66ef.jsonl;rollout-2026-08-04T10-12-03-019fcac1-c2c1-7fa1-9025-75f407e5c17d.jsonl;rollout-2026-08-04T10-15-17-019fcac4-b895-7d41-8678-b7e083a63a7c.jsonl;rollout-2026-08-04T10-19-37-019fcac8-aef6-7891-b93f-98ea184a621a.jsonl;rollout-2026-08-04T10-21-58-019fcaca-d45c-71e2-b106-bf99705f2352.jsonl;rollout-2026-08-04T10-34-18-019fcad6-1ecd-7850-99bb-3c6de4e50875.jsonl;rollout-2026-08-04T10-48-23-019fcae3-056d-75d1-92ad-eb777da35982.jsonl;rollout-2026-08-04T11-16-01-019fcafc-52a7-7192-8947-b6108df3e0a0.jsonl;rollout-2026-08-04T12-04-05-019fcb28-5502-7851-a2a2-04d6af5ebca0.jsonl;rollout-2026-08-04T12-06-35-019fcb2a-9ce7-77a0-883d-13f05394caa9.jsonl;rollout-2026-08-04T13-25-53-019fcb73-38aa-7dc1-a0e8-ba0bbda0b211.jsonl;rollout-2026-08-04T13-46-54-019fcb86-7621-7113-8c34-e9e4bbbbcec9.jsonl;rollout-2026-08-04T14-54-53-019fcbc4-b3f2-77f3-b7c1-a06a5366e820.jsonl;rollout-2026-08-04T15-07-44-019fcbd0-75f1-73c3-a828-838aa341eb82.jsonl;rollout-2026-08-04T16-25-55-019fcc18-0915-78d0-ba2c-e6b7a07eb9f1.jsonl,resources\views\admin\reports\daily-sales.blade.php
resources\views\admin\reports\orders.blade.php,True,23,115,rollout-2026-07-31T11-06-09-019fb659-d8c8-7971-aa5f-6125546bafd1.jsonl;rollout-2026-08-02T17-29-48-019fc205-cd55-7a50-950b-2f6a196b5dee.jsonl;rollout-2026-08-03T11-06-38-019fc5cd-5f39-7863-a5b2-93a372b3a4ab.jsonl;rollout-2026-08-04T08-03-01-019fca4b-9f33-7ca2-beed-c0a735c6d12c.jsonl;rollout-2026-08-04T08-35-38-019fca69-7aad-7c81-a41b-21d9b9b7a3a6.jsonl;rollout-2026-08-04T09-20-33-019fca92-996a-7fb0-beea-942596ee66ef.jsonl;rollout-2026-08-04T10-12-03-019fcac1-c2c1-7fa1-9025-75f407e5c17d.jsonl;rollout-2026-08-04T10-15-17-019fcac4-b895-7d41-8678-b7e083a63a7c.jsonl;rollout-2026-08-04T10-19-37-019fcac8-aef6-7891-b93f-98ea184a621a.jsonl;rollout-2026-08-04T10-21-58-019fcaca-d45c-71e2-b106-bf99705f2352.jsonl;rollout-2026-08-04T10-34-18-019fcad6-1ecd-7850-99bb-3c6de4e50875.jsonl;rollout-2026-08-04T10-48-23-019fcae3-056d-75d1-92ad-eb777da35982.jsonl;rollout-2026-08-04T11-16-01-019fcafc-52a7-7192-8947-b6108df3e0a0.jsonl;rollout-2026-08-04T11-30-54-019fcb09-f095-73f0-a684-f990ae1268d9.jsonl;rollout-2026-08-04T12-04-05-019fcb28-5502-7851-a2a2-04d6af5ebca0.jsonl;rollout-2026-08-04T12-06-35-019fcb2a-9ce7-77a0-883d-13f05394caa9.jsonl;rollout-2026-08-04T13-25-53-019fcb73-38aa-7dc1-a0e8-ba0bbda0b211.jsonl;rollout-2026-08-04T13-46-54-019fcb86-7621-7113-8c34-e9e4bbbbcec9.jsonl;rollout-2026-08-04T14-54-53-019fcbc4-b3f2-77f3-b7c1-a06a5366e820.jsonl;rollout-2026-08-04T15-01-41-019fcbca-eaed-74d1-bf45-177cdb3f3491.jsonl;rollout-2026-08-04T15-07-44-019fcbd0-75f1-73c3-a828-838aa341eb82.jsonl;rollout-2026-08-04T16-25-55-019fcc18-0915-78d0-ba2c-e6b7a07eb9f1.jsonl;rollout-2026-08-04T20-47-31-019fcd07-8c5b-7af3-b9ec-87cb36d7a952.jsonl,resources\views\admin\reports\orders.blade.php
resources\views\admin\reports\products.blade.php,True,17,38,rollout-2026-07-31T11-06-09-019fb659-d8c8-7971-aa5f-6125546bafd1.jsonl;rollout-2026-08-04T08-03-01-019fca4b-9f33-7ca2-beed-c0a735c6d12c.jsonl;rollout-2026-08-04T09-20-33-019fca92-996a-7fb0-beea-942596ee66ef.jsonl;rollout-2026-08-04T10-12-03-019fcac1-c2c1-7fa1-9025-75f407e5c17d.jsonl;rollout-2026-08-04T10-15-17-019fcac4-b895-7d41-8678-b7e083a63a7c.jsonl;rollout-2026-08-04T10-19-37-019fcac8-aef6-7891-b93f-98ea184a621a.jsonl;rollout-2026-08-04T10-21-58-019fcaca-d45c-71e2-b106-bf99705f2352.jsonl;rollout-2026-08-04T10-34-18-019fcad6-1ecd-7850-99bb-3c6de4e50875.jsonl;rollout-2026-08-04T10-48-23-019fcae3-056d-75d1-92ad-eb777da35982.jsonl;rollout-2026-08-04T11-16-01-019fcafc-52a7-7192-8947-b6108df3e0a0.jsonl;rollout-2026-08-04T11-30-54-019fcb09-f095-73f0-a684-f990ae1268d9.jsonl;rollout-2026-08-04T12-06-35-019fcb2a-9ce7-77a0-883d-13f05394caa9.jsonl;rollout-2026-08-04T13-25-53-019fcb73-38aa-7dc1-a0e8-ba0bbda0b211.jsonl;rollout-2026-08-04T13-46-54-019fcb86-7621-7113-8c34-e9e4bbbbcec9.jsonl;rollout-2026-08-04T14-54-53-019fcbc4-b3f2-77f3-b7c1-a06a5366e820.jsonl;rollout-2026-08-04T15-07-44-019fcbd0-75f1-73c3-a828-838aa341eb82.jsonl;rollout-2026-08-04T16-25-55-019fcc18-0915-78d0-ba2c-e6b7a07eb9f1.jsonl,resources\views\admin\reports\products.blade.php
resources\views\admin\reports\top-sales.blade.php,True,17,39,rollout-2026-07-31T11-06-09-019fb659-d8c8-7971-aa5f-6125546bafd1.jsonl;rollout-2026-08-04T08-03-01-019fca4b-9f33-7ca2-beed-c0a735c6d12c.jsonl;rollout-2026-08-04T09-20-33-019fca92-996a-7fb0-beea-942596ee66ef.jsonl;rollout-2026-08-04T10-12-03-019fcac1-c2c1-7fa1-9025-75f407e5c17d.jsonl;rollout-2026-08-04T10-15-17-019fcac4-b895-7d41-8678-b7e083a63a7c.jsonl;rollout-2026-08-04T10-19-37-019fcac8-aef6-7891-b93f-98ea184a621a.jsonl;rollout-2026-08-04T10-21-58-019fcaca-d45c-71e2-b106-bf99705f2352.jsonl;rollout-2026-08-04T10-34-18-019fcad6-1ecd-7850-99bb-3c6de4e50875.jsonl;rollout-2026-08-04T10-48-23-019fcae3-056d-75d1-92ad-eb777da35982.jsonl;rollout-2026-08-04T11-16-01-019fcafc-52a7-7192-8947-b6108df3e0a0.jsonl;rollout-2026-08-04T12-04-05-019fcb28-5502-7851-a2a2-04d6af5ebca0.jsonl;rollout-2026-08-04T12-06-35-019fcb2a-9ce7-77a0-883d-13f05394caa9.jsonl;rollout-2026-08-04T13-25-53-019fcb73-38aa-7dc1-a0e8-ba0bbda0b211.jsonl;rollout-2026-08-04T13-46-54-019fcb86-7621-7113-8c34-e9e4bbbbcec9.jsonl;rollout-2026-08-04T14-54-53-019fcbc4-b3f2-77f3-b7c1-a06a5366e820.jsonl;rollout-2026-08-04T15-07-44-019fcbd0-75f1-73c3-a828-838aa341eb82.jsonl;rollout-2026-08-04T16-25-55-019fcc18-0915-78d0-ba2c-e6b7a07eb9f1.jsonl,resources\views\admin\reports\top-sales.blade.php
resources\views\admin\returns\index.blade.php,True,20,123,rollout-2026-07-31T11-06-09-019fb659-d8c8-7971-aa5f-6125546bafd1.jsonl;rollout-2026-08-02T17-29-48-019fc205-cd55-7a50-950b-2f6a196b5dee.jsonl;rollout-2026-08-03T11-06-38-019fc5cd-5f39-7863-a5b2-93a372b3a4ab.jsonl;rollout-2026-08-04T08-03-01-019fca4b-9f33-7ca2-beed-c0a735c6d12c.jsonl;rollout-2026-08-04T09-20-33-019fca92-996a-7fb0-beea-942596ee66ef.jsonl;rollout-2026-08-04T10-12-03-019fcac1-c2c1-7fa1-9025-75f407e5c17d.jsonl;rollout-2026-08-04T10-21-58-019fcaca-d45c-71e2-b106-bf99705f2352.jsonl;rollout-2026-08-04T10-34-18-019fcad6-1ecd-7850-99bb-3c6de4e50875.jsonl;rollout-2026-08-04T10-48-23-019fcae3-056d-75d1-92ad-eb777da35982.jsonl;rollout-2026-08-04T11-16-01-019fcafc-52a7-7192-8947-b6108df3e0a0.jsonl;rollout-2026-08-04T11-30-54-019fcb09-f095-73f0-a684-f990ae1268d9.jsonl;rollout-2026-08-04T12-04-05-019fcb28-5502-7851-a2a2-04d6af5ebca0.jsonl;rollout-2026-08-04T12-06-35-019fcb2a-9ce7-77a0-883d-13f05394caa9.jsonl;rollout-2026-08-04T13-25-53-019fcb73-38aa-7dc1-a0e8-ba0bbda0b211.jsonl;rollout-2026-08-04T13-46-54-019fcb86-7621-7113-8c34-e9e4bbbbcec9.jsonl;rollout-2026-08-04T14-54-53-019fcbc4-b3f2-77f3-b7c1-a06a5366e820.jsonl;rollout-2026-08-04T15-01-41-019fcbca-eaed-74d1-bf45-177cdb3f3491.jsonl;rollout-2026-08-04T15-07-44-019fcbd0-75f1-73c3-a828-838aa341eb82.jsonl;rollout-2026-08-04T16-25-55-019fcc18-0915-78d0-ba2c-e6b7a07eb9f1.jsonl;rollout-2026-08-04T20-47-31-019fcd07-8c5b-7af3-b9ec-87cb36d7a952.jsonl,resources\views\admin\returns\index.blade.php
resources\views\admin\returns\show.blade.php,True,23,254,rollout-2026-07-31T11-06-09-019fb659-d8c8-7971-aa5f-6125546bafd1.jsonl;rollout-2026-08-02T17-29-48-019fc205-cd55-7a50-950b-2f6a196b5dee.jsonl;rollout-2026-08-03T11-06-38-019fc5cd-5f39-7863-a5b2-93a372b3a4ab.jsonl;rollout-2026-08-04T08-03-01-019fca4b-9f33-7ca2-beed-c0a735c6d12c.jsonl;rollout-2026-08-04T08-35-38-019fca69-7aad-7c81-a41b-21d9b9b7a3a6.jsonl;rollout-2026-08-04T09-20-33-019fca92-996a-7fb0-beea-942596ee66ef.jsonl;rollout-2026-08-04T10-12-03-019fcac1-c2c1-7fa1-9025-75f407e5c17d.jsonl;rollout-2026-08-04T10-15-17-019fcac4-b895-7d41-8678-b7e083a63a7c.jsonl;rollout-2026-08-04T10-19-37-019fcac8-aef6-7891-b93f-98ea184a621a.jsonl;rollout-2026-08-04T10-21-58-019fcaca-d45c-71e2-b106-bf99705f2352.jsonl;rollout-2026-08-04T10-34-18-019fcad6-1ecd-7850-99bb-3c6de4e50875.jsonl;rollout-2026-08-04T10-48-23-019fcae3-056d-75d1-92ad-eb777da35982.jsonl;rollout-2026-08-04T11-16-01-019fcafc-52a7-7192-8947-b6108df3e0a0.jsonl;rollout-2026-08-04T11-30-54-019fcb09-f095-73f0-a684-f990ae1268d9.jsonl;rollout-2026-08-04T12-04-05-019fcb28-5502-7851-a2a2-04d6af5ebca0.jsonl;rollout-2026-08-04T12-06-35-019fcb2a-9ce7-77a0-883d-13f05394caa9.jsonl;rollout-2026-08-04T13-25-53-019fcb73-38aa-7dc1-a0e8-ba0bbda0b211.jsonl;rollout-2026-08-04T13-46-54-019fcb86-7621-7113-8c34-e9e4bbbbcec9.jsonl;rollout-2026-08-04T14-54-53-019fcbc4-b3f2-77f3-b7c1-a06a5366e820.jsonl;rollout-2026-08-04T15-01-41-019fcbca-eaed-74d1-bf45-177cdb3f3491.jsonl;rollout-2026-08-04T15-07-44-019fcbd0-75f1-73c3-a828-838aa341eb82.jsonl;rollout-2026-08-04T16-25-55-019fcc18-0915-78d0-ba2c-e6b7a07eb9f1.jsonl;rollout-2026-08-04T20-47-31-019fcd07-8c5b-7af3-b9ec-87cb36d7a952.jsonl,resources\views\admin\returns\show.blade.php
resources\views\admin\reviews\index.blade.php,True,17,57,rollout-2026-07-31T11-06-09-019fb659-d8c8-7971-aa5f-6125546bafd1.jsonl;rollout-2026-08-02T17-29-48-019fc205-cd55-7a50-950b-2f6a196b5dee.jsonl;rollout-2026-08-03T11-06-38-019fc5cd-5f39-7863-a5b2-93a372b3a4ab.jsonl;rollout-2026-08-04T08-03-01-019fca4b-9f33-7ca2-beed-c0a735c6d12c.jsonl;rollout-2026-08-04T09-20-33-019fca92-996a-7fb0-beea-942596ee66ef.jsonl;rollout-2026-08-04T10-12-03-019fcac1-c2c1-7fa1-9025-75f407e5c17d.jsonl;rollout-2026-08-04T10-19-37-019fcac8-aef6-7891-b93f-98ea184a621a.jsonl;rollout-2026-08-04T10-21-58-019fcaca-d45c-71e2-b106-bf99705f2352.jsonl;rollout-2026-08-04T10-34-18-019fcad6-1ecd-7850-99bb-3c6de4e50875.jsonl;rollout-2026-08-04T10-48-23-019fcae3-056d-75d1-92ad-eb777da35982.jsonl;rollout-2026-08-04T11-16-01-019fcafc-52a7-7192-8947-b6108df3e0a0.jsonl;rollout-2026-08-04T12-06-35-019fcb2a-9ce7-77a0-883d-13f05394caa9.jsonl;rollout-2026-08-04T13-25-53-019fcb73-38aa-7dc1-a0e8-ba0bbda0b211.jsonl;rollout-2026-08-04T13-46-54-019fcb86-7621-7113-8c34-e9e4bbbbcec9.jsonl;rollout-2026-08-04T14-54-53-019fcbc4-b3f2-77f3-b7c1-a06a5366e820.jsonl;rollout-2026-08-04T15-07-44-019fcbd0-75f1-73c3-a828-838aa341eb82.jsonl;rollout-2026-08-04T16-25-55-019fcc18-0915-78d0-ba2c-e6b7a07eb9f1.jsonl,resources\views\admin\reviews\index.blade.php
resources\views\admin\reviews\show.blade.php,True,23,89,rollout-2026-07-31T11-06-09-019fb659-d8c8-7971-aa5f-6125546bafd1.jsonl;rollout-2026-08-02T17-29-48-019fc205-cd55-7a50-950b-2f6a196b5dee.jsonl;rollout-2026-08-03T11-06-38-019fc5cd-5f39-7863-a5b2-93a372b3a4ab.jsonl;rollout-2026-08-04T08-03-01-019fca4b-9f33-7ca2-beed-c0a735c6d12c.jsonl;rollout-2026-08-04T08-35-38-019fca69-7aad-7c81-a41b-21d9b9b7a3a6.jsonl;rollout-2026-08-04T09-20-33-019fca92-996a-7fb0-beea-942596ee66ef.jsonl;rollout-2026-08-04T10-12-03-019fcac1-c2c1-7fa1-9025-75f407e5c17d.jsonl;rollout-2026-08-04T10-15-17-019fcac4-b895-7d41-8678-b7e083a63a7c.jsonl;rollout-2026-08-04T10-19-37-019fcac8-aef6-7891-b93f-98ea184a621a.jsonl;rollout-2026-08-04T10-21-58-019fcaca-d45c-71e2-b106-bf99705f2352.jsonl;rollout-2026-08-04T10-34-18-019fcad6-1ecd-7850-99bb-3c6de4e50875.jsonl;rollout-2026-08-04T10-48-23-019fcae3-056d-75d1-92ad-eb777da35982.jsonl;rollout-2026-08-04T11-16-01-019fcafc-52a7-7192-8947-b6108df3e0a0.jsonl;rollout-2026-08-04T11-30-54-019fcb09-f095-73f0-a684-f990ae1268d9.jsonl;rollout-2026-08-04T12-04-05-019fcb28-5502-7851-a2a2-04d6af5ebca0.jsonl;rollout-2026-08-04T12-06-35-019fcb2a-9ce7-77a0-883d-13f05394caa9.jsonl;rollout-2026-08-04T13-25-53-019fcb73-38aa-7dc1-a0e8-ba0bbda0b211.jsonl;rollout-2026-08-04T13-46-54-019fcb86-7621-7113-8c34-e9e4bbbbcec9.jsonl;rollout-2026-08-04T14-54-53-019fcbc4-b3f2-77f3-b7c1-a06a5366e820.jsonl;rollout-2026-08-04T15-01-41-019fcbca-eaed-74d1-bf45-177cdb3f3491.jsonl;rollout-2026-08-04T15-07-44-019fcbd0-75f1-73c3-a828-838aa341eb82.jsonl;rollout-2026-08-04T16-25-55-019fcc18-0915-78d0-ba2c-e6b7a07eb9f1.jsonl;rollout-2026-08-04T20-47-31-019fcd07-8c5b-7af3-b9ec-87cb36d7a952.jsonl,resources\views\admin\reviews\show.blade.php
resources\views\admin\shared\form-field.blade.php,True,15,20,rollout-2026-07-31T11-06-09-019fb659-d8c8-7971-aa5f-6125546bafd1.jsonl;rollout-2026-08-03T11-06-38-019fc5cd-5f39-7863-a5b2-93a372b3a4ab.jsonl;rollout-2026-08-04T08-03-01-019fca4b-9f33-7ca2-beed-c0a735c6d12c.jsonl;rollout-2026-08-04T09-20-33-019fca92-996a-7fb0-beea-942596ee66ef.jsonl;rollout-2026-08-04T10-12-03-019fcac1-c2c1-7fa1-9025-75f407e5c17d.jsonl;rollout-2026-08-04T10-21-58-019fcaca-d45c-71e2-b106-bf99705f2352.jsonl;rollout-2026-08-04T10-34-18-019fcad6-1ecd-7850-99bb-3c6de4e50875.jsonl;rollout-2026-08-04T10-48-23-019fcae3-056d-75d1-92ad-eb777da35982.jsonl;rollout-2026-08-04T11-16-01-019fcafc-52a7-7192-8947-b6108df3e0a0.jsonl;rollout-2026-08-04T12-06-35-019fcb2a-9ce7-77a0-883d-13f05394caa9.jsonl;rollout-2026-08-04T13-25-53-019fcb73-38aa-7dc1-a0e8-ba0bbda0b211.jsonl;rollout-2026-08-04T13-46-54-019fcb86-7621-7113-8c34-e9e4bbbbcec9.jsonl;rollout-2026-08-04T14-54-53-019fcbc4-b3f2-77f3-b7c1-a06a5366e820.jsonl;rollout-2026-08-04T15-07-44-019fcbd0-75f1-73c3-a828-838aa341eb82.jsonl;rollout-2026-08-04T16-25-55-019fcc18-0915-78d0-ba2c-e6b7a07eb9f1.jsonl,resources\views\admin\shared\form-field.blade.php
resources\views\admin\shared\form-fields.blade.php,True,16,21,rollout-2026-07-31T11-06-09-019fb659-d8c8-7971-aa5f-6125546bafd1.jsonl;rollout-2026-08-03T11-06-38-019fc5cd-5f39-7863-a5b2-93a372b3a4ab.jsonl;rollout-2026-08-04T08-03-01-019fca4b-9f33-7ca2-beed-c0a735c6d12c.jsonl;rollout-2026-08-04T09-20-33-019fca92-996a-7fb0-beea-942596ee66ef.jsonl;rollout-2026-08-04T10-12-03-019fcac1-c2c1-7fa1-9025-75f407e5c17d.jsonl;rollout-2026-08-04T10-19-37-019fcac8-aef6-7891-b93f-98ea184a621a.jsonl;rollout-2026-08-04T10-21-58-019fcaca-d45c-71e2-b106-bf99705f2352.jsonl;rollout-2026-08-04T10-34-18-019fcad6-1ecd-7850-99bb-3c6de4e50875.jsonl;rollout-2026-08-04T10-48-23-019fcae3-056d-75d1-92ad-eb777da35982.jsonl;rollout-2026-08-04T11-16-01-019fcafc-52a7-7192-8947-b6108df3e0a0.jsonl;rollout-2026-08-04T12-06-35-019fcb2a-9ce7-77a0-883d-13f05394caa9.jsonl;rollout-2026-08-04T13-25-53-019fcb73-38aa-7dc1-a0e8-ba0bbda0b211.jsonl;rollout-2026-08-04T13-46-54-019fcb86-7621-7113-8c34-e9e4bbbbcec9.jsonl;rollout-2026-08-04T14-54-53-019fcbc4-b3f2-77f3-b7c1-a06a5366e820.jsonl;rollout-2026-08-04T15-07-44-019fcbd0-75f1-73c3-a828-838aa341eb82.jsonl;rollout-2026-08-04T16-25-55-019fcc18-0915-78d0-ba2c-e6b7a07eb9f1.jsonl,resources\views\admin\shared\form-fields.blade.php
resources\views\admin\shared\form.blade.php,True,23,68,rollout-2026-07-31T11-06-09-019fb659-d8c8-7971-aa5f-6125546bafd1.jsonl;rollout-2026-08-02T17-29-48-019fc205-cd55-7a50-950b-2f6a196b5dee.jsonl;rollout-2026-08-03T11-06-38-019fc5cd-5f39-7863-a5b2-93a372b3a4ab.jsonl;rollout-2026-08-04T08-03-01-019fca4b-9f33-7ca2-beed-c0a735c6d12c.jsonl;rollout-2026-08-04T08-35-38-019fca69-7aad-7c81-a41b-21d9b9b7a3a6.jsonl;rollout-2026-08-04T09-20-33-019fca92-996a-7fb0-beea-942596ee66ef.jsonl;rollout-2026-08-04T10-12-03-019fcac1-c2c1-7fa1-9025-75f407e5c17d.jsonl;rollout-2026-08-04T10-15-17-019fcac4-b895-7d41-8678-b7e083a63a7c.jsonl;rollout-2026-08-04T10-19-37-019fcac8-aef6-7891-b93f-98ea184a621a.jsonl;rollout-2026-08-04T10-21-58-019fcaca-d45c-71e2-b106-bf99705f2352.jsonl;rollout-2026-08-04T10-34-18-019fcad6-1ecd-7850-99bb-3c6de4e50875.jsonl;rollout-2026-08-04T10-48-23-019fcae3-056d-75d1-92ad-eb777da35982.jsonl;rollout-2026-08-04T11-16-01-019fcafc-52a7-7192-8947-b6108df3e0a0.jsonl;rollout-2026-08-04T11-30-54-019fcb09-f095-73f0-a684-f990ae1268d9.jsonl;rollout-2026-08-04T12-04-05-019fcb28-5502-7851-a2a2-04d6af5ebca0.jsonl;rollout-2026-08-04T12-06-35-019fcb2a-9ce7-77a0-883d-13f05394caa9.jsonl;rollout-2026-08-04T13-25-53-019fcb73-38aa-7dc1-a0e8-ba0bbda0b211.jsonl;rollout-2026-08-04T13-46-54-019fcb86-7621-7113-8c34-e9e4bbbbcec9.jsonl;rollout-2026-08-04T14-54-53-019fcbc4-b3f2-77f3-b7c1-a06a5366e820.jsonl;rollout-2026-08-04T15-01-41-019fcbca-eaed-74d1-bf45-177cdb3f3491.jsonl;rollout-2026-08-04T15-07-44-019fcbd0-75f1-73c3-a828-838aa341eb82.jsonl;rollout-2026-08-04T16-25-55-019fcc18-0915-78d0-ba2c-e6b7a07eb9f1.jsonl;rollout-2026-08-04T20-47-31-019fcd07-8c5b-7af3-b9ec-87cb36d7a952.jsonl,resources\views\admin\shared\form.blade.php
resources\views\admin\shared\table.blade.php,True,14,15,rollout-2026-07-31T11-06-09-019fb659-d8c8-7971-aa5f-6125546bafd1.jsonl;rollout-2026-08-04T08-03-01-019fca4b-9f33-7ca2-beed-c0a735c6d12c.jsonl;rollout-2026-08-04T09-20-33-019fca92-996a-7fb0-beea-942596ee66ef.jsonl;rollout-2026-08-04T10-12-03-019fcac1-c2c1-7fa1-9025-75f407e5c17d.jsonl;rollout-2026-08-04T10-21-58-019fcaca-d45c-71e2-b106-bf99705f2352.jsonl;rollout-2026-08-04T10-34-18-019fcad6-1ecd-7850-99bb-3c6de4e50875.jsonl;rollout-2026-08-04T10-48-23-019fcae3-056d-75d1-92ad-eb777da35982.jsonl;rollout-2026-08-04T11-16-01-019fcafc-52a7-7192-8947-b6108df3e0a0.jsonl;rollout-2026-08-04T12-06-35-019fcb2a-9ce7-77a0-883d-13f05394caa9.jsonl;rollout-2026-08-04T13-25-53-019fcb73-38aa-7dc1-a0e8-ba0bbda0b211.jsonl;rollout-2026-08-04T13-46-54-019fcb86-7621-7113-8c34-e9e4bbbbcec9.jsonl;rollout-2026-08-04T14-54-53-019fcbc4-b3f2-77f3-b7c1-a06a5366e820.jsonl;rollout-2026-08-04T15-07-44-019fcbd0-75f1-73c3-a828-838aa341eb82.jsonl;rollout-2026-08-04T16-25-55-019fcc18-0915-78d0-ba2c-e6b7a07eb9f1.jsonl,resources\views\admin\shared\table.blade.php
resources\views\admin\try-on-snapshots\index.blade.php,True,8,24,rollout-2026-08-04T11-16-01-019fcafc-52a7-7192-8947-b6108df3e0a0.jsonl;rollout-2026-08-04T12-06-35-019fcb2a-9ce7-77a0-883d-13f05394caa9.jsonl;rollout-2026-08-04T13-25-53-019fcb73-38aa-7dc1-a0e8-ba0bbda0b211.jsonl;rollout-2026-08-04T13-46-54-019fcb86-7621-7113-8c34-e9e4bbbbcec9.jsonl;rollout-2026-08-04T14-54-53-019fcbc4-b3f2-77f3-b7c1-a06a5366e820.jsonl;rollout-2026-08-04T15-07-44-019fcbd0-75f1-73c3-a828-838aa341eb82.jsonl;rollout-2026-08-04T16-25-55-019fcc18-0915-78d0-ba2c-e6b7a07eb9f1.jsonl;rollout-2026-08-04T20-47-31-019fcd07-8c5b-7af3-b9ec-87cb36d7a952.jsonl,*** Add File: resources/views/admin/try-on-snapshots/index.blade.php
resources\views\admin\warehouses\index.blade.php,True,23,395,rollout-2026-07-31T11-06-09-019fb659-d8c8-7971-aa5f-6125546bafd1.jsonl;rollout-2026-08-02T17-29-48-019fc205-cd55-7a50-950b-2f6a196b5dee.jsonl;rollout-2026-08-03T11-06-38-019fc5cd-5f39-7863-a5b2-93a372b3a4ab.jsonl;rollout-2026-08-04T08-03-01-019fca4b-9f33-7ca2-beed-c0a735c6d12c.jsonl;rollout-2026-08-04T08-35-38-019fca69-7aad-7c81-a41b-21d9b9b7a3a6.jsonl;rollout-2026-08-04T09-20-33-019fca92-996a-7fb0-beea-942596ee66ef.jsonl;rollout-2026-08-04T10-12-03-019fcac1-c2c1-7fa1-9025-75f407e5c17d.jsonl;rollout-2026-08-04T10-15-17-019fcac4-b895-7d41-8678-b7e083a63a7c.jsonl;rollout-2026-08-04T10-19-37-019fcac8-aef6-7891-b93f-98ea184a621a.jsonl;rollout-2026-08-04T10-21-58-019fcaca-d45c-71e2-b106-bf99705f2352.jsonl;rollout-2026-08-04T10-34-18-019fcad6-1ecd-7850-99bb-3c6de4e50875.jsonl;rollout-2026-08-04T10-48-23-019fcae3-056d-75d1-92ad-eb777da35982.jsonl;rollout-2026-08-04T11-16-01-019fcafc-52a7-7192-8947-b6108df3e0a0.jsonl;rollout-2026-08-04T11-30-54-019fcb09-f095-73f0-a684-f990ae1268d9.jsonl;rollout-2026-08-04T12-04-05-019fcb28-5502-7851-a2a2-04d6af5ebca0.jsonl;rollout-2026-08-04T12-06-35-019fcb2a-9ce7-77a0-883d-13f05394caa9.jsonl;rollout-2026-08-04T13-25-53-019fcb73-38aa-7dc1-a0e8-ba0bbda0b211.jsonl;rollout-2026-08-04T13-46-54-019fcb86-7621-7113-8c34-e9e4bbbbcec9.jsonl;rollout-2026-08-04T14-54-53-019fcbc4-b3f2-77f3-b7c1-a06a5366e820.jsonl;rollout-2026-08-04T15-01-41-019fcbca-eaed-74d1-bf45-177cdb3f3491.jsonl;rollout-2026-08-04T15-07-44-019fcbd0-75f1-73c3-a828-838aa341eb82.jsonl;rollout-2026-08-04T16-25-55-019fcc18-0915-78d0-ba2c-e6b7a07eb9f1.jsonl;rollout-2026-08-04T20-47-31-019fcd07-8c5b-7af3-b9ec-87cb36d7a952.jsonl,resources\views\admin\warehouses\index.blade.php
resources\views\admin\warehouses\transaction-form.blade.php,True,23,431,rollout-2026-07-31T11-06-09-019fb659-d8c8-7971-aa5f-6125546bafd1.jsonl;rollout-2026-08-02T17-29-48-019fc205-cd55-7a50-950b-2f6a196b5dee.jsonl;rollout-2026-08-03T11-06-38-019fc5cd-5f39-7863-a5b2-93a372b3a4ab.jsonl;rollout-2026-08-04T08-03-01-019fca4b-9f33-7ca2-beed-c0a735c6d12c.jsonl;rollout-2026-08-04T08-35-38-019fca69-7aad-7c81-a41b-21d9b9b7a3a6.jsonl;rollout-2026-08-04T09-20-33-019fca92-996a-7fb0-beea-942596ee66ef.jsonl;rollout-2026-08-04T10-12-03-019fcac1-c2c1-7fa1-9025-75f407e5c17d.jsonl;rollout-2026-08-04T10-15-17-019fcac4-b895-7d41-8678-b7e083a63a7c.jsonl;rollout-2026-08-04T10-19-37-019fcac8-aef6-7891-b93f-98ea184a621a.jsonl;rollout-2026-08-04T10-21-58-019fcaca-d45c-71e2-b106-bf99705f2352.jsonl;rollout-2026-08-04T10-34-18-019fcad6-1ecd-7850-99bb-3c6de4e50875.jsonl;rollout-2026-08-04T10-48-23-019fcae3-056d-75d1-92ad-eb777da35982.jsonl;rollout-2026-08-04T11-16-01-019fcafc-52a7-7192-8947-b6108df3e0a0.jsonl;rollout-2026-08-04T11-30-54-019fcb09-f095-73f0-a684-f990ae1268d9.jsonl;rollout-2026-08-04T12-04-05-019fcb28-5502-7851-a2a2-04d6af5ebca0.jsonl;rollout-2026-08-04T12-06-35-019fcb2a-9ce7-77a0-883d-13f05394caa9.jsonl;rollout-2026-08-04T13-25-53-019fcb73-38aa-7dc1-a0e8-ba0bbda0b211.jsonl;rollout-2026-08-04T13-46-54-019fcb86-7621-7113-8c34-e9e4bbbbcec9.jsonl;rollout-2026-08-04T14-54-53-019fcbc4-b3f2-77f3-b7c1-a06a5366e820.jsonl;rollout-2026-08-04T15-01-41-019fcbca-eaed-74d1-bf45-177cdb3f3491.jsonl;rollout-2026-08-04T15-07-44-019fcbd0-75f1-73c3-a828-838aa341eb82.jsonl;rollout-2026-08-04T16-25-55-019fcc18-0915-78d0-ba2c-e6b7a07eb9f1.jsonl;rollout-2026-08-04T20-47-31-019fcd07-8c5b-7af3-b9ec-87cb36d7a952.jsonl,resources\views\admin\warehouses\transaction-form.blade.php
resources\views\api\api-token-manager.blade.php,True,22,79,rollout-2026-07-31T11-06-09-019fb659-d8c8-7971-aa5f-6125546bafd1.jsonl;rollout-2026-08-02T17-29-48-019fc205-cd55-7a50-950b-2f6a196b5dee.jsonl;rollout-2026-08-03T11-06-38-019fc5cd-5f39-7863-a5b2-93a372b3a4ab.jsonl;rollout-2026-08-04T08-35-38-019fca69-7aad-7c81-a41b-21d9b9b7a3a6.jsonl;rollout-2026-08-04T09-20-33-019fca92-996a-7fb0-beea-942596ee66ef.jsonl;rollout-2026-08-04T10-12-03-019fcac1-c2c1-7fa1-9025-75f407e5c17d.jsonl;rollout-2026-08-04T10-15-17-019fcac4-b895-7d41-8678-b7e083a63a7c.jsonl;rollout-2026-08-04T10-19-37-019fcac8-aef6-7891-b93f-98ea184a621a.jsonl;rollout-2026-08-04T10-21-58-019fcaca-d45c-71e2-b106-bf99705f2352.jsonl;rollout-2026-08-04T10-34-18-019fcad6-1ecd-7850-99bb-3c6de4e50875.jsonl;rollout-2026-08-04T10-48-23-019fcae3-056d-75d1-92ad-eb777da35982.jsonl;rollout-2026-08-04T11-16-01-019fcafc-52a7-7192-8947-b6108df3e0a0.jsonl;rollout-2026-08-04T11-30-54-019fcb09-f095-73f0-a684-f990ae1268d9.jsonl;rollout-2026-08-04T12-04-05-019fcb28-5502-7851-a2a2-04d6af5ebca0.jsonl;rollout-2026-08-04T12-06-35-019fcb2a-9ce7-77a0-883d-13f05394caa9.jsonl;rollout-2026-08-04T13-25-53-019fcb73-38aa-7dc1-a0e8-ba0bbda0b211.jsonl;rollout-2026-08-04T13-46-54-019fcb86-7621-7113-8c34-e9e4bbbbcec9.jsonl;rollout-2026-08-04T14-54-53-019fcbc4-b3f2-77f3-b7c1-a06a5366e820.jsonl;rollout-2026-08-04T15-01-41-019fcbca-eaed-74d1-bf45-177cdb3f3491.jsonl;rollout-2026-08-04T15-07-44-019fcbd0-75f1-73c3-a828-838aa341eb82.jsonl;rollout-2026-08-04T16-25-55-019fcc18-0915-78d0-ba2c-e6b7a07eb9f1.jsonl;rollout-2026-08-04T20-47-31-019fcd07-8c5b-7af3-b9ec-87cb36d7a952.jsonl,resources\views\api\api-token-manager.blade.php
resources\views\api\index.blade.php,True,21,54,rollout-2026-07-31T11-06-09-019fb659-d8c8-7971-aa5f-6125546bafd1.jsonl;rollout-2026-08-02T17-29-48-019fc205-cd55-7a50-950b-2f6a196b5dee.jsonl;rollout-2026-08-04T08-35-38-019fca69-7aad-7c81-a41b-21d9b9b7a3a6.jsonl;rollout-2026-08-04T09-20-33-019fca92-996a-7fb0-beea-942596ee66ef.jsonl;rollout-2026-08-04T10-12-03-019fcac1-c2c1-7fa1-9025-75f407e5c17d.jsonl;rollout-2026-08-04T10-15-17-019fcac4-b895-7d41-8678-b7e083a63a7c.jsonl;rollout-2026-08-04T10-19-37-019fcac8-aef6-7891-b93f-98ea184a621a.jsonl;rollout-2026-08-04T10-21-58-019fcaca-d45c-71e2-b106-bf99705f2352.jsonl;rollout-2026-08-04T10-34-18-019fcad6-1ecd-7850-99bb-3c6de4e50875.jsonl;rollout-2026-08-04T10-48-23-019fcae3-056d-75d1-92ad-eb777da35982.jsonl;rollout-2026-08-04T11-16-01-019fcafc-52a7-7192-8947-b6108df3e0a0.jsonl;rollout-2026-08-04T11-30-54-019fcb09-f095-73f0-a684-f990ae1268d9.jsonl;rollout-2026-08-04T12-04-05-019fcb28-5502-7851-a2a2-04d6af5ebca0.jsonl;rollout-2026-08-04T12-06-35-019fcb2a-9ce7-77a0-883d-13f05394caa9.jsonl;rollout-2026-08-04T13-25-53-019fcb73-38aa-7dc1-a0e8-ba0bbda0b211.jsonl;rollout-2026-08-04T13-46-54-019fcb86-7621-7113-8c34-e9e4bbbbcec9.jsonl;rollout-2026-08-04T14-54-53-019fcbc4-b3f2-77f3-b7c1-a06a5366e820.jsonl;rollout-2026-08-04T15-01-41-019fcbca-eaed-74d1-bf45-177cdb3f3491.jsonl;rollout-2026-08-04T15-07-44-019fcbd0-75f1-73c3-a828-838aa341eb82.jsonl;rollout-2026-08-04T16-25-55-019fcc18-0915-78d0-ba2c-e6b7a07eb9f1.jsonl;rollout-2026-08-04T20-47-31-019fcd07-8c5b-7af3-b9ec-87cb36d7a952.jsonl,resources\views\api\index.blade.php
resources\views\auth\confirm-password.blade.php,True,21,72,rollout-2026-07-31T11-06-09-019fb659-d8c8-7971-aa5f-6125546bafd1.jsonl;rollout-2026-08-02T17-29-48-019fc205-cd55-7a50-950b-2f6a196b5dee.jsonl;rollout-2026-08-04T08-35-38-019fca69-7aad-7c81-a41b-21d9b9b7a3a6.jsonl;rollout-2026-08-04T09-20-33-019fca92-996a-7fb0-beea-942596ee66ef.jsonl;rollout-2026-08-04T10-12-03-019fcac1-c2c1-7fa1-9025-75f407e5c17d.jsonl;rollout-2026-08-04T10-15-17-019fcac4-b895-7d41-8678-b7e083a63a7c.jsonl;rollout-2026-08-04T10-19-37-019fcac8-aef6-7891-b93f-98ea184a621a.jsonl;rollout-2026-08-04T10-21-58-019fcaca-d45c-71e2-b106-bf99705f2352.jsonl;rollout-2026-08-04T10-34-18-019fcad6-1ecd-7850-99bb-3c6de4e50875.jsonl;rollout-2026-08-04T10-48-23-019fcae3-056d-75d1-92ad-eb777da35982.jsonl;rollout-2026-08-04T11-16-01-019fcafc-52a7-7192-8947-b6108df3e0a0.jsonl;rollout-2026-08-04T11-30-54-019fcb09-f095-73f0-a684-f990ae1268d9.jsonl;rollout-2026-08-04T12-04-05-019fcb28-5502-7851-a2a2-04d6af5ebca0.jsonl;rollout-2026-08-04T12-06-35-019fcb2a-9ce7-77a0-883d-13f05394caa9.jsonl;rollout-2026-08-04T13-25-53-019fcb73-38aa-7dc1-a0e8-ba0bbda0b211.jsonl;rollout-2026-08-04T13-46-54-019fcb86-7621-7113-8c34-e9e4bbbbcec9.jsonl;rollout-2026-08-04T14-54-53-019fcbc4-b3f2-77f3-b7c1-a06a5366e820.jsonl;rollout-2026-08-04T15-01-41-019fcbca-eaed-74d1-bf45-177cdb3f3491.jsonl;rollout-2026-08-04T15-07-44-019fcbd0-75f1-73c3-a828-838aa341eb82.jsonl;rollout-2026-08-04T16-25-55-019fcc18-0915-78d0-ba2c-e6b7a07eb9f1.jsonl;rollout-2026-08-04T20-47-31-019fcd07-8c5b-7af3-b9ec-87cb36d7a952.jsonl,resources\views\auth\confirm-password.blade.php
resources\views\auth\forgot-password.blade.php,True,13,28,rollout-2026-07-31T11-06-09-019fb659-d8c8-7971-aa5f-6125546bafd1.jsonl;rollout-2026-08-04T09-20-33-019fca92-996a-7fb0-beea-942596ee66ef.jsonl;rollout-2026-08-04T10-12-03-019fcac1-c2c1-7fa1-9025-75f407e5c17d.jsonl;rollout-2026-08-04T10-21-58-019fcaca-d45c-71e2-b106-bf99705f2352.jsonl;rollout-2026-08-04T10-34-18-019fcad6-1ecd-7850-99bb-3c6de4e50875.jsonl;rollout-2026-08-04T10-48-23-019fcae3-056d-75d1-92ad-eb777da35982.jsonl;rollout-2026-08-04T11-16-01-019fcafc-52a7-7192-8947-b6108df3e0a0.jsonl;rollout-2026-08-04T12-06-35-019fcb2a-9ce7-77a0-883d-13f05394caa9.jsonl;rollout-2026-08-04T13-25-53-019fcb73-38aa-7dc1-a0e8-ba0bbda0b211.jsonl;rollout-2026-08-04T13-46-54-019fcb86-7621-7113-8c34-e9e4bbbbcec9.jsonl;rollout-2026-08-04T14-54-53-019fcbc4-b3f2-77f3-b7c1-a06a5366e820.jsonl;rollout-2026-08-04T15-07-44-019fcbd0-75f1-73c3-a828-838aa341eb82.jsonl;rollout-2026-08-04T16-25-55-019fcc18-0915-78d0-ba2c-e6b7a07eb9f1.jsonl,resources\views\auth\forgot-password.blade.php
resources\views\auth\login.blade.php,True,16,120,rollout-2026-07-31T11-06-09-019fb659-d8c8-7971-aa5f-6125546bafd1.jsonl;rollout-2026-08-03T11-06-38-019fc5cd-5f39-7863-a5b2-93a372b3a4ab.jsonl;rollout-2026-08-04T08-35-38-019fca69-7aad-7c81-a41b-21d9b9b7a3a6.jsonl;rollout-2026-08-04T09-20-33-019fca92-996a-7fb0-beea-942596ee66ef.jsonl;rollout-2026-08-04T10-12-03-019fcac1-c2c1-7fa1-9025-75f407e5c17d.jsonl;rollout-2026-08-04T10-21-58-019fcaca-d45c-71e2-b106-bf99705f2352.jsonl;rollout-2026-08-04T10-34-18-019fcad6-1ecd-7850-99bb-3c6de4e50875.jsonl;rollout-2026-08-04T10-48-23-019fcae3-056d-75d1-92ad-eb777da35982.jsonl;rollout-2026-08-04T11-16-01-019fcafc-52a7-7192-8947-b6108df3e0a0.jsonl;rollout-2026-08-04T12-06-35-019fcb2a-9ce7-77a0-883d-13f05394caa9.jsonl;rollout-2026-08-04T13-25-53-019fcb73-38aa-7dc1-a0e8-ba0bbda0b211.jsonl;rollout-2026-08-04T13-46-54-019fcb86-7621-7113-8c34-e9e4bbbbcec9.jsonl;rollout-2026-08-04T14-54-53-019fcbc4-b3f2-77f3-b7c1-a06a5366e820.jsonl;rollout-2026-08-04T15-07-44-019fcbd0-75f1-73c3-a828-838aa341eb82.jsonl;rollout-2026-08-04T16-25-55-019fcc18-0915-78d0-ba2c-e6b7a07eb9f1.jsonl;rollout-2026-08-04T20-47-31-019fcd07-8c5b-7af3-b9ec-87cb36d7a952.jsonl,resources\views\auth\login.blade.php
resources\views\auth\register.blade.php,True,22,320,rollout-2026-07-31T11-06-09-019fb659-d8c8-7971-aa5f-6125546bafd1.jsonl;rollout-2026-08-02T17-29-48-019fc205-cd55-7a50-950b-2f6a196b5dee.jsonl;rollout-2026-08-03T11-06-38-019fc5cd-5f39-7863-a5b2-93a372b3a4ab.jsonl;rollout-2026-08-04T08-35-38-019fca69-7aad-7c81-a41b-21d9b9b7a3a6.jsonl;rollout-2026-08-04T09-20-33-019fca92-996a-7fb0-beea-942596ee66ef.jsonl;rollout-2026-08-04T10-12-03-019fcac1-c2c1-7fa1-9025-75f407e5c17d.jsonl;rollout-2026-08-04T10-15-17-019fcac4-b895-7d41-8678-b7e083a63a7c.jsonl;rollout-2026-08-04T10-19-37-019fcac8-aef6-7891-b93f-98ea184a621a.jsonl;rollout-2026-08-04T10-21-58-019fcaca-d45c-71e2-b106-bf99705f2352.jsonl;rollout-2026-08-04T10-34-18-019fcad6-1ecd-7850-99bb-3c6de4e50875.jsonl;rollout-2026-08-04T10-48-23-019fcae3-056d-75d1-92ad-eb777da35982.jsonl;rollout-2026-08-04T11-16-01-019fcafc-52a7-7192-8947-b6108df3e0a0.jsonl;rollout-2026-08-04T11-30-54-019fcb09-f095-73f0-a684-f990ae1268d9.jsonl;rollout-2026-08-04T12-04-05-019fcb28-5502-7851-a2a2-04d6af5ebca0.jsonl;rollout-2026-08-04T12-06-35-019fcb2a-9ce7-77a0-883d-13f05394caa9.jsonl;rollout-2026-08-04T13-25-53-019fcb73-38aa-7dc1-a0e8-ba0bbda0b211.jsonl;rollout-2026-08-04T13-46-54-019fcb86-7621-7113-8c34-e9e4bbbbcec9.jsonl;rollout-2026-08-04T14-54-53-019fcbc4-b3f2-77f3-b7c1-a06a5366e820.jsonl;rollout-2026-08-04T15-01-41-019fcbca-eaed-74d1-bf45-177cdb3f3491.jsonl;rollout-2026-08-04T15-07-44-019fcbd0-75f1-73c3-a828-838aa341eb82.jsonl;rollout-2026-08-04T16-25-55-019fcc18-0915-78d0-ba2c-e6b7a07eb9f1.jsonl;rollout-2026-08-04T20-47-31-019fcd07-8c5b-7af3-b9ec-87cb36d7a952.jsonl,resources\views\auth\register.blade.php
resources\views\auth\reset-password.blade.php,True,13,57,rollout-2026-07-31T11-06-09-019fb659-d8c8-7971-aa5f-6125546bafd1.jsonl;rollout-2026-08-04T09-20-33-019fca92-996a-7fb0-beea-942596ee66ef.jsonl;rollout-2026-08-04T10-12-03-019fcac1-c2c1-7fa1-9025-75f407e5c17d.jsonl;rollout-2026-08-04T10-21-58-019fcaca-d45c-71e2-b106-bf99705f2352.jsonl;rollout-2026-08-04T10-34-18-019fcad6-1ecd-7850-99bb-3c6de4e50875.jsonl;rollout-2026-08-04T10-48-23-019fcae3-056d-75d1-92ad-eb777da35982.jsonl;rollout-2026-08-04T11-16-01-019fcafc-52a7-7192-8947-b6108df3e0a0.jsonl;rollout-2026-08-04T12-06-35-019fcb2a-9ce7-77a0-883d-13f05394caa9.jsonl;rollout-2026-08-04T13-25-53-019fcb73-38aa-7dc1-a0e8-ba0bbda0b211.jsonl;rollout-2026-08-04T13-46-54-019fcb86-7621-7113-8c34-e9e4bbbbcec9.jsonl;rollout-2026-08-04T14-54-53-019fcbc4-b3f2-77f3-b7c1-a06a5366e820.jsonl;rollout-2026-08-04T15-07-44-019fcbd0-75f1-73c3-a828-838aa341eb82.jsonl;rollout-2026-08-04T16-25-55-019fcc18-0915-78d0-ba2c-e6b7a07eb9f1.jsonl,resources\views\auth\reset-password.blade.php
resources\views\auth\two-factor-challenge.blade.php,True,21,69,rollout-2026-07-31T11-06-09-019fb659-d8c8-7971-aa5f-6125546bafd1.jsonl;rollout-2026-08-02T17-29-48-019fc205-cd55-7a50-950b-2f6a196b5dee.jsonl;rollout-2026-08-04T08-35-38-019fca69-7aad-7c81-a41b-21d9b9b7a3a6.jsonl;rollout-2026-08-04T09-20-33-019fca92-996a-7fb0-beea-942596ee66ef.jsonl;rollout-2026-08-04T10-12-03-019fcac1-c2c1-7fa1-9025-75f407e5c17d.jsonl;rollout-2026-08-04T10-15-17-019fcac4-b895-7d41-8678-b7e083a63a7c.jsonl;rollout-2026-08-04T10-19-37-019fcac8-aef6-7891-b93f-98ea184a621a.jsonl;rollout-2026-08-04T10-21-58-019fcaca-d45c-71e2-b106-bf99705f2352.jsonl;rollout-2026-08-04T10-34-18-019fcad6-1ecd-7850-99bb-3c6de4e50875.jsonl;rollout-2026-08-04T10-48-23-019fcae3-056d-75d1-92ad-eb777da35982.jsonl;rollout-2026-08-04T11-16-01-019fcafc-52a7-7192-8947-b6108df3e0a0.jsonl;rollout-2026-08-04T11-30-54-019fcb09-f095-73f0-a684-f990ae1268d9.jsonl;rollout-2026-08-04T12-04-05-019fcb28-5502-7851-a2a2-04d6af5ebca0.jsonl;rollout-2026-08-04T12-06-35-019fcb2a-9ce7-77a0-883d-13f05394caa9.jsonl;rollout-2026-08-04T13-25-53-019fcb73-38aa-7dc1-a0e8-ba0bbda0b211.jsonl;rollout-2026-08-04T13-46-54-019fcb86-7621-7113-8c34-e9e4bbbbcec9.jsonl;rollout-2026-08-04T14-54-53-019fcbc4-b3f2-77f3-b7c1-a06a5366e820.jsonl;rollout-2026-08-04T15-01-41-019fcbca-eaed-74d1-bf45-177cdb3f3491.jsonl;rollout-2026-08-04T15-07-44-019fcbd0-75f1-73c3-a828-838aa341eb82.jsonl;rollout-2026-08-04T16-25-55-019fcc18-0915-78d0-ba2c-e6b7a07eb9f1.jsonl;rollout-2026-08-04T20-47-31-019fcd07-8c5b-7af3-b9ec-87cb36d7a952.jsonl,resources\views\auth\two-factor-challenge.blade.php
resources\views\auth\verify-email.blade.php,True,21,83,rollout-2026-07-31T11-06-09-019fb659-d8c8-7971-aa5f-6125546bafd1.jsonl;rollout-2026-08-02T17-29-48-019fc205-cd55-7a50-950b-2f6a196b5dee.jsonl;rollout-2026-08-04T08-35-38-019fca69-7aad-7c81-a41b-21d9b9b7a3a6.jsonl;rollout-2026-08-04T09-20-33-019fca92-996a-7fb0-beea-942596ee66ef.jsonl;rollout-2026-08-04T10-12-03-019fcac1-c2c1-7fa1-9025-75f407e5c17d.jsonl;rollout-2026-08-04T10-15-17-019fcac4-b895-7d41-8678-b7e083a63a7c.jsonl;rollout-2026-08-04T10-19-37-019fcac8-aef6-7891-b93f-98ea184a621a.jsonl;rollout-2026-08-04T10-21-58-019fcaca-d45c-71e2-b106-bf99705f2352.jsonl;rollout-2026-08-04T10-34-18-019fcad6-1ecd-7850-99bb-3c6de4e50875.jsonl;rollout-2026-08-04T10-48-23-019fcae3-056d-75d1-92ad-eb777da35982.jsonl;rollout-2026-08-04T11-16-01-019fcafc-52a7-7192-8947-b6108df3e0a0.jsonl;rollout-2026-08-04T11-30-54-019fcb09-f095-73f0-a684-f990ae1268d9.jsonl;rollout-2026-08-04T12-04-05-019fcb28-5502-7851-a2a2-04d6af5ebca0.jsonl;rollout-2026-08-04T12-06-35-019fcb2a-9ce7-77a0-883d-13f05394caa9.jsonl;rollout-2026-08-04T13-25-53-019fcb73-38aa-7dc1-a0e8-ba0bbda0b211.jsonl;rollout-2026-08-04T13-46-54-019fcb86-7621-7113-8c34-e9e4bbbbcec9.jsonl;rollout-2026-08-04T14-54-53-019fcbc4-b3f2-77f3-b7c1-a06a5366e820.jsonl;rollout-2026-08-04T15-01-41-019fcbca-eaed-74d1-bf45-177cdb3f3491.jsonl;rollout-2026-08-04T15-07-44-019fcbd0-75f1-73c3-a828-838aa341eb82.jsonl;rollout-2026-08-04T16-25-55-019fcc18-0915-78d0-ba2c-e6b7a07eb9f1.jsonl;rollout-2026-08-04T20-47-31-019fcd07-8c5b-7af3-b9ec-87cb36d7a952.jsonl,resources\views\auth\verify-email.blade.php
resources\views\blog\index.blade.php,True,21,103,rollout-2026-07-31T11-06-09-019fb659-d8c8-7971-aa5f-6125546bafd1.jsonl;rollout-2026-08-02T17-29-48-019fc205-cd55-7a50-950b-2f6a196b5dee.jsonl;rollout-2026-08-04T08-35-38-019fca69-7aad-7c81-a41b-21d9b9b7a3a6.jsonl;rollout-2026-08-04T09-20-33-019fca92-996a-7fb0-beea-942596ee66ef.jsonl;rollout-2026-08-04T10-12-03-019fcac1-c2c1-7fa1-9025-75f407e5c17d.jsonl;rollout-2026-08-04T10-15-17-019fcac4-b895-7d41-8678-b7e083a63a7c.jsonl;rollout-2026-08-04T10-19-37-019fcac8-aef6-7891-b93f-98ea184a621a.jsonl;rollout-2026-08-04T10-21-58-019fcaca-d45c-71e2-b106-bf99705f2352.jsonl;rollout-2026-08-04T10-34-18-019fcad6-1ecd-7850-99bb-3c6de4e50875.jsonl;rollout-2026-08-04T10-48-23-019fcae3-056d-75d1-92ad-eb777da35982.jsonl;rollout-2026-08-04T11-16-01-019fcafc-52a7-7192-8947-b6108df3e0a0.jsonl;rollout-2026-08-04T11-30-54-019fcb09-f095-73f0-a684-f990ae1268d9.jsonl;rollout-2026-08-04T12-04-05-019fcb28-5502-7851-a2a2-04d6af5ebca0.jsonl;rollout-2026-08-04T12-06-35-019fcb2a-9ce7-77a0-883d-13f05394caa9.jsonl;rollout-2026-08-04T13-25-53-019fcb73-38aa-7dc1-a0e8-ba0bbda0b211.jsonl;rollout-2026-08-04T13-46-54-019fcb86-7621-7113-8c34-e9e4bbbbcec9.jsonl;rollout-2026-08-04T14-54-53-019fcbc4-b3f2-77f3-b7c1-a06a5366e820.jsonl;rollout-2026-08-04T15-01-41-019fcbca-eaed-74d1-bf45-177cdb3f3491.jsonl;rollout-2026-08-04T15-07-44-019fcbd0-75f1-73c3-a828-838aa341eb82.jsonl;rollout-2026-08-04T16-25-55-019fcc18-0915-78d0-ba2c-e6b7a07eb9f1.jsonl;rollout-2026-08-04T20-47-31-019fcd07-8c5b-7af3-b9ec-87cb36d7a952.jsonl,resources\views\blog\index.blade.php
resources\views\blog\show.blade.php,True,21,63,rollout-2026-07-31T11-06-09-019fb659-d8c8-7971-aa5f-6125546bafd1.jsonl;rollout-2026-08-02T17-29-48-019fc205-cd55-7a50-950b-2f6a196b5dee.jsonl;rollout-2026-08-04T08-35-38-019fca69-7aad-7c81-a41b-21d9b9b7a3a6.jsonl;rollout-2026-08-04T09-20-33-019fca92-996a-7fb0-beea-942596ee66ef.jsonl;rollout-2026-08-04T10-12-03-019fcac1-c2c1-7fa1-9025-75f407e5c17d.jsonl;rollout-2026-08-04T10-15-17-019fcac4-b895-7d41-8678-b7e083a63a7c.jsonl;rollout-2026-08-04T10-19-37-019fcac8-aef6-7891-b93f-98ea184a621a.jsonl;rollout-2026-08-04T10-21-58-019fcaca-d45c-71e2-b106-bf99705f2352.jsonl;rollout-2026-08-04T10-34-18-019fcad6-1ecd-7850-99bb-3c6de4e50875.jsonl;rollout-2026-08-04T10-48-23-019fcae3-056d-75d1-92ad-eb777da35982.jsonl;rollout-2026-08-04T11-16-01-019fcafc-52a7-7192-8947-b6108df3e0a0.jsonl;rollout-2026-08-04T11-30-54-019fcb09-f095-73f0-a684-f990ae1268d9.jsonl;rollout-2026-08-04T12-04-05-019fcb28-5502-7851-a2a2-04d6af5ebca0.jsonl;rollout-2026-08-04T12-06-35-019fcb2a-9ce7-77a0-883d-13f05394caa9.jsonl;rollout-2026-08-04T13-25-53-019fcb73-38aa-7dc1-a0e8-ba0bbda0b211.jsonl;rollout-2026-08-04T13-46-54-019fcb86-7621-7113-8c34-e9e4bbbbcec9.jsonl;rollout-2026-08-04T14-54-53-019fcbc4-b3f2-77f3-b7c1-a06a5366e820.jsonl;rollout-2026-08-04T15-01-41-019fcbca-eaed-74d1-bf45-177cdb3f3491.jsonl;rollout-2026-08-04T15-07-44-019fcbd0-75f1-73c3-a828-838aa341eb82.jsonl;rollout-2026-08-04T16-25-55-019fcc18-0915-78d0-ba2c-e6b7a07eb9f1.jsonl;rollout-2026-08-04T20-47-31-019fcd07-8c5b-7af3-b9ec-87cb36d7a952.jsonl,resources\views\blog\show.blade.php
resources\views\cart\index.blade.php,True,22,297,rollout-2026-07-31T11-06-09-019fb659-d8c8-7971-aa5f-6125546bafd1.jsonl;rollout-2026-08-02T17-29-48-019fc205-cd55-7a50-950b-2f6a196b5dee.jsonl;rollout-2026-08-04T08-03-01-019fca4b-9f33-7ca2-beed-c0a735c6d12c.jsonl;rollout-2026-08-04T08-35-38-019fca69-7aad-7c81-a41b-21d9b9b7a3a6.jsonl;rollout-2026-08-04T09-20-33-019fca92-996a-7fb0-beea-942596ee66ef.jsonl;rollout-2026-08-04T10-12-03-019fcac1-c2c1-7fa1-9025-75f407e5c17d.jsonl;rollout-2026-08-04T10-15-17-019fcac4-b895-7d41-8678-b7e083a63a7c.jsonl;rollout-2026-08-04T10-19-37-019fcac8-aef6-7891-b93f-98ea184a621a.jsonl;rollout-2026-08-04T10-21-58-019fcaca-d45c-71e2-b106-bf99705f2352.jsonl;rollout-2026-08-04T10-34-18-019fcad6-1ecd-7850-99bb-3c6de4e50875.jsonl;rollout-2026-08-04T10-48-23-019fcae3-056d-75d1-92ad-eb777da35982.jsonl;rollout-2026-08-04T11-16-01-019fcafc-52a7-7192-8947-b6108df3e0a0.jsonl;rollout-2026-08-04T11-30-54-019fcb09-f095-73f0-a684-f990ae1268d9.jsonl;rollout-2026-08-04T12-04-05-019fcb28-5502-7851-a2a2-04d6af5ebca0.jsonl;rollout-2026-08-04T12-06-35-019fcb2a-9ce7-77a0-883d-13f05394caa9.jsonl;rollout-2026-08-04T13-25-53-019fcb73-38aa-7dc1-a0e8-ba0bbda0b211.jsonl;rollout-2026-08-04T13-46-54-019fcb86-7621-7113-8c34-e9e4bbbbcec9.jsonl;rollout-2026-08-04T14-54-53-019fcbc4-b3f2-77f3-b7c1-a06a5366e820.jsonl;rollout-2026-08-04T15-01-41-019fcbca-eaed-74d1-bf45-177cdb3f3491.jsonl;rollout-2026-08-04T15-07-44-019fcbd0-75f1-73c3-a828-838aa341eb82.jsonl;rollout-2026-08-04T16-25-55-019fcc18-0915-78d0-ba2c-e6b7a07eb9f1.jsonl;rollout-2026-08-04T20-47-31-019fcd07-8c5b-7af3-b9ec-87cb36d7a952.jsonl,resources\views\cart\index.blade.php
resources\views\checkout\index.blade.php,True,23,827,rollout-2026-07-31T11-06-09-019fb659-d8c8-7971-aa5f-6125546bafd1.jsonl;rollout-2026-08-02T17-29-48-019fc205-cd55-7a50-950b-2f6a196b5dee.jsonl;rollout-2026-08-03T11-06-38-019fc5cd-5f39-7863-a5b2-93a372b3a4ab.jsonl;rollout-2026-08-04T08-03-01-019fca4b-9f33-7ca2-beed-c0a735c6d12c.jsonl;rollout-2026-08-04T08-35-38-019fca69-7aad-7c81-a41b-21d9b9b7a3a6.jsonl;rollout-2026-08-04T09-20-33-019fca92-996a-7fb0-beea-942596ee66ef.jsonl;rollout-2026-08-04T10-12-03-019fcac1-c2c1-7fa1-9025-75f407e5c17d.jsonl;rollout-2026-08-04T10-15-17-019fcac4-b895-7d41-8678-b7e083a63a7c.jsonl;rollout-2026-08-04T10-19-37-019fcac8-aef6-7891-b93f-98ea184a621a.jsonl;rollout-2026-08-04T10-21-58-019fcaca-d45c-71e2-b106-bf99705f2352.jsonl;rollout-2026-08-04T10-34-18-019fcad6-1ecd-7850-99bb-3c6de4e50875.jsonl;rollout-2026-08-04T10-48-23-019fcae3-056d-75d1-92ad-eb777da35982.jsonl;rollout-2026-08-04T11-16-01-019fcafc-52a7-7192-8947-b6108df3e0a0.jsonl;rollout-2026-08-04T11-30-54-019fcb09-f095-73f0-a684-f990ae1268d9.jsonl;rollout-2026-08-04T12-04-05-019fcb28-5502-7851-a2a2-04d6af5ebca0.jsonl;rollout-2026-08-04T12-06-35-019fcb2a-9ce7-77a0-883d-13f05394caa9.jsonl;rollout-2026-08-04T13-25-53-019fcb73-38aa-7dc1-a0e8-ba0bbda0b211.jsonl;rollout-2026-08-04T13-46-54-019fcb86-7621-7113-8c34-e9e4bbbbcec9.jsonl;rollout-2026-08-04T14-54-53-019fcbc4-b3f2-77f3-b7c1-a06a5366e820.jsonl;rollout-2026-08-04T15-01-41-019fcbca-eaed-74d1-bf45-177cdb3f3491.jsonl;rollout-2026-08-04T15-07-44-019fcbd0-75f1-73c3-a828-838aa341eb82.jsonl;rollout-2026-08-04T16-25-55-019fcc18-0915-78d0-ba2c-e6b7a07eb9f1.jsonl;rollout-2026-08-04T20-47-31-019fcd07-8c5b-7af3-b9ec-87cb36d7a952.jsonl,resources\views\checkout\index.blade.php
resources\views\components\action-message.blade.php,True,21,55,rollout-2026-07-31T11-06-09-019fb659-d8c8-7971-aa5f-6125546bafd1.jsonl;rollout-2026-08-02T17-29-48-019fc205-cd55-7a50-950b-2f6a196b5dee.jsonl;rollout-2026-08-04T08-35-38-019fca69-7aad-7c81-a41b-21d9b9b7a3a6.jsonl;rollout-2026-08-04T09-20-33-019fca92-996a-7fb0-beea-942596ee66ef.jsonl;rollout-2026-08-04T10-12-03-019fcac1-c2c1-7fa1-9025-75f407e5c17d.jsonl;rollout-2026-08-04T10-15-17-019fcac4-b895-7d41-8678-b7e083a63a7c.jsonl;rollout-2026-08-04T10-19-37-019fcac8-aef6-7891-b93f-98ea184a621a.jsonl;rollout-2026-08-04T10-21-58-019fcaca-d45c-71e2-b106-bf99705f2352.jsonl;rollout-2026-08-04T10-34-18-019fcad6-1ecd-7850-99bb-3c6de4e50875.jsonl;rollout-2026-08-04T10-48-23-019fcae3-056d-75d1-92ad-eb777da35982.jsonl;rollout-2026-08-04T11-16-01-019fcafc-52a7-7192-8947-b6108df3e0a0.jsonl;rollout-2026-08-04T11-30-54-019fcb09-f095-73f0-a684-f990ae1268d9.jsonl;rollout-2026-08-04T12-04-05-019fcb28-5502-7851-a2a2-04d6af5ebca0.jsonl;rollout-2026-08-04T12-06-35-019fcb2a-9ce7-77a0-883d-13f05394caa9.jsonl;rollout-2026-08-04T13-25-53-019fcb73-38aa-7dc1-a0e8-ba0bbda0b211.jsonl;rollout-2026-08-04T13-46-54-019fcb86-7621-7113-8c34-e9e4bbbbcec9.jsonl;rollout-2026-08-04T14-54-53-019fcbc4-b3f2-77f3-b7c1-a06a5366e820.jsonl;rollout-2026-08-04T15-01-41-019fcbca-eaed-74d1-bf45-177cdb3f3491.jsonl;rollout-2026-08-04T15-07-44-019fcbd0-75f1-73c3-a828-838aa341eb82.jsonl;rollout-2026-08-04T16-25-55-019fcc18-0915-78d0-ba2c-e6b7a07eb9f1.jsonl;rollout-2026-08-04T20-47-31-019fcd07-8c5b-7af3-b9ec-87cb36d7a952.jsonl,resources\views\components\action-message.blade.php
resources\views\components\action-section.blade.php,True,12,12,rollout-2026-07-31T11-06-09-019fb659-d8c8-7971-aa5f-6125546bafd1.jsonl;rollout-2026-08-04T09-20-33-019fca92-996a-7fb0-beea-942596ee66ef.jsonl;rollout-2026-08-04T10-12-03-019fcac1-c2c1-7fa1-9025-75f407e5c17d.jsonl;rollout-2026-08-04T10-21-58-019fcaca-d45c-71e2-b106-bf99705f2352.jsonl;rollout-2026-08-04T10-34-18-019fcad6-1ecd-7850-99bb-3c6de4e50875.jsonl;rollout-2026-08-04T10-48-23-019fcae3-056d-75d1-92ad-eb777da35982.jsonl;rollout-2026-08-04T11-16-01-019fcafc-52a7-7192-8947-b6108df3e0a0.jsonl;rollout-2026-08-04T12-06-35-019fcb2a-9ce7-77a0-883d-13f05394caa9.jsonl;rollout-2026-08-04T13-25-53-019fcb73-38aa-7dc1-a0e8-ba0bbda0b211.jsonl;rollout-2026-08-04T14-54-53-019fcbc4-b3f2-77f3-b7c1-a06a5366e820.jsonl;rollout-2026-08-04T15-07-44-019fcbd0-75f1-73c3-a828-838aa341eb82.jsonl;rollout-2026-08-04T16-25-55-019fcc18-0915-78d0-ba2c-e6b7a07eb9f1.jsonl,resources\views\components\action-section.blade.php
resources\views\components\application-logo.blade.php,True,14,29,rollout-2026-07-31T11-06-09-019fb659-d8c8-7971-aa5f-6125546bafd1.jsonl;rollout-2026-08-02T17-29-48-019fc205-cd55-7a50-950b-2f6a196b5dee.jsonl;rollout-2026-08-04T09-20-33-019fca92-996a-7fb0-beea-942596ee66ef.jsonl;rollout-2026-08-04T10-12-03-019fcac1-c2c1-7fa1-9025-75f407e5c17d.jsonl;rollout-2026-08-04T10-21-58-019fcaca-d45c-71e2-b106-bf99705f2352.jsonl;rollout-2026-08-04T10-34-18-019fcad6-1ecd-7850-99bb-3c6de4e50875.jsonl;rollout-2026-08-04T10-48-23-019fcae3-056d-75d1-92ad-eb777da35982.jsonl;rollout-2026-08-04T11-16-01-019fcafc-52a7-7192-8947-b6108df3e0a0.jsonl;rollout-2026-08-04T12-06-35-019fcb2a-9ce7-77a0-883d-13f05394caa9.jsonl;rollout-2026-08-04T13-25-53-019fcb73-38aa-7dc1-a0e8-ba0bbda0b211.jsonl;rollout-2026-08-04T14-54-53-019fcbc4-b3f2-77f3-b7c1-a06a5366e820.jsonl;rollout-2026-08-04T15-07-44-019fcbd0-75f1-73c3-a828-838aa341eb82.jsonl;rollout-2026-08-04T16-25-55-019fcc18-0915-78d0-ba2c-e6b7a07eb9f1.jsonl;rollout-2026-08-04T20-47-31-019fcd07-8c5b-7af3-b9ec-87cb36d7a952.jsonl,resources\views\components\application-logo.blade.php
resources\views\components\application-mark.blade.php,True,13,16,rollout-2026-07-31T11-06-09-019fb659-d8c8-7971-aa5f-6125546bafd1.jsonl;rollout-2026-08-02T17-29-48-019fc205-cd55-7a50-950b-2f6a196b5dee.jsonl;rollout-2026-08-04T09-20-33-019fca92-996a-7fb0-beea-942596ee66ef.jsonl;rollout-2026-08-04T10-12-03-019fcac1-c2c1-7fa1-9025-75f407e5c17d.jsonl;rollout-2026-08-04T10-21-58-019fcaca-d45c-71e2-b106-bf99705f2352.jsonl;rollout-2026-08-04T10-34-18-019fcad6-1ecd-7850-99bb-3c6de4e50875.jsonl;rollout-2026-08-04T10-48-23-019fcae3-056d-75d1-92ad-eb777da35982.jsonl;rollout-2026-08-04T11-16-01-019fcafc-52a7-7192-8947-b6108df3e0a0.jsonl;rollout-2026-08-04T12-06-35-019fcb2a-9ce7-77a0-883d-13f05394caa9.jsonl;rollout-2026-08-04T13-25-53-019fcb73-38aa-7dc1-a0e8-ba0bbda0b211.jsonl;rollout-2026-08-04T14-54-53-019fcbc4-b3f2-77f3-b7c1-a06a5366e820.jsonl;rollout-2026-08-04T15-07-44-019fcbd0-75f1-73c3-a828-838aa341eb82.jsonl;rollout-2026-08-04T16-25-55-019fcc18-0915-78d0-ba2c-e6b7a07eb9f1.jsonl,resources\views\components\application-mark.blade.php
resources\views\components\authentication-card-logo.blade.php,True,14,20,rollout-2026-07-31T11-06-09-019fb659-d8c8-7971-aa5f-6125546bafd1.jsonl;rollout-2026-08-04T09-20-33-019fca92-996a-7fb0-beea-942596ee66ef.jsonl;rollout-2026-08-04T10-12-03-019fcac1-c2c1-7fa1-9025-75f407e5c17d.jsonl;rollout-2026-08-04T10-21-58-019fcaca-d45c-71e2-b106-bf99705f2352.jsonl;rollout-2026-08-04T10-34-18-019fcad6-1ecd-7850-99bb-3c6de4e50875.jsonl;rollout-2026-08-04T10-48-23-019fcae3-056d-75d1-92ad-eb777da35982.jsonl;rollout-2026-08-04T11-16-01-019fcafc-52a7-7192-8947-b6108df3e0a0.jsonl;rollout-2026-08-04T12-06-35-019fcb2a-9ce7-77a0-883d-13f05394caa9.jsonl;rollout-2026-08-04T13-25-53-019fcb73-38aa-7dc1-a0e8-ba0bbda0b211.jsonl;rollout-2026-08-04T13-46-54-019fcb86-7621-7113-8c34-e9e4bbbbcec9.jsonl;rollout-2026-08-04T14-54-53-019fcbc4-b3f2-77f3-b7c1-a06a5366e820.jsonl;rollout-2026-08-04T15-07-44-019fcbd0-75f1-73c3-a828-838aa341eb82.jsonl;rollout-2026-08-04T16-25-55-019fcc18-0915-78d0-ba2c-e6b7a07eb9f1.jsonl;rollout-2026-08-04T20-47-31-019fcd07-8c5b-7af3-b9ec-87cb36d7a952.jsonl,resources\views\components\authentication-card-logo.blade.php
resources\views\components\authentication-card.blade.php,True,14,19,rollout-2026-07-31T11-06-09-019fb659-d8c8-7971-aa5f-6125546bafd1.jsonl;rollout-2026-08-04T09-20-33-019fca92-996a-7fb0-beea-942596ee66ef.jsonl;rollout-2026-08-04T10-12-03-019fcac1-c2c1-7fa1-9025-75f407e5c17d.jsonl;rollout-2026-08-04T10-21-58-019fcaca-d45c-71e2-b106-bf99705f2352.jsonl;rollout-2026-08-04T10-34-18-019fcad6-1ecd-7850-99bb-3c6de4e50875.jsonl;rollout-2026-08-04T10-48-23-019fcae3-056d-75d1-92ad-eb777da35982.jsonl;rollout-2026-08-04T11-16-01-019fcafc-52a7-7192-8947-b6108df3e0a0.jsonl;rollout-2026-08-04T12-06-35-019fcb2a-9ce7-77a0-883d-13f05394caa9.jsonl;rollout-2026-08-04T13-25-53-019fcb73-38aa-7dc1-a0e8-ba0bbda0b211.jsonl;rollout-2026-08-04T13-46-54-019fcb86-7621-7113-8c34-e9e4bbbbcec9.jsonl;rollout-2026-08-04T14-54-53-019fcbc4-b3f2-77f3-b7c1-a06a5366e820.jsonl;rollout-2026-08-04T15-07-44-019fcbd0-75f1-73c3-a828-838aa341eb82.jsonl;rollout-2026-08-04T16-25-55-019fcc18-0915-78d0-ba2c-e6b7a07eb9f1.jsonl;rollout-2026-08-04T20-47-31-019fcd07-8c5b-7af3-b9ec-87cb36d7a952.jsonl,resources\views\components\authentication-card.blade.php
resources\views\components\banner.blade.php,True,12,14,rollout-2026-07-31T11-06-09-019fb659-d8c8-7971-aa5f-6125546bafd1.jsonl;rollout-2026-08-04T09-20-33-019fca92-996a-7fb0-beea-942596ee66ef.jsonl;rollout-2026-08-04T10-12-03-019fcac1-c2c1-7fa1-9025-75f407e5c17d.jsonl;rollout-2026-08-04T10-21-58-019fcaca-d45c-71e2-b106-bf99705f2352.jsonl;rollout-2026-08-04T10-34-18-019fcad6-1ecd-7850-99bb-3c6de4e50875.jsonl;rollout-2026-08-04T10-48-23-019fcae3-056d-75d1-92ad-eb777da35982.jsonl;rollout-2026-08-04T11-16-01-019fcafc-52a7-7192-8947-b6108df3e0a0.jsonl;rollout-2026-08-04T12-06-35-019fcb2a-9ce7-77a0-883d-13f05394caa9.jsonl;rollout-2026-08-04T13-25-53-019fcb73-38aa-7dc1-a0e8-ba0bbda0b211.jsonl;rollout-2026-08-04T14-54-53-019fcbc4-b3f2-77f3-b7c1-a06a5366e820.jsonl;rollout-2026-08-04T15-07-44-019fcbd0-75f1-73c3-a828-838aa341eb82.jsonl;rollout-2026-08-04T16-25-55-019fcc18-0915-78d0-ba2c-e6b7a07eb9f1.jsonl,resources\views\components\banner.blade.php
resources\views\components\button.blade.php,True,13,14,rollout-2026-07-31T11-06-09-019fb659-d8c8-7971-aa5f-6125546bafd1.jsonl;rollout-2026-08-04T08-35-38-019fca69-7aad-7c81-a41b-21d9b9b7a3a6.jsonl;rollout-2026-08-04T09-20-33-019fca92-996a-7fb0-beea-942596ee66ef.jsonl;rollout-2026-08-04T10-12-03-019fcac1-c2c1-7fa1-9025-75f407e5c17d.jsonl;rollout-2026-08-04T10-21-58-019fcaca-d45c-71e2-b106-bf99705f2352.jsonl;rollout-2026-08-04T10-34-18-019fcad6-1ecd-7850-99bb-3c6de4e50875.jsonl;rollout-2026-08-04T10-48-23-019fcae3-056d-75d1-92ad-eb777da35982.jsonl;rollout-2026-08-04T11-16-01-019fcafc-52a7-7192-8947-b6108df3e0a0.jsonl;rollout-2026-08-04T12-06-35-019fcb2a-9ce7-77a0-883d-13f05394caa9.jsonl;rollout-2026-08-04T13-25-53-019fcb73-38aa-7dc1-a0e8-ba0bbda0b211.jsonl;rollout-2026-08-04T14-54-53-019fcbc4-b3f2-77f3-b7c1-a06a5366e820.jsonl;rollout-2026-08-04T15-07-44-019fcbd0-75f1-73c3-a828-838aa341eb82.jsonl;rollout-2026-08-04T16-25-55-019fcc18-0915-78d0-ba2c-e6b7a07eb9f1.jsonl,resources\views\components\button.blade.php
resources\views\components\checkbox.blade.php,True,12,12,rollout-2026-07-31T11-06-09-019fb659-d8c8-7971-aa5f-6125546bafd1.jsonl;rollout-2026-08-04T09-20-33-019fca92-996a-7fb0-beea-942596ee66ef.jsonl;rollout-2026-08-04T10-12-03-019fcac1-c2c1-7fa1-9025-75f407e5c17d.jsonl;rollout-2026-08-04T10-21-58-019fcaca-d45c-71e2-b106-bf99705f2352.jsonl;rollout-2026-08-04T10-34-18-019fcad6-1ecd-7850-99bb-3c6de4e50875.jsonl;rollout-2026-08-04T10-48-23-019fcae3-056d-75d1-92ad-eb777da35982.jsonl;rollout-2026-08-04T11-16-01-019fcafc-52a7-7192-8947-b6108df3e0a0.jsonl;rollout-2026-08-04T12-06-35-019fcb2a-9ce7-77a0-883d-13f05394caa9.jsonl;rollout-2026-08-04T13-25-53-019fcb73-38aa-7dc1-a0e8-ba0bbda0b211.jsonl;rollout-2026-08-04T14-54-53-019fcbc4-b3f2-77f3-b7c1-a06a5366e820.jsonl;rollout-2026-08-04T15-07-44-019fcbd0-75f1-73c3-a828-838aa341eb82.jsonl;rollout-2026-08-04T16-25-55-019fcc18-0915-78d0-ba2c-e6b7a07eb9f1.jsonl,resources\views\components\checkbox.blade.php
resources\views\components\confirmation-modal.blade.php,True,12,12,rollout-2026-07-31T11-06-09-019fb659-d8c8-7971-aa5f-6125546bafd1.jsonl;rollout-2026-08-04T09-20-33-019fca92-996a-7fb0-beea-942596ee66ef.jsonl;rollout-2026-08-04T10-12-03-019fcac1-c2c1-7fa1-9025-75f407e5c17d.jsonl;rollout-2026-08-04T10-21-58-019fcaca-d45c-71e2-b106-bf99705f2352.jsonl;rollout-2026-08-04T10-34-18-019fcad6-1ecd-7850-99bb-3c6de4e50875.jsonl;rollout-2026-08-04T10-48-23-019fcae3-056d-75d1-92ad-eb777da35982.jsonl;rollout-2026-08-04T11-16-01-019fcafc-52a7-7192-8947-b6108df3e0a0.jsonl;rollout-2026-08-04T12-06-35-019fcb2a-9ce7-77a0-883d-13f05394caa9.jsonl;rollout-2026-08-04T13-25-53-019fcb73-38aa-7dc1-a0e8-ba0bbda0b211.jsonl;rollout-2026-08-04T14-54-53-019fcbc4-b3f2-77f3-b7c1-a06a5366e820.jsonl;rollout-2026-08-04T15-07-44-019fcbd0-75f1-73c3-a828-838aa341eb82.jsonl;rollout-2026-08-04T16-25-55-019fcc18-0915-78d0-ba2c-e6b7a07eb9f1.jsonl,resources\views\components\confirmation-modal.blade.php
resources\views\components\confirms-password.blade.php,True,22,68,rollout-2026-07-31T11-06-09-019fb659-d8c8-7971-aa5f-6125546bafd1.jsonl;rollout-2026-08-02T17-29-48-019fc205-cd55-7a50-950b-2f6a196b5dee.jsonl;rollout-2026-08-03T11-06-38-019fc5cd-5f39-7863-a5b2-93a372b3a4ab.jsonl;rollout-2026-08-04T08-35-38-019fca69-7aad-7c81-a41b-21d9b9b7a3a6.jsonl;rollout-2026-08-04T09-20-33-019fca92-996a-7fb0-beea-942596ee66ef.jsonl;rollout-2026-08-04T10-12-03-019fcac1-c2c1-7fa1-9025-75f407e5c17d.jsonl;rollout-2026-08-04T10-15-17-019fcac4-b895-7d41-8678-b7e083a63a7c.jsonl;rollout-2026-08-04T10-19-37-019fcac8-aef6-7891-b93f-98ea184a621a.jsonl;rollout-2026-08-04T10-21-58-019fcaca-d45c-71e2-b106-bf99705f2352.jsonl;rollout-2026-08-04T10-34-18-019fcad6-1ecd-7850-99bb-3c6de4e50875.jsonl;rollout-2026-08-04T10-48-23-019fcae3-056d-75d1-92ad-eb777da35982.jsonl;rollout-2026-08-04T11-16-01-019fcafc-52a7-7192-8947-b6108df3e0a0.jsonl;rollout-2026-08-04T11-30-54-019fcb09-f095-73f0-a684-f990ae1268d9.jsonl;rollout-2026-08-04T12-04-05-019fcb28-5502-7851-a2a2-04d6af5ebca0.jsonl;rollout-2026-08-04T12-06-35-019fcb2a-9ce7-77a0-883d-13f05394caa9.jsonl;rollout-2026-08-04T13-25-53-019fcb73-38aa-7dc1-a0e8-ba0bbda0b211.jsonl;rollout-2026-08-04T13-46-54-019fcb86-7621-7113-8c34-e9e4bbbbcec9.jsonl;rollout-2026-08-04T14-54-53-019fcbc4-b3f2-77f3-b7c1-a06a5366e820.jsonl;rollout-2026-08-04T15-01-41-019fcbca-eaed-74d1-bf45-177cdb3f3491.jsonl;rollout-2026-08-04T15-07-44-019fcbd0-75f1-73c3-a828-838aa341eb82.jsonl;rollout-2026-08-04T16-25-55-019fcc18-0915-78d0-ba2c-e6b7a07eb9f1.jsonl;rollout-2026-08-04T20-47-31-019fcd07-8c5b-7af3-b9ec-87cb36d7a952.jsonl,resources\views\components\confirms-password.blade.php
resources\views\components\danger-button.blade.php,True,12,12,rollout-2026-07-31T11-06-09-019fb659-d8c8-7971-aa5f-6125546bafd1.jsonl;rollout-2026-08-04T09-20-33-019fca92-996a-7fb0-beea-942596ee66ef.jsonl;rollout-2026-08-04T10-12-03-019fcac1-c2c1-7fa1-9025-75f407e5c17d.jsonl;rollout-2026-08-04T10-21-58-019fcaca-d45c-71e2-b106-bf99705f2352.jsonl;rollout-2026-08-04T10-34-18-019fcad6-1ecd-7850-99bb-3c6de4e50875.jsonl;rollout-2026-08-04T10-48-23-019fcae3-056d-75d1-92ad-eb777da35982.jsonl;rollout-2026-08-04T11-16-01-019fcafc-52a7-7192-8947-b6108df3e0a0.jsonl;rollout-2026-08-04T12-06-35-019fcb2a-9ce7-77a0-883d-13f05394caa9.jsonl;rollout-2026-08-04T13-25-53-019fcb73-38aa-7dc1-a0e8-ba0bbda0b211.jsonl;rollout-2026-08-04T14-54-53-019fcbc4-b3f2-77f3-b7c1-a06a5366e820.jsonl;rollout-2026-08-04T15-07-44-019fcbd0-75f1-73c3-a828-838aa341eb82.jsonl;rollout-2026-08-04T16-25-55-019fcc18-0915-78d0-ba2c-e6b7a07eb9f1.jsonl,resources\views\components\danger-button.blade.php
resources\views\components\dialog-modal.blade.php,True,12,12,rollout-2026-07-31T11-06-09-019fb659-d8c8-7971-aa5f-6125546bafd1.jsonl;rollout-2026-08-04T09-20-33-019fca92-996a-7fb0-beea-942596ee66ef.jsonl;rollout-2026-08-04T10-12-03-019fcac1-c2c1-7fa1-9025-75f407e5c17d.jsonl;rollout-2026-08-04T10-21-58-019fcaca-d45c-71e2-b106-bf99705f2352.jsonl;rollout-2026-08-04T10-34-18-019fcad6-1ecd-7850-99bb-3c6de4e50875.jsonl;rollout-2026-08-04T10-48-23-019fcae3-056d-75d1-92ad-eb777da35982.jsonl;rollout-2026-08-04T11-16-01-019fcafc-52a7-7192-8947-b6108df3e0a0.jsonl;rollout-2026-08-04T12-06-35-019fcb2a-9ce7-77a0-883d-13f05394caa9.jsonl;rollout-2026-08-04T13-25-53-019fcb73-38aa-7dc1-a0e8-ba0bbda0b211.jsonl;rollout-2026-08-04T14-54-53-019fcbc4-b3f2-77f3-b7c1-a06a5366e820.jsonl;rollout-2026-08-04T15-07-44-019fcbd0-75f1-73c3-a828-838aa341eb82.jsonl;rollout-2026-08-04T16-25-55-019fcc18-0915-78d0-ba2c-e6b7a07eb9f1.jsonl,resources\views\components\dialog-modal.blade.php
resources\views\components\dropdown-link.blade.php,True,12,12,rollout-2026-07-31T11-06-09-019fb659-d8c8-7971-aa5f-6125546bafd1.jsonl;rollout-2026-08-04T09-20-33-019fca92-996a-7fb0-beea-942596ee66ef.jsonl;rollout-2026-08-04T10-12-03-019fcac1-c2c1-7fa1-9025-75f407e5c17d.jsonl;rollout-2026-08-04T10-21-58-019fcaca-d45c-71e2-b106-bf99705f2352.jsonl;rollout-2026-08-04T10-34-18-019fcad6-1ecd-7850-99bb-3c6de4e50875.jsonl;rollout-2026-08-04T10-48-23-019fcae3-056d-75d1-92ad-eb777da35982.jsonl;rollout-2026-08-04T11-16-01-019fcafc-52a7-7192-8947-b6108df3e0a0.jsonl;rollout-2026-08-04T12-06-35-019fcb2a-9ce7-77a0-883d-13f05394caa9.jsonl;rollout-2026-08-04T13-25-53-019fcb73-38aa-7dc1-a0e8-ba0bbda0b211.jsonl;rollout-2026-08-04T14-54-53-019fcbc4-b3f2-77f3-b7c1-a06a5366e820.jsonl;rollout-2026-08-04T15-07-44-019fcbd0-75f1-73c3-a828-838aa341eb82.jsonl;rollout-2026-08-04T16-25-55-019fcc18-0915-78d0-ba2c-e6b7a07eb9f1.jsonl,resources\views\components\dropdown-link.blade.php
resources\views\components\dropdown.blade.php,True,13,22,rollout-2026-07-31T11-06-09-019fb659-d8c8-7971-aa5f-6125546bafd1.jsonl;rollout-2026-08-04T08-35-38-019fca69-7aad-7c81-a41b-21d9b9b7a3a6.jsonl;rollout-2026-08-04T09-20-33-019fca92-996a-7fb0-beea-942596ee66ef.jsonl;rollout-2026-08-04T10-12-03-019fcac1-c2c1-7fa1-9025-75f407e5c17d.jsonl;rollout-2026-08-04T10-21-58-019fcaca-d45c-71e2-b106-bf99705f2352.jsonl;rollout-2026-08-04T10-34-18-019fcad6-1ecd-7850-99bb-3c6de4e50875.jsonl;rollout-2026-08-04T10-48-23-019fcae3-056d-75d1-92ad-eb777da35982.jsonl;rollout-2026-08-04T11-16-01-019fcafc-52a7-7192-8947-b6108df3e0a0.jsonl;rollout-2026-08-04T12-06-35-019fcb2a-9ce7-77a0-883d-13f05394caa9.jsonl;rollout-2026-08-04T13-25-53-019fcb73-38aa-7dc1-a0e8-ba0bbda0b211.jsonl;rollout-2026-08-04T14-54-53-019fcbc4-b3f2-77f3-b7c1-a06a5366e820.jsonl;rollout-2026-08-04T15-07-44-019fcbd0-75f1-73c3-a828-838aa341eb82.jsonl;rollout-2026-08-04T16-25-55-019fcc18-0915-78d0-ba2c-e6b7a07eb9f1.jsonl,resources\views\components\dropdown.blade.php
resources\views\components\form-section.blade.php,True,12,12,rollout-2026-07-31T11-06-09-019fb659-d8c8-7971-aa5f-6125546bafd1.jsonl;rollout-2026-08-04T09-20-33-019fca92-996a-7fb0-beea-942596ee66ef.jsonl;rollout-2026-08-04T10-12-03-019fcac1-c2c1-7fa1-9025-75f407e5c17d.jsonl;rollout-2026-08-04T10-21-58-019fcaca-d45c-71e2-b106-bf99705f2352.jsonl;rollout-2026-08-04T10-34-18-019fcad6-1ecd-7850-99bb-3c6de4e50875.jsonl;rollout-2026-08-04T10-48-23-019fcae3-056d-75d1-92ad-eb777da35982.jsonl;rollout-2026-08-04T11-16-01-019fcafc-52a7-7192-8947-b6108df3e0a0.jsonl;rollout-2026-08-04T12-06-35-019fcb2a-9ce7-77a0-883d-13f05394caa9.jsonl;rollout-2026-08-04T13-25-53-019fcb73-38aa-7dc1-a0e8-ba0bbda0b211.jsonl;rollout-2026-08-04T14-54-53-019fcbc4-b3f2-77f3-b7c1-a06a5366e820.jsonl;rollout-2026-08-04T15-07-44-019fcbd0-75f1-73c3-a828-838aa341eb82.jsonl;rollout-2026-08-04T16-25-55-019fcc18-0915-78d0-ba2c-e6b7a07eb9f1.jsonl,resources\views\components\form-section.blade.php
resources\views\components\input-error.blade.php,True,12,12,rollout-2026-07-31T11-06-09-019fb659-d8c8-7971-aa5f-6125546bafd1.jsonl;rollout-2026-08-04T09-20-33-019fca92-996a-7fb0-beea-942596ee66ef.jsonl;rollout-2026-08-04T10-12-03-019fcac1-c2c1-7fa1-9025-75f407e5c17d.jsonl;rollout-2026-08-04T10-21-58-019fcaca-d45c-71e2-b106-bf99705f2352.jsonl;rollout-2026-08-04T10-34-18-019fcad6-1ecd-7850-99bb-3c6de4e50875.jsonl;rollout-2026-08-04T10-48-23-019fcae3-056d-75d1-92ad-eb777da35982.jsonl;rollout-2026-08-04T11-16-01-019fcafc-52a7-7192-8947-b6108df3e0a0.jsonl;rollout-2026-08-04T12-06-35-019fcb2a-9ce7-77a0-883d-13f05394caa9.jsonl;rollout-2026-08-04T13-25-53-019fcb73-38aa-7dc1-a0e8-ba0bbda0b211.jsonl;rollout-2026-08-04T14-54-53-019fcbc4-b3f2-77f3-b7c1-a06a5366e820.jsonl;rollout-2026-08-04T15-07-44-019fcbd0-75f1-73c3-a828-838aa341eb82.jsonl;rollout-2026-08-04T16-25-55-019fcc18-0915-78d0-ba2c-e6b7a07eb9f1.jsonl,resources\views\components\input-error.blade.php
resources\views\components\input.blade.php,True,12,12,rollout-2026-07-31T11-06-09-019fb659-d8c8-7971-aa5f-6125546bafd1.jsonl;rollout-2026-08-04T09-20-33-019fca92-996a-7fb0-beea-942596ee66ef.jsonl;rollout-2026-08-04T10-12-03-019fcac1-c2c1-7fa1-9025-75f407e5c17d.jsonl;rollout-2026-08-04T10-21-58-019fcaca-d45c-71e2-b106-bf99705f2352.jsonl;rollout-2026-08-04T10-34-18-019fcad6-1ecd-7850-99bb-3c6de4e50875.jsonl;rollout-2026-08-04T10-48-23-019fcae3-056d-75d1-92ad-eb777da35982.jsonl;rollout-2026-08-04T11-16-01-019fcafc-52a7-7192-8947-b6108df3e0a0.jsonl;rollout-2026-08-04T12-06-35-019fcb2a-9ce7-77a0-883d-13f05394caa9.jsonl;rollout-2026-08-04T13-25-53-019fcb73-38aa-7dc1-a0e8-ba0bbda0b211.jsonl;rollout-2026-08-04T14-54-53-019fcbc4-b3f2-77f3-b7c1-a06a5366e820.jsonl;rollout-2026-08-04T15-07-44-019fcbd0-75f1-73c3-a828-838aa341eb82.jsonl;rollout-2026-08-04T16-25-55-019fcc18-0915-78d0-ba2c-e6b7a07eb9f1.jsonl,resources\views\components\input.blade.php
resources\views\components\label.blade.php,True,12,12,rollout-2026-07-31T11-06-09-019fb659-d8c8-7971-aa5f-6125546bafd1.jsonl;rollout-2026-08-04T09-20-33-019fca92-996a-7fb0-beea-942596ee66ef.jsonl;rollout-2026-08-04T10-12-03-019fcac1-c2c1-7fa1-9025-75f407e5c17d.jsonl;rollout-2026-08-04T10-21-58-019fcaca-d45c-71e2-b106-bf99705f2352.jsonl;rollout-2026-08-04T10-34-18-019fcad6-1ecd-7850-99bb-3c6de4e50875.jsonl;rollout-2026-08-04T10-48-23-019fcae3-056d-75d1-92ad-eb777da35982.jsonl;rollout-2026-08-04T11-16-01-019fcafc-52a7-7192-8947-b6108df3e0a0.jsonl;rollout-2026-08-04T12-06-35-019fcb2a-9ce7-77a0-883d-13f05394caa9.jsonl;rollout-2026-08-04T13-25-53-019fcb73-38aa-7dc1-a0e8-ba0bbda0b211.jsonl;rollout-2026-08-04T14-54-53-019fcbc4-b3f2-77f3-b7c1-a06a5366e820.jsonl;rollout-2026-08-04T15-07-44-019fcbd0-75f1-73c3-a828-838aa341eb82.jsonl;rollout-2026-08-04T16-25-55-019fcc18-0915-78d0-ba2c-e6b7a07eb9f1.jsonl,resources\views\components\label.blade.php
resources\views\components\modal.blade.php,True,13,33,rollout-2026-07-31T11-06-09-019fb659-d8c8-7971-aa5f-6125546bafd1.jsonl;rollout-2026-08-04T08-35-38-019fca69-7aad-7c81-a41b-21d9b9b7a3a6.jsonl;rollout-2026-08-04T09-20-33-019fca92-996a-7fb0-beea-942596ee66ef.jsonl;rollout-2026-08-04T10-12-03-019fcac1-c2c1-7fa1-9025-75f407e5c17d.jsonl;rollout-2026-08-04T10-21-58-019fcaca-d45c-71e2-b106-bf99705f2352.jsonl;rollout-2026-08-04T10-34-18-019fcad6-1ecd-7850-99bb-3c6de4e50875.jsonl;rollout-2026-08-04T10-48-23-019fcae3-056d-75d1-92ad-eb777da35982.jsonl;rollout-2026-08-04T11-16-01-019fcafc-52a7-7192-8947-b6108df3e0a0.jsonl;rollout-2026-08-04T12-06-35-019fcb2a-9ce7-77a0-883d-13f05394caa9.jsonl;rollout-2026-08-04T13-25-53-019fcb73-38aa-7dc1-a0e8-ba0bbda0b211.jsonl;rollout-2026-08-04T14-54-53-019fcbc4-b3f2-77f3-b7c1-a06a5366e820.jsonl;rollout-2026-08-04T15-07-44-019fcbd0-75f1-73c3-a828-838aa341eb82.jsonl;rollout-2026-08-04T16-25-55-019fcc18-0915-78d0-ba2c-e6b7a07eb9f1.jsonl,resources\views\components\modal.blade.php
resources\views\components\nav-link.blade.php,True,12,12,rollout-2026-07-31T11-06-09-019fb659-d8c8-7971-aa5f-6125546bafd1.jsonl;rollout-2026-08-04T09-20-33-019fca92-996a-7fb0-beea-942596ee66ef.jsonl;rollout-2026-08-04T10-12-03-019fcac1-c2c1-7fa1-9025-75f407e5c17d.jsonl;rollout-2026-08-04T10-21-58-019fcaca-d45c-71e2-b106-bf99705f2352.jsonl;rollout-2026-08-04T10-34-18-019fcad6-1ecd-7850-99bb-3c6de4e50875.jsonl;rollout-2026-08-04T10-48-23-019fcae3-056d-75d1-92ad-eb777da35982.jsonl;rollout-2026-08-04T11-16-01-019fcafc-52a7-7192-8947-b6108df3e0a0.jsonl;rollout-2026-08-04T12-06-35-019fcb2a-9ce7-77a0-883d-13f05394caa9.jsonl;rollout-2026-08-04T13-25-53-019fcb73-38aa-7dc1-a0e8-ba0bbda0b211.jsonl;rollout-2026-08-04T14-54-53-019fcbc4-b3f2-77f3-b7c1-a06a5366e820.jsonl;rollout-2026-08-04T15-07-44-019fcbd0-75f1-73c3-a828-838aa341eb82.jsonl;rollout-2026-08-04T16-25-55-019fcc18-0915-78d0-ba2c-e6b7a07eb9f1.jsonl,resources\views\components\nav-link.blade.php
resources\views\components\product-card.blade.php,True,21,56,rollout-2026-07-31T11-06-09-019fb659-d8c8-7971-aa5f-6125546bafd1.jsonl;rollout-2026-08-02T17-29-48-019fc205-cd55-7a50-950b-2f6a196b5dee.jsonl;rollout-2026-08-04T08-35-38-019fca69-7aad-7c81-a41b-21d9b9b7a3a6.jsonl;rollout-2026-08-04T09-20-33-019fca92-996a-7fb0-beea-942596ee66ef.jsonl;rollout-2026-08-04T10-12-03-019fcac1-c2c1-7fa1-9025-75f407e5c17d.jsonl;rollout-2026-08-04T10-15-17-019fcac4-b895-7d41-8678-b7e083a63a7c.jsonl;rollout-2026-08-04T10-19-37-019fcac8-aef6-7891-b93f-98ea184a621a.jsonl;rollout-2026-08-04T10-21-58-019fcaca-d45c-71e2-b106-bf99705f2352.jsonl;rollout-2026-08-04T10-34-18-019fcad6-1ecd-7850-99bb-3c6de4e50875.jsonl;rollout-2026-08-04T10-48-23-019fcae3-056d-75d1-92ad-eb777da35982.jsonl;rollout-2026-08-04T11-16-01-019fcafc-52a7-7192-8947-b6108df3e0a0.jsonl;rollout-2026-08-04T11-30-54-019fcb09-f095-73f0-a684-f990ae1268d9.jsonl;rollout-2026-08-04T12-04-05-019fcb28-5502-7851-a2a2-04d6af5ebca0.jsonl;rollout-2026-08-04T12-06-35-019fcb2a-9ce7-77a0-883d-13f05394caa9.jsonl;rollout-2026-08-04T13-25-53-019fcb73-38aa-7dc1-a0e8-ba0bbda0b211.jsonl;rollout-2026-08-04T13-46-54-019fcb86-7621-7113-8c34-e9e4bbbbcec9.jsonl;rollout-2026-08-04T14-54-53-019fcbc4-b3f2-77f3-b7c1-a06a5366e820.jsonl;rollout-2026-08-04T15-01-41-019fcbca-eaed-74d1-bf45-177cdb3f3491.jsonl;rollout-2026-08-04T15-07-44-019fcbd0-75f1-73c3-a828-838aa341eb82.jsonl;rollout-2026-08-04T16-25-55-019fcc18-0915-78d0-ba2c-e6b7a07eb9f1.jsonl;rollout-2026-08-04T20-47-31-019fcd07-8c5b-7af3-b9ec-87cb36d7a952.jsonl,resources\views\components\product-card.blade.php
resources\views\components\responsive-nav-link.blade.php,True,12,12,rollout-2026-07-31T11-06-09-019fb659-d8c8-7971-aa5f-6125546bafd1.jsonl;rollout-2026-08-04T09-20-33-019fca92-996a-7fb0-beea-942596ee66ef.jsonl;rollout-2026-08-04T10-12-03-019fcac1-c2c1-7fa1-9025-75f407e5c17d.jsonl;rollout-2026-08-04T10-21-58-019fcaca-d45c-71e2-b106-bf99705f2352.jsonl;rollout-2026-08-04T10-34-18-019fcad6-1ecd-7850-99bb-3c6de4e50875.jsonl;rollout-2026-08-04T10-48-23-019fcae3-056d-75d1-92ad-eb777da35982.jsonl;rollout-2026-08-04T11-16-01-019fcafc-52a7-7192-8947-b6108df3e0a0.jsonl;rollout-2026-08-04T12-06-35-019fcb2a-9ce7-77a0-883d-13f05394caa9.jsonl;rollout-2026-08-04T13-25-53-019fcb73-38aa-7dc1-a0e8-ba0bbda0b211.jsonl;rollout-2026-08-04T14-54-53-019fcbc4-b3f2-77f3-b7c1-a06a5366e820.jsonl;rollout-2026-08-04T15-07-44-019fcbd0-75f1-73c3-a828-838aa341eb82.jsonl;rollout-2026-08-04T16-25-55-019fcc18-0915-78d0-ba2c-e6b7a07eb9f1.jsonl,resources\views\components\responsive-nav-link.blade.php
resources\views\components\secondary-button.blade.php,True,13,14,rollout-2026-07-31T11-06-09-019fb659-d8c8-7971-aa5f-6125546bafd1.jsonl;rollout-2026-08-04T08-35-38-019fca69-7aad-7c81-a41b-21d9b9b7a3a6.jsonl;rollout-2026-08-04T09-20-33-019fca92-996a-7fb0-beea-942596ee66ef.jsonl;rollout-2026-08-04T10-12-03-019fcac1-c2c1-7fa1-9025-75f407e5c17d.jsonl;rollout-2026-08-04T10-21-58-019fcaca-d45c-71e2-b106-bf99705f2352.jsonl;rollout-2026-08-04T10-34-18-019fcad6-1ecd-7850-99bb-3c6de4e50875.jsonl;rollout-2026-08-04T10-48-23-019fcae3-056d-75d1-92ad-eb777da35982.jsonl;rollout-2026-08-04T11-16-01-019fcafc-52a7-7192-8947-b6108df3e0a0.jsonl;rollout-2026-08-04T12-06-35-019fcb2a-9ce7-77a0-883d-13f05394caa9.jsonl;rollout-2026-08-04T13-25-53-019fcb73-38aa-7dc1-a0e8-ba0bbda0b211.jsonl;rollout-2026-08-04T14-54-53-019fcbc4-b3f2-77f3-b7c1-a06a5366e820.jsonl;rollout-2026-08-04T15-07-44-019fcbd0-75f1-73c3-a828-838aa341eb82.jsonl;rollout-2026-08-04T16-25-55-019fcc18-0915-78d0-ba2c-e6b7a07eb9f1.jsonl,resources\views\components\secondary-button.blade.php
resources\views\components\section-border.blade.php,True,15,17,rollout-2026-07-31T11-06-09-019fb659-d8c8-7971-aa5f-6125546bafd1.jsonl;rollout-2026-08-04T09-20-33-019fca92-996a-7fb0-beea-942596ee66ef.jsonl;rollout-2026-08-04T10-12-03-019fcac1-c2c1-7fa1-9025-75f407e5c17d.jsonl;rollout-2026-08-04T10-15-17-019fcac4-b895-7d41-8678-b7e083a63a7c.jsonl;rollout-2026-08-04T10-21-58-019fcaca-d45c-71e2-b106-bf99705f2352.jsonl;rollout-2026-08-04T10-34-18-019fcad6-1ecd-7850-99bb-3c6de4e50875.jsonl;rollout-2026-08-04T10-48-23-019fcae3-056d-75d1-92ad-eb777da35982.jsonl;rollout-2026-08-04T11-16-01-019fcafc-52a7-7192-8947-b6108df3e0a0.jsonl;rollout-2026-08-04T12-04-05-019fcb28-5502-7851-a2a2-04d6af5ebca0.jsonl;rollout-2026-08-04T12-06-35-019fcb2a-9ce7-77a0-883d-13f05394caa9.jsonl;rollout-2026-08-04T13-25-53-019fcb73-38aa-7dc1-a0e8-ba0bbda0b211.jsonl;rollout-2026-08-04T14-54-53-019fcbc4-b3f2-77f3-b7c1-a06a5366e820.jsonl;rollout-2026-08-04T15-01-41-019fcbca-eaed-74d1-bf45-177cdb3f3491.jsonl;rollout-2026-08-04T15-07-44-019fcbd0-75f1-73c3-a828-838aa341eb82.jsonl;rollout-2026-08-04T16-25-55-019fcc18-0915-78d0-ba2c-e6b7a07eb9f1.jsonl,resources\views\components\section-border.blade.php
resources\views\components\section-title.blade.php,True,12,12,rollout-2026-07-31T11-06-09-019fb659-d8c8-7971-aa5f-6125546bafd1.jsonl;rollout-2026-08-04T09-20-33-019fca92-996a-7fb0-beea-942596ee66ef.jsonl;rollout-2026-08-04T10-12-03-019fcac1-c2c1-7fa1-9025-75f407e5c17d.jsonl;rollout-2026-08-04T10-21-58-019fcaca-d45c-71e2-b106-bf99705f2352.jsonl;rollout-2026-08-04T10-34-18-019fcad6-1ecd-7850-99bb-3c6de4e50875.jsonl;rollout-2026-08-04T10-48-23-019fcae3-056d-75d1-92ad-eb777da35982.jsonl;rollout-2026-08-04T11-16-01-019fcafc-52a7-7192-8947-b6108df3e0a0.jsonl;rollout-2026-08-04T12-06-35-019fcb2a-9ce7-77a0-883d-13f05394caa9.jsonl;rollout-2026-08-04T13-25-53-019fcb73-38aa-7dc1-a0e8-ba0bbda0b211.jsonl;rollout-2026-08-04T14-54-53-019fcbc4-b3f2-77f3-b7c1-a06a5366e820.jsonl;rollout-2026-08-04T15-07-44-019fcbd0-75f1-73c3-a828-838aa341eb82.jsonl;rollout-2026-08-04T16-25-55-019fcc18-0915-78d0-ba2c-e6b7a07eb9f1.jsonl,resources\views\components\section-title.blade.php
resources\views\components\switchable-team.blade.php,True,21,48,rollout-2026-07-31T11-06-09-019fb659-d8c8-7971-aa5f-6125546bafd1.jsonl;rollout-2026-08-02T17-29-48-019fc205-cd55-7a50-950b-2f6a196b5dee.jsonl;rollout-2026-08-04T08-35-38-019fca69-7aad-7c81-a41b-21d9b9b7a3a6.jsonl;rollout-2026-08-04T09-20-33-019fca92-996a-7fb0-beea-942596ee66ef.jsonl;rollout-2026-08-04T10-12-03-019fcac1-c2c1-7fa1-9025-75f407e5c17d.jsonl;rollout-2026-08-04T10-15-17-019fcac4-b895-7d41-8678-b7e083a63a7c.jsonl;rollout-2026-08-04T10-19-37-019fcac8-aef6-7891-b93f-98ea184a621a.jsonl;rollout-2026-08-04T10-21-58-019fcaca-d45c-71e2-b106-bf99705f2352.jsonl;rollout-2026-08-04T10-34-18-019fcad6-1ecd-7850-99bb-3c6de4e50875.jsonl;rollout-2026-08-04T10-48-23-019fcae3-056d-75d1-92ad-eb777da35982.jsonl;rollout-2026-08-04T11-16-01-019fcafc-52a7-7192-8947-b6108df3e0a0.jsonl;rollout-2026-08-04T11-30-54-019fcb09-f095-73f0-a684-f990ae1268d9.jsonl;rollout-2026-08-04T12-04-05-019fcb28-5502-7851-a2a2-04d6af5ebca0.jsonl;rollout-2026-08-04T12-06-35-019fcb2a-9ce7-77a0-883d-13f05394caa9.jsonl;rollout-2026-08-04T13-25-53-019fcb73-38aa-7dc1-a0e8-ba0bbda0b211.jsonl;rollout-2026-08-04T13-46-54-019fcb86-7621-7113-8c34-e9e4bbbbcec9.jsonl;rollout-2026-08-04T14-54-53-019fcbc4-b3f2-77f3-b7c1-a06a5366e820.jsonl;rollout-2026-08-04T15-01-41-019fcbca-eaed-74d1-bf45-177cdb3f3491.jsonl;rollout-2026-08-04T15-07-44-019fcbd0-75f1-73c3-a828-838aa341eb82.jsonl;rollout-2026-08-04T16-25-55-019fcc18-0915-78d0-ba2c-e6b7a07eb9f1.jsonl;rollout-2026-08-04T20-47-31-019fcd07-8c5b-7af3-b9ec-87cb36d7a952.jsonl,resources\views\components\switchable-team.blade.php
resources\views\components\validation-errors.blade.php,True,21,48,rollout-2026-07-31T11-06-09-019fb659-d8c8-7971-aa5f-6125546bafd1.jsonl;rollout-2026-08-02T17-29-48-019fc205-cd55-7a50-950b-2f6a196b5dee.jsonl;rollout-2026-08-04T08-35-38-019fca69-7aad-7c81-a41b-21d9b9b7a3a6.jsonl;rollout-2026-08-04T09-20-33-019fca92-996a-7fb0-beea-942596ee66ef.jsonl;rollout-2026-08-04T10-12-03-019fcac1-c2c1-7fa1-9025-75f407e5c17d.jsonl;rollout-2026-08-04T10-15-17-019fcac4-b895-7d41-8678-b7e083a63a7c.jsonl;rollout-2026-08-04T10-19-37-019fcac8-aef6-7891-b93f-98ea184a621a.jsonl;rollout-2026-08-04T10-21-58-019fcaca-d45c-71e2-b106-bf99705f2352.jsonl;rollout-2026-08-04T10-34-18-019fcad6-1ecd-7850-99bb-3c6de4e50875.jsonl;rollout-2026-08-04T10-48-23-019fcae3-056d-75d1-92ad-eb777da35982.jsonl;rollout-2026-08-04T11-16-01-019fcafc-52a7-7192-8947-b6108df3e0a0.jsonl;rollout-2026-08-04T11-30-54-019fcb09-f095-73f0-a684-f990ae1268d9.jsonl;rollout-2026-08-04T12-04-05-019fcb28-5502-7851-a2a2-04d6af5ebca0.jsonl;rollout-2026-08-04T12-06-35-019fcb2a-9ce7-77a0-883d-13f05394caa9.jsonl;rollout-2026-08-04T13-25-53-019fcb73-38aa-7dc1-a0e8-ba0bbda0b211.jsonl;rollout-2026-08-04T13-46-54-019fcb86-7621-7113-8c34-e9e4bbbbcec9.jsonl;rollout-2026-08-04T14-54-53-019fcbc4-b3f2-77f3-b7c1-a06a5366e820.jsonl;rollout-2026-08-04T15-01-41-019fcbca-eaed-74d1-bf45-177cdb3f3491.jsonl;rollout-2026-08-04T15-07-44-019fcbd0-75f1-73c3-a828-838aa341eb82.jsonl;rollout-2026-08-04T16-25-55-019fcc18-0915-78d0-ba2c-e6b7a07eb9f1.jsonl;rollout-2026-08-04T20-47-31-019fcd07-8c5b-7af3-b9ec-87cb36d7a952.jsonl,resources\views\components\validation-errors.blade.php
resources\views\components\welcome.blade.php,True,21,61,rollout-2026-07-31T11-06-09-019fb659-d8c8-7971-aa5f-6125546bafd1.jsonl;rollout-2026-08-02T17-29-48-019fc205-cd55-7a50-950b-2f6a196b5dee.jsonl;rollout-2026-08-04T08-35-38-019fca69-7aad-7c81-a41b-21d9b9b7a3a6.jsonl;rollout-2026-08-04T09-20-33-019fca92-996a-7fb0-beea-942596ee66ef.jsonl;rollout-2026-08-04T10-12-03-019fcac1-c2c1-7fa1-9025-75f407e5c17d.jsonl;rollout-2026-08-04T10-15-17-019fcac4-b895-7d41-8678-b7e083a63a7c.jsonl;rollout-2026-08-04T10-19-37-019fcac8-aef6-7891-b93f-98ea184a621a.jsonl;rollout-2026-08-04T10-21-58-019fcaca-d45c-71e2-b106-bf99705f2352.jsonl;rollout-2026-08-04T10-34-18-019fcad6-1ecd-7850-99bb-3c6de4e50875.jsonl;rollout-2026-08-04T10-48-23-019fcae3-056d-75d1-92ad-eb777da35982.jsonl;rollout-2026-08-04T11-16-01-019fcafc-52a7-7192-8947-b6108df3e0a0.jsonl;rollout-2026-08-04T11-30-54-019fcb09-f095-73f0-a684-f990ae1268d9.jsonl;rollout-2026-08-04T12-04-05-019fcb28-5502-7851-a2a2-04d6af5ebca0.jsonl;rollout-2026-08-04T12-06-35-019fcb2a-9ce7-77a0-883d-13f05394caa9.jsonl;rollout-2026-08-04T13-25-53-019fcb73-38aa-7dc1-a0e8-ba0bbda0b211.jsonl;rollout-2026-08-04T13-46-54-019fcb86-7621-7113-8c34-e9e4bbbbcec9.jsonl;rollout-2026-08-04T14-54-53-019fcbc4-b3f2-77f3-b7c1-a06a5366e820.jsonl;rollout-2026-08-04T15-01-41-019fcbca-eaed-74d1-bf45-177cdb3f3491.jsonl;rollout-2026-08-04T15-07-44-019fcbd0-75f1-73c3-a828-838aa341eb82.jsonl;rollout-2026-08-04T16-25-55-019fcc18-0915-78d0-ba2c-e6b7a07eb9f1.jsonl;rollout-2026-08-04T20-47-31-019fcd07-8c5b-7af3-b9ec-87cb36d7a952.jsonl,resources\views\components\welcome.blade.php
resources\views\dashboard.blade.php,True,21,53,rollout-2026-07-31T11-06-09-019fb659-d8c8-7971-aa5f-6125546bafd1.jsonl;rollout-2026-08-02T17-29-48-019fc205-cd55-7a50-950b-2f6a196b5dee.jsonl;rollout-2026-08-04T08-35-38-019fca69-7aad-7c81-a41b-21d9b9b7a3a6.jsonl;rollout-2026-08-04T09-20-33-019fca92-996a-7fb0-beea-942596ee66ef.jsonl;rollout-2026-08-04T10-12-03-019fcac1-c2c1-7fa1-9025-75f407e5c17d.jsonl;rollout-2026-08-04T10-15-17-019fcac4-b895-7d41-8678-b7e083a63a7c.jsonl;rollout-2026-08-04T10-19-37-019fcac8-aef6-7891-b93f-98ea184a621a.jsonl;rollout-2026-08-04T10-21-58-019fcaca-d45c-71e2-b106-bf99705f2352.jsonl;rollout-2026-08-04T10-34-18-019fcad6-1ecd-7850-99bb-3c6de4e50875.jsonl;rollout-2026-08-04T10-48-23-019fcae3-056d-75d1-92ad-eb777da35982.jsonl;rollout-2026-08-04T11-16-01-019fcafc-52a7-7192-8947-b6108df3e0a0.jsonl;rollout-2026-08-04T11-30-54-019fcb09-f095-73f0-a684-f990ae1268d9.jsonl;rollout-2026-08-04T12-04-05-019fcb28-5502-7851-a2a2-04d6af5ebca0.jsonl;rollout-2026-08-04T12-06-35-019fcb2a-9ce7-77a0-883d-13f05394caa9.jsonl;rollout-2026-08-04T13-25-53-019fcb73-38aa-7dc1-a0e8-ba0bbda0b211.jsonl;rollout-2026-08-04T13-46-54-019fcb86-7621-7113-8c34-e9e4bbbbcec9.jsonl;rollout-2026-08-04T14-54-53-019fcbc4-b3f2-77f3-b7c1-a06a5366e820.jsonl;rollout-2026-08-04T15-01-41-019fcbca-eaed-74d1-bf45-177cdb3f3491.jsonl;rollout-2026-08-04T15-07-44-019fcbd0-75f1-73c3-a828-838aa341eb82.jsonl;rollout-2026-08-04T16-25-55-019fcc18-0915-78d0-ba2c-e6b7a07eb9f1.jsonl;rollout-2026-08-04T20-47-31-019fcd07-8c5b-7af3-b9ec-87cb36d7a952.jsonl,resources\views\dashboard.blade.php
resources\views\emails\team-invitation.blade.php,True,21,56,rollout-2026-07-31T11-06-09-019fb659-d8c8-7971-aa5f-6125546bafd1.jsonl;rollout-2026-08-02T17-29-48-019fc205-cd55-7a50-950b-2f6a196b5dee.jsonl;rollout-2026-08-04T08-35-38-019fca69-7aad-7c81-a41b-21d9b9b7a3a6.jsonl;rollout-2026-08-04T09-20-33-019fca92-996a-7fb0-beea-942596ee66ef.jsonl;rollout-2026-08-04T10-12-03-019fcac1-c2c1-7fa1-9025-75f407e5c17d.jsonl;rollout-2026-08-04T10-15-17-019fcac4-b895-7d41-8678-b7e083a63a7c.jsonl;rollout-2026-08-04T10-19-37-019fcac8-aef6-7891-b93f-98ea184a621a.jsonl;rollout-2026-08-04T10-21-58-019fcaca-d45c-71e2-b106-bf99705f2352.jsonl;rollout-2026-08-04T10-34-18-019fcad6-1ecd-7850-99bb-3c6de4e50875.jsonl;rollout-2026-08-04T10-48-23-019fcae3-056d-75d1-92ad-eb777da35982.jsonl;rollout-2026-08-04T11-16-01-019fcafc-52a7-7192-8947-b6108df3e0a0.jsonl;rollout-2026-08-04T11-30-54-019fcb09-f095-73f0-a684-f990ae1268d9.jsonl;rollout-2026-08-04T12-04-05-019fcb28-5502-7851-a2a2-04d6af5ebca0.jsonl;rollout-2026-08-04T12-06-35-019fcb2a-9ce7-77a0-883d-13f05394caa9.jsonl;rollout-2026-08-04T13-25-53-019fcb73-38aa-7dc1-a0e8-ba0bbda0b211.jsonl;rollout-2026-08-04T13-46-54-019fcb86-7621-7113-8c34-e9e4bbbbcec9.jsonl;rollout-2026-08-04T14-54-53-019fcbc4-b3f2-77f3-b7c1-a06a5366e820.jsonl;rollout-2026-08-04T15-01-41-019fcbca-eaed-74d1-bf45-177cdb3f3491.jsonl;rollout-2026-08-04T15-07-44-019fcbd0-75f1-73c3-a828-838aa341eb82.jsonl;rollout-2026-08-04T16-25-55-019fcc18-0915-78d0-ba2c-e6b7a07eb9f1.jsonl;rollout-2026-08-04T20-47-31-019fcd07-8c5b-7af3-b9ec-87cb36d7a952.jsonl,resources\views\emails\team-invitation.blade.php
resources\views\home.blade.php,True,22,147,rollout-2026-07-31T11-06-09-019fb659-d8c8-7971-aa5f-6125546bafd1.jsonl;rollout-2026-08-02T17-29-48-019fc205-cd55-7a50-950b-2f6a196b5dee.jsonl;rollout-2026-08-04T08-03-01-019fca4b-9f33-7ca2-beed-c0a735c6d12c.jsonl;rollout-2026-08-04T08-35-38-019fca69-7aad-7c81-a41b-21d9b9b7a3a6.jsonl;rollout-2026-08-04T09-20-33-019fca92-996a-7fb0-beea-942596ee66ef.jsonl;rollout-2026-08-04T10-12-03-019fcac1-c2c1-7fa1-9025-75f407e5c17d.jsonl;rollout-2026-08-04T10-15-17-019fcac4-b895-7d41-8678-b7e083a63a7c.jsonl;rollout-2026-08-04T10-19-37-019fcac8-aef6-7891-b93f-98ea184a621a.jsonl;rollout-2026-08-04T10-21-58-019fcaca-d45c-71e2-b106-bf99705f2352.jsonl;rollout-2026-08-04T10-34-18-019fcad6-1ecd-7850-99bb-3c6de4e50875.jsonl;rollout-2026-08-04T10-48-23-019fcae3-056d-75d1-92ad-eb777da35982.jsonl;rollout-2026-08-04T11-16-01-019fcafc-52a7-7192-8947-b6108df3e0a0.jsonl;rollout-2026-08-04T11-30-54-019fcb09-f095-73f0-a684-f990ae1268d9.jsonl;rollout-2026-08-04T12-04-05-019fcb28-5502-7851-a2a2-04d6af5ebca0.jsonl;rollout-2026-08-04T12-06-35-019fcb2a-9ce7-77a0-883d-13f05394caa9.jsonl;rollout-2026-08-04T13-25-53-019fcb73-38aa-7dc1-a0e8-ba0bbda0b211.jsonl;rollout-2026-08-04T13-46-54-019fcb86-7621-7113-8c34-e9e4bbbbcec9.jsonl;rollout-2026-08-04T14-54-53-019fcbc4-b3f2-77f3-b7c1-a06a5366e820.jsonl;rollout-2026-08-04T15-01-41-019fcbca-eaed-74d1-bf45-177cdb3f3491.jsonl;rollout-2026-08-04T15-07-44-019fcbd0-75f1-73c3-a828-838aa341eb82.jsonl;rollout-2026-08-04T16-25-55-019fcc18-0915-78d0-ba2c-e6b7a07eb9f1.jsonl;rollout-2026-08-04T20-47-31-019fcd07-8c5b-7af3-b9ec-87cb36d7a952.jsonl,resources\views\home.blade.php
resources\views\layouts\app.blade.php,True,23,337,rollout-2026-07-31T11-06-09-019fb659-d8c8-7971-aa5f-6125546bafd1.jsonl;rollout-2026-08-02T17-29-48-019fc205-cd55-7a50-950b-2f6a196b5dee.jsonl;rollout-2026-08-03T11-06-38-019fc5cd-5f39-7863-a5b2-93a372b3a4ab.jsonl;rollout-2026-08-04T08-03-01-019fca4b-9f33-7ca2-beed-c0a735c6d12c.jsonl;rollout-2026-08-04T08-35-38-019fca69-7aad-7c81-a41b-21d9b9b7a3a6.jsonl;rollout-2026-08-04T09-20-33-019fca92-996a-7fb0-beea-942596ee66ef.jsonl;rollout-2026-08-04T10-12-03-019fcac1-c2c1-7fa1-9025-75f407e5c17d.jsonl;rollout-2026-08-04T10-15-17-019fcac4-b895-7d41-8678-b7e083a63a7c.jsonl;rollout-2026-08-04T10-19-37-019fcac8-aef6-7891-b93f-98ea184a621a.jsonl;rollout-2026-08-04T10-21-58-019fcaca-d45c-71e2-b106-bf99705f2352.jsonl;rollout-2026-08-04T10-34-18-019fcad6-1ecd-7850-99bb-3c6de4e50875.jsonl;rollout-2026-08-04T10-48-23-019fcae3-056d-75d1-92ad-eb777da35982.jsonl;rollout-2026-08-04T11-16-01-019fcafc-52a7-7192-8947-b6108df3e0a0.jsonl;rollout-2026-08-04T11-30-54-019fcb09-f095-73f0-a684-f990ae1268d9.jsonl;rollout-2026-08-04T12-04-05-019fcb28-5502-7851-a2a2-04d6af5ebca0.jsonl;rollout-2026-08-04T12-06-35-019fcb2a-9ce7-77a0-883d-13f05394caa9.jsonl;rollout-2026-08-04T13-25-53-019fcb73-38aa-7dc1-a0e8-ba0bbda0b211.jsonl;rollout-2026-08-04T13-46-54-019fcb86-7621-7113-8c34-e9e4bbbbcec9.jsonl;rollout-2026-08-04T14-54-53-019fcbc4-b3f2-77f3-b7c1-a06a5366e820.jsonl;rollout-2026-08-04T15-01-41-019fcbca-eaed-74d1-bf45-177cdb3f3491.jsonl;rollout-2026-08-04T15-07-44-019fcbd0-75f1-73c3-a828-838aa341eb82.jsonl;rollout-2026-08-04T16-25-55-019fcc18-0915-78d0-ba2c-e6b7a07eb9f1.jsonl;rollout-2026-08-04T20-47-31-019fcd07-8c5b-7af3-b9ec-87cb36d7a952.jsonl,resources\views\layouts\app.blade.php
resources\views\layouts\guest.blade.php,True,14,17,rollout-2026-07-31T11-06-09-019fb659-d8c8-7971-aa5f-6125546bafd1.jsonl;rollout-2026-08-02T17-29-48-019fc205-cd55-7a50-950b-2f6a196b5dee.jsonl;rollout-2026-08-04T09-20-33-019fca92-996a-7fb0-beea-942596ee66ef.jsonl;rollout-2026-08-04T10-12-03-019fcac1-c2c1-7fa1-9025-75f407e5c17d.jsonl;rollout-2026-08-04T10-21-58-019fcaca-d45c-71e2-b106-bf99705f2352.jsonl;rollout-2026-08-04T10-34-18-019fcad6-1ecd-7850-99bb-3c6de4e50875.jsonl;rollout-2026-08-04T10-48-23-019fcae3-056d-75d1-92ad-eb777da35982.jsonl;rollout-2026-08-04T11-16-01-019fcafc-52a7-7192-8947-b6108df3e0a0.jsonl;rollout-2026-08-04T12-06-35-019fcb2a-9ce7-77a0-883d-13f05394caa9.jsonl;rollout-2026-08-04T13-25-53-019fcb73-38aa-7dc1-a0e8-ba0bbda0b211.jsonl;rollout-2026-08-04T14-54-53-019fcbc4-b3f2-77f3-b7c1-a06a5366e820.jsonl;rollout-2026-08-04T15-07-44-019fcbd0-75f1-73c3-a828-838aa341eb82.jsonl;rollout-2026-08-04T16-25-55-019fcc18-0915-78d0-ba2c-e6b7a07eb9f1.jsonl;rollout-2026-08-04T20-47-31-019fcd07-8c5b-7af3-b9ec-87cb36d7a952.jsonl,resources\views\layouts\guest.blade.php
resources\views\navigation-menu.blade.php,True,21,94,rollout-2026-07-31T11-06-09-019fb659-d8c8-7971-aa5f-6125546bafd1.jsonl;rollout-2026-08-02T17-29-48-019fc205-cd55-7a50-950b-2f6a196b5dee.jsonl;rollout-2026-08-04T08-35-38-019fca69-7aad-7c81-a41b-21d9b9b7a3a6.jsonl;rollout-2026-08-04T09-20-33-019fca92-996a-7fb0-beea-942596ee66ef.jsonl;rollout-2026-08-04T10-12-03-019fcac1-c2c1-7fa1-9025-75f407e5c17d.jsonl;rollout-2026-08-04T10-15-17-019fcac4-b895-7d41-8678-b7e083a63a7c.jsonl;rollout-2026-08-04T10-19-37-019fcac8-aef6-7891-b93f-98ea184a621a.jsonl;rollout-2026-08-04T10-21-58-019fcaca-d45c-71e2-b106-bf99705f2352.jsonl;rollout-2026-08-04T10-34-18-019fcad6-1ecd-7850-99bb-3c6de4e50875.jsonl;rollout-2026-08-04T10-48-23-019fcae3-056d-75d1-92ad-eb777da35982.jsonl;rollout-2026-08-04T11-16-01-019fcafc-52a7-7192-8947-b6108df3e0a0.jsonl;rollout-2026-08-04T11-30-54-019fcb09-f095-73f0-a684-f990ae1268d9.jsonl;rollout-2026-08-04T12-04-05-019fcb28-5502-7851-a2a2-04d6af5ebca0.jsonl;rollout-2026-08-04T12-06-35-019fcb2a-9ce7-77a0-883d-13f05394caa9.jsonl;rollout-2026-08-04T13-25-53-019fcb73-38aa-7dc1-a0e8-ba0bbda0b211.jsonl;rollout-2026-08-04T13-46-54-019fcb86-7621-7113-8c34-e9e4bbbbcec9.jsonl;rollout-2026-08-04T14-54-53-019fcbc4-b3f2-77f3-b7c1-a06a5366e820.jsonl;rollout-2026-08-04T15-01-41-019fcbca-eaed-74d1-bf45-177cdb3f3491.jsonl;rollout-2026-08-04T15-07-44-019fcbd0-75f1-73c3-a828-838aa341eb82.jsonl;rollout-2026-08-04T16-25-55-019fcc18-0915-78d0-ba2c-e6b7a07eb9f1.jsonl;rollout-2026-08-04T20-47-31-019fcd07-8c5b-7af3-b9ec-87cb36d7a952.jsonl,resources\views\navigation-menu.blade.php
resources\views\orders\cancel-confirmation.blade.php,True,13,55,rollout-2026-08-04T10-34-18-019fcad6-1ecd-7850-99bb-3c6de4e50875.jsonl;rollout-2026-08-04T10-48-23-019fcae3-056d-75d1-92ad-eb777da35982.jsonl;rollout-2026-08-04T11-16-01-019fcafc-52a7-7192-8947-b6108df3e0a0.jsonl;rollout-2026-08-04T11-30-54-019fcb09-f095-73f0-a684-f990ae1268d9.jsonl;rollout-2026-08-04T12-04-05-019fcb28-5502-7851-a2a2-04d6af5ebca0.jsonl;rollout-2026-08-04T12-06-35-019fcb2a-9ce7-77a0-883d-13f05394caa9.jsonl;rollout-2026-08-04T13-25-53-019fcb73-38aa-7dc1-a0e8-ba0bbda0b211.jsonl;rollout-2026-08-04T13-46-54-019fcb86-7621-7113-8c34-e9e4bbbbcec9.jsonl;rollout-2026-08-04T14-54-53-019fcbc4-b3f2-77f3-b7c1-a06a5366e820.jsonl;rollout-2026-08-04T15-01-41-019fcbca-eaed-74d1-bf45-177cdb3f3491.jsonl;rollout-2026-08-04T15-07-44-019fcbd0-75f1-73c3-a828-838aa341eb82.jsonl;rollout-2026-08-04T16-25-55-019fcc18-0915-78d0-ba2c-e6b7a07eb9f1.jsonl;rollout-2026-08-04T20-47-31-019fcd07-8c5b-7af3-b9ec-87cb36d7a952.jsonl,*** Add File: resources/views/orders/cancel-confirmation.blade.php
resources\views\orders\invoice.blade.php,False,2,2,rollout-2026-08-04T10-21-58-019fcaca-d45c-71e2-b106-bf99705f2352.jsonl;rollout-2026-08-04T20-47-31-019fcd07-8c5b-7af3-b9ec-87cb36d7a952.jsonl,*** Add File: resources/views/orders/invoice.blade.php
resources\views\pages\contact.blade.php,True,13,17,rollout-2026-07-31T11-06-09-019fb659-d8c8-7971-aa5f-6125546bafd1.jsonl;rollout-2026-08-04T08-35-38-019fca69-7aad-7c81-a41b-21d9b9b7a3a6.jsonl;rollout-2026-08-04T09-20-33-019fca92-996a-7fb0-beea-942596ee66ef.jsonl;rollout-2026-08-04T10-12-03-019fcac1-c2c1-7fa1-9025-75f407e5c17d.jsonl;rollout-2026-08-04T10-21-58-019fcaca-d45c-71e2-b106-bf99705f2352.jsonl;rollout-2026-08-04T10-34-18-019fcad6-1ecd-7850-99bb-3c6de4e50875.jsonl;rollout-2026-08-04T10-48-23-019fcae3-056d-75d1-92ad-eb777da35982.jsonl;rollout-2026-08-04T11-16-01-019fcafc-52a7-7192-8947-b6108df3e0a0.jsonl;rollout-2026-08-04T12-06-35-019fcb2a-9ce7-77a0-883d-13f05394caa9.jsonl;rollout-2026-08-04T13-25-53-019fcb73-38aa-7dc1-a0e8-ba0bbda0b211.jsonl;rollout-2026-08-04T14-54-53-019fcbc4-b3f2-77f3-b7c1-a06a5366e820.jsonl;rollout-2026-08-04T15-07-44-019fcbd0-75f1-73c3-a828-838aa341eb82.jsonl;rollout-2026-08-04T16-25-55-019fcc18-0915-78d0-ba2c-e6b7a07eb9f1.jsonl,resources\views\pages\contact.blade.php
resources\views\pages\support.blade.php,True,23,83,rollout-2026-07-31T11-06-09-019fb659-d8c8-7971-aa5f-6125546bafd1.jsonl;rollout-2026-08-02T17-29-48-019fc205-cd55-7a50-950b-2f6a196b5dee.jsonl;rollout-2026-08-03T11-06-38-019fc5cd-5f39-7863-a5b2-93a372b3a4ab.jsonl;rollout-2026-08-04T08-03-01-019fca4b-9f33-7ca2-beed-c0a735c6d12c.jsonl;rollout-2026-08-04T08-35-38-019fca69-7aad-7c81-a41b-21d9b9b7a3a6.jsonl;rollout-2026-08-04T09-20-33-019fca92-996a-7fb0-beea-942596ee66ef.jsonl;rollout-2026-08-04T10-12-03-019fcac1-c2c1-7fa1-9025-75f407e5c17d.jsonl;rollout-2026-08-04T10-15-17-019fcac4-b895-7d41-8678-b7e083a63a7c.jsonl;rollout-2026-08-04T10-19-37-019fcac8-aef6-7891-b93f-98ea184a621a.jsonl;rollout-2026-08-04T10-21-58-019fcaca-d45c-71e2-b106-bf99705f2352.jsonl;rollout-2026-08-04T10-34-18-019fcad6-1ecd-7850-99bb-3c6de4e50875.jsonl;rollout-2026-08-04T10-48-23-019fcae3-056d-75d1-92ad-eb777da35982.jsonl;rollout-2026-08-04T11-16-01-019fcafc-52a7-7192-8947-b6108df3e0a0.jsonl;rollout-2026-08-04T11-30-54-019fcb09-f095-73f0-a684-f990ae1268d9.jsonl;rollout-2026-08-04T12-04-05-019fcb28-5502-7851-a2a2-04d6af5ebca0.jsonl;rollout-2026-08-04T12-06-35-019fcb2a-9ce7-77a0-883d-13f05394caa9.jsonl;rollout-2026-08-04T13-25-53-019fcb73-38aa-7dc1-a0e8-ba0bbda0b211.jsonl;rollout-2026-08-04T13-46-54-019fcb86-7621-7113-8c34-e9e4bbbbcec9.jsonl;rollout-2026-08-04T14-54-53-019fcbc4-b3f2-77f3-b7c1-a06a5366e820.jsonl;rollout-2026-08-04T15-01-41-019fcbca-eaed-74d1-bf45-177cdb3f3491.jsonl;rollout-2026-08-04T15-07-44-019fcbd0-75f1-73c3-a828-838aa341eb82.jsonl;rollout-2026-08-04T16-25-55-019fcc18-0915-78d0-ba2c-e6b7a07eb9f1.jsonl;rollout-2026-08-04T20-47-31-019fcd07-8c5b-7af3-b9ec-87cb36d7a952.jsonl,resources\views\pages\support.blade.php
resources\views\partials\watch-product-card.blade.php,True,22,100,rollout-2026-07-31T11-06-09-019fb659-d8c8-7971-aa5f-6125546bafd1.jsonl;rollout-2026-08-02T17-29-48-019fc205-cd55-7a50-950b-2f6a196b5dee.jsonl;rollout-2026-08-04T08-03-01-019fca4b-9f33-7ca2-beed-c0a735c6d12c.jsonl;rollout-2026-08-04T08-35-38-019fca69-7aad-7c81-a41b-21d9b9b7a3a6.jsonl;rollout-2026-08-04T09-20-33-019fca92-996a-7fb0-beea-942596ee66ef.jsonl;rollout-2026-08-04T10-12-03-019fcac1-c2c1-7fa1-9025-75f407e5c17d.jsonl;rollout-2026-08-04T10-15-17-019fcac4-b895-7d41-8678-b7e083a63a7c.jsonl;rollout-2026-08-04T10-19-37-019fcac8-aef6-7891-b93f-98ea184a621a.jsonl;rollout-2026-08-04T10-21-58-019fcaca-d45c-71e2-b106-bf99705f2352.jsonl;rollout-2026-08-04T10-34-18-019fcad6-1ecd-7850-99bb-3c6de4e50875.jsonl;rollout-2026-08-04T10-48-23-019fcae3-056d-75d1-92ad-eb777da35982.jsonl;rollout-2026-08-04T11-16-01-019fcafc-52a7-7192-8947-b6108df3e0a0.jsonl;rollout-2026-08-04T11-30-54-019fcb09-f095-73f0-a684-f990ae1268d9.jsonl;rollout-2026-08-04T12-04-05-019fcb28-5502-7851-a2a2-04d6af5ebca0.jsonl;rollout-2026-08-04T12-06-35-019fcb2a-9ce7-77a0-883d-13f05394caa9.jsonl;rollout-2026-08-04T13-25-53-019fcb73-38aa-7dc1-a0e8-ba0bbda0b211.jsonl;rollout-2026-08-04T13-46-54-019fcb86-7621-7113-8c34-e9e4bbbbcec9.jsonl;rollout-2026-08-04T14-54-53-019fcbc4-b3f2-77f3-b7c1-a06a5366e820.jsonl;rollout-2026-08-04T15-01-41-019fcbca-eaed-74d1-bf45-177cdb3f3491.jsonl;rollout-2026-08-04T15-07-44-019fcbd0-75f1-73c3-a828-838aa341eb82.jsonl;rollout-2026-08-04T16-25-55-019fcc18-0915-78d0-ba2c-e6b7a07eb9f1.jsonl;rollout-2026-08-04T20-47-31-019fcd07-8c5b-7af3-b9ec-87cb36d7a952.jsonl,resources\views\partials\watch-product-card.blade.php
resources\views\policy.blade.php,True,13,19,rollout-2026-07-31T11-06-09-019fb659-d8c8-7971-aa5f-6125546bafd1.jsonl;rollout-2026-08-04T09-20-33-019fca92-996a-7fb0-beea-942596ee66ef.jsonl;rollout-2026-08-04T10-12-03-019fcac1-c2c1-7fa1-9025-75f407e5c17d.jsonl;rollout-2026-08-04T10-21-58-019fcaca-d45c-71e2-b106-bf99705f2352.jsonl;rollout-2026-08-04T10-34-18-019fcad6-1ecd-7850-99bb-3c6de4e50875.jsonl;rollout-2026-08-04T10-48-23-019fcae3-056d-75d1-92ad-eb777da35982.jsonl;rollout-2026-08-04T11-16-01-019fcafc-52a7-7192-8947-b6108df3e0a0.jsonl;rollout-2026-08-04T12-06-35-019fcb2a-9ce7-77a0-883d-13f05394caa9.jsonl;rollout-2026-08-04T13-25-53-019fcb73-38aa-7dc1-a0e8-ba0bbda0b211.jsonl;rollout-2026-08-04T14-54-53-019fcbc4-b3f2-77f3-b7c1-a06a5366e820.jsonl;rollout-2026-08-04T15-07-44-019fcbd0-75f1-73c3-a828-838aa341eb82.jsonl;rollout-2026-08-04T16-25-55-019fcc18-0915-78d0-ba2c-e6b7a07eb9f1.jsonl;rollout-2026-08-04T20-47-31-019fcd07-8c5b-7af3-b9ec-87cb36d7a952.jsonl,resources\views\policy.blade.php
resources\views\productdetail.blade.php,False,2,3,rollout-2026-07-31T11-06-09-019fb659-d8c8-7971-aa5f-6125546bafd1.jsonl;rollout-2026-08-04T20-47-31-019fcd07-8c5b-7af3-b9ec-87cb36d7a952.jsonl,"{""command"":""rg -n \""tryon-ai.js|@push\\('scripts'|script\"" resources/views/tryon-ai.blade.php resources/views/productdetail.blade.php resources/views/layouts -g \""*.blade.php\"""",""workdir"":""D:\\luanvancuoiky"",""timeout_ms"":10000}"
resources\views\products\index.blade.php,True,23,129,rollout-2026-07-31T11-06-09-019fb659-d8c8-7971-aa5f-6125546bafd1.jsonl;rollout-2026-08-02T17-29-48-019fc205-cd55-7a50-950b-2f6a196b5dee.jsonl;rollout-2026-08-03T11-06-38-019fc5cd-5f39-7863-a5b2-93a372b3a4ab.jsonl;rollout-2026-08-04T08-03-01-019fca4b-9f33-7ca2-beed-c0a735c6d12c.jsonl;rollout-2026-08-04T08-35-38-019fca69-7aad-7c81-a41b-21d9b9b7a3a6.jsonl;rollout-2026-08-04T09-20-33-019fca92-996a-7fb0-beea-942596ee66ef.jsonl;rollout-2026-08-04T10-12-03-019fcac1-c2c1-7fa1-9025-75f407e5c17d.jsonl;rollout-2026-08-04T10-15-17-019fcac4-b895-7d41-8678-b7e083a63a7c.jsonl;rollout-2026-08-04T10-19-37-019fcac8-aef6-7891-b93f-98ea184a621a.jsonl;rollout-2026-08-04T10-21-58-019fcaca-d45c-71e2-b106-bf99705f2352.jsonl;rollout-2026-08-04T10-34-18-019fcad6-1ecd-7850-99bb-3c6de4e50875.jsonl;rollout-2026-08-04T10-48-23-019fcae3-056d-75d1-92ad-eb777da35982.jsonl;rollout-2026-08-04T11-16-01-019fcafc-52a7-7192-8947-b6108df3e0a0.jsonl;rollout-2026-08-04T11-30-54-019fcb09-f095-73f0-a684-f990ae1268d9.jsonl;rollout-2026-08-04T12-04-05-019fcb28-5502-7851-a2a2-04d6af5ebca0.jsonl;rollout-2026-08-04T12-06-35-019fcb2a-9ce7-77a0-883d-13f05394caa9.jsonl;rollout-2026-08-04T13-25-53-019fcb73-38aa-7dc1-a0e8-ba0bbda0b211.jsonl;rollout-2026-08-04T13-46-54-019fcb86-7621-7113-8c34-e9e4bbbbcec9.jsonl;rollout-2026-08-04T14-54-53-019fcbc4-b3f2-77f3-b7c1-a06a5366e820.jsonl;rollout-2026-08-04T15-01-41-019fcbca-eaed-74d1-bf45-177cdb3f3491.jsonl;rollout-2026-08-04T15-07-44-019fcbd0-75f1-73c3-a828-838aa341eb82.jsonl;rollout-2026-08-04T16-25-55-019fcc18-0915-78d0-ba2c-e6b7a07eb9f1.jsonl;rollout-2026-08-04T20-47-31-019fcd07-8c5b-7af3-b9ec-87cb36d7a952.jsonl,resources\views\products\index.blade.php
resources\views\products\show.blade.php,True,23,495,rollout-2026-07-31T11-06-09-019fb659-d8c8-7971-aa5f-6125546bafd1.jsonl;rollout-2026-08-02T17-29-48-019fc205-cd55-7a50-950b-2f6a196b5dee.jsonl;rollout-2026-08-03T11-06-38-019fc5cd-5f39-7863-a5b2-93a372b3a4ab.jsonl;rollout-2026-08-04T08-03-01-019fca4b-9f33-7ca2-beed-c0a735c6d12c.jsonl;rollout-2026-08-04T08-35-38-019fca69-7aad-7c81-a41b-21d9b9b7a3a6.jsonl;rollout-2026-08-04T09-20-33-019fca92-996a-7fb0-beea-942596ee66ef.jsonl;rollout-2026-08-04T10-12-03-019fcac1-c2c1-7fa1-9025-75f407e5c17d.jsonl;rollout-2026-08-04T10-15-17-019fcac4-b895-7d41-8678-b7e083a63a7c.jsonl;rollout-2026-08-04T10-19-37-019fcac8-aef6-7891-b93f-98ea184a621a.jsonl;rollout-2026-08-04T10-21-58-019fcaca-d45c-71e2-b106-bf99705f2352.jsonl;rollout-2026-08-04T10-34-18-019fcad6-1ecd-7850-99bb-3c6de4e50875.jsonl;rollout-2026-08-04T10-48-23-019fcae3-056d-75d1-92ad-eb777da35982.jsonl;rollout-2026-08-04T11-16-01-019fcafc-52a7-7192-8947-b6108df3e0a0.jsonl;rollout-2026-08-04T11-30-54-019fcb09-f095-73f0-a684-f990ae1268d9.jsonl;rollout-2026-08-04T12-04-05-019fcb28-5502-7851-a2a2-04d6af5ebca0.jsonl;rollout-2026-08-04T12-06-35-019fcb2a-9ce7-77a0-883d-13f05394caa9.jsonl;rollout-2026-08-04T13-25-53-019fcb73-38aa-7dc1-a0e8-ba0bbda0b211.jsonl;rollout-2026-08-04T13-46-54-019fcb86-7621-7113-8c34-e9e4bbbbcec9.jsonl;rollout-2026-08-04T14-54-53-019fcbc4-b3f2-77f3-b7c1-a06a5366e820.jsonl;rollout-2026-08-04T15-01-41-019fcbca-eaed-74d1-bf45-177cdb3f3491.jsonl;rollout-2026-08-04T15-07-44-019fcbd0-75f1-73c3-a828-838aa341eb82.jsonl;rollout-2026-08-04T16-25-55-019fcc18-0915-78d0-ba2c-e6b7a07eb9f1.jsonl;rollout-2026-08-04T20-47-31-019fcd07-8c5b-7af3-b9ec-87cb36d7a952.jsonl,resources\views\products\show.blade.php
resources\views\profile\delete-user-form.blade.php,True,22,61,rollout-2026-07-31T11-06-09-019fb659-d8c8-7971-aa5f-6125546bafd1.jsonl;rollout-2026-08-02T17-29-48-019fc205-cd55-7a50-950b-2f6a196b5dee.jsonl;rollout-2026-08-03T11-06-38-019fc5cd-5f39-7863-a5b2-93a372b3a4ab.jsonl;rollout-2026-08-04T08-35-38-019fca69-7aad-7c81-a41b-21d9b9b7a3a6.jsonl;rollout-2026-08-04T09-20-33-019fca92-996a-7fb0-beea-942596ee66ef.jsonl;rollout-2026-08-04T10-12-03-019fcac1-c2c1-7fa1-9025-75f407e5c17d.jsonl;rollout-2026-08-04T10-15-17-019fcac4-b895-7d41-8678-b7e083a63a7c.jsonl;rollout-2026-08-04T10-19-37-019fcac8-aef6-7891-b93f-98ea184a621a.jsonl;rollout-2026-08-04T10-21-58-019fcaca-d45c-71e2-b106-bf99705f2352.jsonl;rollout-2026-08-04T10-34-18-019fcad6-1ecd-7850-99bb-3c6de4e50875.jsonl;rollout-2026-08-04T10-48-23-019fcae3-056d-75d1-92ad-eb777da35982.jsonl;rollout-2026-08-04T11-16-01-019fcafc-52a7-7192-8947-b6108df3e0a0.jsonl;rollout-2026-08-04T11-30-54-019fcb09-f095-73f0-a684-f990ae1268d9.jsonl;rollout-2026-08-04T12-04-05-019fcb28-5502-7851-a2a2-04d6af5ebca0.jsonl;rollout-2026-08-04T12-06-35-019fcb2a-9ce7-77a0-883d-13f05394caa9.jsonl;rollout-2026-08-04T13-25-53-019fcb73-38aa-7dc1-a0e8-ba0bbda0b211.jsonl;rollout-2026-08-04T13-46-54-019fcb86-7621-7113-8c34-e9e4bbbbcec9.jsonl;rollout-2026-08-04T14-54-53-019fcbc4-b3f2-77f3-b7c1-a06a5366e820.jsonl;rollout-2026-08-04T15-01-41-019fcbca-eaed-74d1-bf45-177cdb3f3491.jsonl;rollout-2026-08-04T15-07-44-019fcbd0-75f1-73c3-a828-838aa341eb82.jsonl;rollout-2026-08-04T16-25-55-019fcc18-0915-78d0-ba2c-e6b7a07eb9f1.jsonl;rollout-2026-08-04T20-47-31-019fcd07-8c5b-7af3-b9ec-87cb36d7a952.jsonl,resources\views\profile\delete-user-form.blade.php
resources\views\profile\logout-other-browser-sessions-form.blade.php,True,22,79,rollout-2026-07-31T11-06-09-019fb659-d8c8-7971-aa5f-6125546bafd1.jsonl;rollout-2026-08-02T17-29-48-019fc205-cd55-7a50-950b-2f6a196b5dee.jsonl;rollout-2026-08-03T11-06-38-019fc5cd-5f39-7863-a5b2-93a372b3a4ab.jsonl;rollout-2026-08-04T08-35-38-019fca69-7aad-7c81-a41b-21d9b9b7a3a6.jsonl;rollout-2026-08-04T09-20-33-019fca92-996a-7fb0-beea-942596ee66ef.jsonl;rollout-2026-08-04T10-12-03-019fcac1-c2c1-7fa1-9025-75f407e5c17d.jsonl;rollout-2026-08-04T10-15-17-019fcac4-b895-7d41-8678-b7e083a63a7c.jsonl;rollout-2026-08-04T10-19-37-019fcac8-aef6-7891-b93f-98ea184a621a.jsonl;rollout-2026-08-04T10-21-58-019fcaca-d45c-71e2-b106-bf99705f2352.jsonl;rollout-2026-08-04T10-34-18-019fcad6-1ecd-7850-99bb-3c6de4e50875.jsonl;rollout-2026-08-04T10-48-23-019fcae3-056d-75d1-92ad-eb777da35982.jsonl;rollout-2026-08-04T11-16-01-019fcafc-52a7-7192-8947-b6108df3e0a0.jsonl;rollout-2026-08-04T11-30-54-019fcb09-f095-73f0-a684-f990ae1268d9.jsonl;rollout-2026-08-04T12-04-05-019fcb28-5502-7851-a2a2-04d6af5ebca0.jsonl;rollout-2026-08-04T12-06-35-019fcb2a-9ce7-77a0-883d-13f05394caa9.jsonl;rollout-2026-08-04T13-25-53-019fcb73-38aa-7dc1-a0e8-ba0bbda0b211.jsonl;rollout-2026-08-04T13-46-54-019fcb86-7621-7113-8c34-e9e4bbbbcec9.jsonl;rollout-2026-08-04T14-54-53-019fcbc4-b3f2-77f3-b7c1-a06a5366e820.jsonl;rollout-2026-08-04T15-01-41-019fcbca-eaed-74d1-bf45-177cdb3f3491.jsonl;rollout-2026-08-04T15-07-44-019fcbd0-75f1-73c3-a828-838aa341eb82.jsonl;rollout-2026-08-04T16-25-55-019fcc18-0915-78d0-ba2c-e6b7a07eb9f1.jsonl;rollout-2026-08-04T20-47-31-019fcd07-8c5b-7af3-b9ec-87cb36d7a952.jsonl,resources\views\profile\logout-other-browser-sessions-form.blade.php
resources\views\profile\show.blade.php,True,21,58,rollout-2026-07-31T11-06-09-019fb659-d8c8-7971-aa5f-6125546bafd1.jsonl;rollout-2026-08-02T17-29-48-019fc205-cd55-7a50-950b-2f6a196b5dee.jsonl;rollout-2026-08-04T08-35-38-019fca69-7aad-7c81-a41b-21d9b9b7a3a6.jsonl;rollout-2026-08-04T09-20-33-019fca92-996a-7fb0-beea-942596ee66ef.jsonl;rollout-2026-08-04T10-12-03-019fcac1-c2c1-7fa1-9025-75f407e5c17d.jsonl;rollout-2026-08-04T10-15-17-019fcac4-b895-7d41-8678-b7e083a63a7c.jsonl;rollout-2026-08-04T10-19-37-019fcac8-aef6-7891-b93f-98ea184a621a.jsonl;rollout-2026-08-04T10-21-58-019fcaca-d45c-71e2-b106-bf99705f2352.jsonl;rollout-2026-08-04T10-34-18-019fcad6-1ecd-7850-99bb-3c6de4e50875.jsonl;rollout-2026-08-04T10-48-23-019fcae3-056d-75d1-92ad-eb777da35982.jsonl;rollout-2026-08-04T11-16-01-019fcafc-52a7-7192-8947-b6108df3e0a0.jsonl;rollout-2026-08-04T11-30-54-019fcb09-f095-73f0-a684-f990ae1268d9.jsonl;rollout-2026-08-04T12-04-05-019fcb28-5502-7851-a2a2-04d6af5ebca0.jsonl;rollout-2026-08-04T12-06-35-019fcb2a-9ce7-77a0-883d-13f05394caa9.jsonl;rollout-2026-08-04T13-25-53-019fcb73-38aa-7dc1-a0e8-ba0bbda0b211.jsonl;rollout-2026-08-04T13-46-54-019fcb86-7621-7113-8c34-e9e4bbbbcec9.jsonl;rollout-2026-08-04T14-54-53-019fcbc4-b3f2-77f3-b7c1-a06a5366e820.jsonl;rollout-2026-08-04T15-01-41-019fcbca-eaed-74d1-bf45-177cdb3f3491.jsonl;rollout-2026-08-04T15-07-44-019fcbd0-75f1-73c3-a828-838aa341eb82.jsonl;rollout-2026-08-04T16-25-55-019fcc18-0915-78d0-ba2c-e6b7a07eb9f1.jsonl;rollout-2026-08-04T20-47-31-019fcd07-8c5b-7af3-b9ec-87cb36d7a952.jsonl,resources\views\profile\show.blade.php
resources\views\profile\two-factor-authentication-form.blade.php,True,22,65,rollout-2026-07-31T11-06-09-019fb659-d8c8-7971-aa5f-6125546bafd1.jsonl;rollout-2026-08-02T17-29-48-019fc205-cd55-7a50-950b-2f6a196b5dee.jsonl;rollout-2026-08-03T11-06-38-019fc5cd-5f39-7863-a5b2-93a372b3a4ab.jsonl;rollout-2026-08-04T08-35-38-019fca69-7aad-7c81-a41b-21d9b9b7a3a6.jsonl;rollout-2026-08-04T09-20-33-019fca92-996a-7fb0-beea-942596ee66ef.jsonl;rollout-2026-08-04T10-12-03-019fcac1-c2c1-7fa1-9025-75f407e5c17d.jsonl;rollout-2026-08-04T10-15-17-019fcac4-b895-7d41-8678-b7e083a63a7c.jsonl;rollout-2026-08-04T10-19-37-019fcac8-aef6-7891-b93f-98ea184a621a.jsonl;rollout-2026-08-04T10-21-58-019fcaca-d45c-71e2-b106-bf99705f2352.jsonl;rollout-2026-08-04T10-34-18-019fcad6-1ecd-7850-99bb-3c6de4e50875.jsonl;rollout-2026-08-04T10-48-23-019fcae3-056d-75d1-92ad-eb777da35982.jsonl;rollout-2026-08-04T11-16-01-019fcafc-52a7-7192-8947-b6108df3e0a0.jsonl;rollout-2026-08-04T11-30-54-019fcb09-f095-73f0-a684-f990ae1268d9.jsonl;rollout-2026-08-04T12-04-05-019fcb28-5502-7851-a2a2-04d6af5ebca0.jsonl;rollout-2026-08-04T12-06-35-019fcb2a-9ce7-77a0-883d-13f05394caa9.jsonl;rollout-2026-08-04T13-25-53-019fcb73-38aa-7dc1-a0e8-ba0bbda0b211.jsonl;rollout-2026-08-04T13-46-54-019fcb86-7621-7113-8c34-e9e4bbbbcec9.jsonl;rollout-2026-08-04T14-54-53-019fcbc4-b3f2-77f3-b7c1-a06a5366e820.jsonl;rollout-2026-08-04T15-01-41-019fcbca-eaed-74d1-bf45-177cdb3f3491.jsonl;rollout-2026-08-04T15-07-44-019fcbd0-75f1-73c3-a828-838aa341eb82.jsonl;rollout-2026-08-04T16-25-55-019fcc18-0915-78d0-ba2c-e6b7a07eb9f1.jsonl;rollout-2026-08-04T20-47-31-019fcd07-8c5b-7af3-b9ec-87cb36d7a952.jsonl,resources\views\profile\two-factor-authentication-form.blade.php
resources\views\profile\update-password-form.blade.php,True,21,68,rollout-2026-07-31T11-06-09-019fb659-d8c8-7971-aa5f-6125546bafd1.jsonl;rollout-2026-08-02T17-29-48-019fc205-cd55-7a50-950b-2f6a196b5dee.jsonl;rollout-2026-08-04T08-35-38-019fca69-7aad-7c81-a41b-21d9b9b7a3a6.jsonl;rollout-2026-08-04T09-20-33-019fca92-996a-7fb0-beea-942596ee66ef.jsonl;rollout-2026-08-04T10-12-03-019fcac1-c2c1-7fa1-9025-75f407e5c17d.jsonl;rollout-2026-08-04T10-15-17-019fcac4-b895-7d41-8678-b7e083a63a7c.jsonl;rollout-2026-08-04T10-19-37-019fcac8-aef6-7891-b93f-98ea184a621a.jsonl;rollout-2026-08-04T10-21-58-019fcaca-d45c-71e2-b106-bf99705f2352.jsonl;rollout-2026-08-04T10-34-18-019fcad6-1ecd-7850-99bb-3c6de4e50875.jsonl;rollout-2026-08-04T10-48-23-019fcae3-056d-75d1-92ad-eb777da35982.jsonl;rollout-2026-08-04T11-16-01-019fcafc-52a7-7192-8947-b6108df3e0a0.jsonl;rollout-2026-08-04T11-30-54-019fcb09-f095-73f0-a684-f990ae1268d9.jsonl;rollout-2026-08-04T12-04-05-019fcb28-5502-7851-a2a2-04d6af5ebca0.jsonl;rollout-2026-08-04T12-06-35-019fcb2a-9ce7-77a0-883d-13f05394caa9.jsonl;rollout-2026-08-04T13-25-53-019fcb73-38aa-7dc1-a0e8-ba0bbda0b211.jsonl;rollout-2026-08-04T13-46-54-019fcb86-7621-7113-8c34-e9e4bbbbcec9.jsonl;rollout-2026-08-04T14-54-53-019fcbc4-b3f2-77f3-b7c1-a06a5366e820.jsonl;rollout-2026-08-04T15-01-41-019fcbca-eaed-74d1-bf45-177cdb3f3491.jsonl;rollout-2026-08-04T15-07-44-019fcbd0-75f1-73c3-a828-838aa341eb82.jsonl;rollout-2026-08-04T16-25-55-019fcc18-0915-78d0-ba2c-e6b7a07eb9f1.jsonl;rollout-2026-08-04T20-47-31-019fcd07-8c5b-7af3-b9ec-87cb36d7a952.jsonl,resources\views\profile\update-password-form.blade.php
resources\views\profile\update-profile-information-form.blade.php,True,21,58,rollout-2026-07-31T11-06-09-019fb659-d8c8-7971-aa5f-6125546bafd1.jsonl;rollout-2026-08-02T17-29-48-019fc205-cd55-7a50-950b-2f6a196b5dee.jsonl;rollout-2026-08-04T08-35-38-019fca69-7aad-7c81-a41b-21d9b9b7a3a6.jsonl;rollout-2026-08-04T09-20-33-019fca92-996a-7fb0-beea-942596ee66ef.jsonl;rollout-2026-08-04T10-12-03-019fcac1-c2c1-7fa1-9025-75f407e5c17d.jsonl;rollout-2026-08-04T10-15-17-019fcac4-b895-7d41-8678-b7e083a63a7c.jsonl;rollout-2026-08-04T10-19-37-019fcac8-aef6-7891-b93f-98ea184a621a.jsonl;rollout-2026-08-04T10-21-58-019fcaca-d45c-71e2-b106-bf99705f2352.jsonl;rollout-2026-08-04T10-34-18-019fcad6-1ecd-7850-99bb-3c6de4e50875.jsonl;rollout-2026-08-04T10-48-23-019fcae3-056d-75d1-92ad-eb777da35982.jsonl;rollout-2026-08-04T11-16-01-019fcafc-52a7-7192-8947-b6108df3e0a0.jsonl;rollout-2026-08-04T11-30-54-019fcb09-f095-73f0-a684-f990ae1268d9.jsonl;rollout-2026-08-04T12-04-05-019fcb28-5502-7851-a2a2-04d6af5ebca0.jsonl;rollout-2026-08-04T12-06-35-019fcb2a-9ce7-77a0-883d-13f05394caa9.jsonl;rollout-2026-08-04T13-25-53-019fcb73-38aa-7dc1-a0e8-ba0bbda0b211.jsonl;rollout-2026-08-04T13-46-54-019fcb86-7621-7113-8c34-e9e4bbbbcec9.jsonl;rollout-2026-08-04T14-54-53-019fcbc4-b3f2-77f3-b7c1-a06a5366e820.jsonl;rollout-2026-08-04T15-01-41-019fcbca-eaed-74d1-bf45-177cdb3f3491.jsonl;rollout-2026-08-04T15-07-44-019fcbd0-75f1-73c3-a828-838aa341eb82.jsonl;rollout-2026-08-04T16-25-55-019fcc18-0915-78d0-ba2c-e6b7a07eb9f1.jsonl;rollout-2026-08-04T20-47-31-019fcd07-8c5b-7af3-b9ec-87cb36d7a952.jsonl,resources\views\profile\update-profile-information-form.blade.php
resources\views\returns\create.blade.php,True,21,182,rollout-2026-07-31T11-06-09-019fb659-d8c8-7971-aa5f-6125546bafd1.jsonl;rollout-2026-08-02T17-29-48-019fc205-cd55-7a50-950b-2f6a196b5dee.jsonl;rollout-2026-08-04T08-35-38-019fca69-7aad-7c81-a41b-21d9b9b7a3a6.jsonl;rollout-2026-08-04T09-20-33-019fca92-996a-7fb0-beea-942596ee66ef.jsonl;rollout-2026-08-04T10-12-03-019fcac1-c2c1-7fa1-9025-75f407e5c17d.jsonl;rollout-2026-08-04T10-15-17-019fcac4-b895-7d41-8678-b7e083a63a7c.jsonl;rollout-2026-08-04T10-19-37-019fcac8-aef6-7891-b93f-98ea184a621a.jsonl;rollout-2026-08-04T10-21-58-019fcaca-d45c-71e2-b106-bf99705f2352.jsonl;rollout-2026-08-04T10-34-18-019fcad6-1ecd-7850-99bb-3c6de4e50875.jsonl;rollout-2026-08-04T10-48-23-019fcae3-056d-75d1-92ad-eb777da35982.jsonl;rollout-2026-08-04T11-16-01-019fcafc-52a7-7192-8947-b6108df3e0a0.jsonl;rollout-2026-08-04T11-30-54-019fcb09-f095-73f0-a684-f990ae1268d9.jsonl;rollout-2026-08-04T12-04-05-019fcb28-5502-7851-a2a2-04d6af5ebca0.jsonl;rollout-2026-08-04T12-06-35-019fcb2a-9ce7-77a0-883d-13f05394caa9.jsonl;rollout-2026-08-04T13-25-53-019fcb73-38aa-7dc1-a0e8-ba0bbda0b211.jsonl;rollout-2026-08-04T13-46-54-019fcb86-7621-7113-8c34-e9e4bbbbcec9.jsonl;rollout-2026-08-04T14-54-53-019fcbc4-b3f2-77f3-b7c1-a06a5366e820.jsonl;rollout-2026-08-04T15-01-41-019fcbca-eaed-74d1-bf45-177cdb3f3491.jsonl;rollout-2026-08-04T15-07-44-019fcbd0-75f1-73c3-a828-838aa341eb82.jsonl;rollout-2026-08-04T16-25-55-019fcc18-0915-78d0-ba2c-e6b7a07eb9f1.jsonl;rollout-2026-08-04T20-47-31-019fcd07-8c5b-7af3-b9ec-87cb36d7a952.jsonl,resources\views\returns\create.blade.php
resources\views\returns\index.blade.php,True,22,144,rollout-2026-07-31T11-06-09-019fb659-d8c8-7971-aa5f-6125546bafd1.jsonl;rollout-2026-08-02T17-29-48-019fc205-cd55-7a50-950b-2f6a196b5dee.jsonl;rollout-2026-08-03T11-06-38-019fc5cd-5f39-7863-a5b2-93a372b3a4ab.jsonl;rollout-2026-08-04T08-35-38-019fca69-7aad-7c81-a41b-21d9b9b7a3a6.jsonl;rollout-2026-08-04T09-20-33-019fca92-996a-7fb0-beea-942596ee66ef.jsonl;rollout-2026-08-04T10-12-03-019fcac1-c2c1-7fa1-9025-75f407e5c17d.jsonl;rollout-2026-08-04T10-15-17-019fcac4-b895-7d41-8678-b7e083a63a7c.jsonl;rollout-2026-08-04T10-19-37-019fcac8-aef6-7891-b93f-98ea184a621a.jsonl;rollout-2026-08-04T10-21-58-019fcaca-d45c-71e2-b106-bf99705f2352.jsonl;rollout-2026-08-04T10-34-18-019fcad6-1ecd-7850-99bb-3c6de4e50875.jsonl;rollout-2026-08-04T10-48-23-019fcae3-056d-75d1-92ad-eb777da35982.jsonl;rollout-2026-08-04T11-16-01-019fcafc-52a7-7192-8947-b6108df3e0a0.jsonl;rollout-2026-08-04T11-30-54-019fcb09-f095-73f0-a684-f990ae1268d9.jsonl;rollout-2026-08-04T12-04-05-019fcb28-5502-7851-a2a2-04d6af5ebca0.jsonl;rollout-2026-08-04T12-06-35-019fcb2a-9ce7-77a0-883d-13f05394caa9.jsonl;rollout-2026-08-04T13-25-53-019fcb73-38aa-7dc1-a0e8-ba0bbda0b211.jsonl;rollout-2026-08-04T13-46-54-019fcb86-7621-7113-8c34-e9e4bbbbcec9.jsonl;rollout-2026-08-04T14-54-53-019fcbc4-b3f2-77f3-b7c1-a06a5366e820.jsonl;rollout-2026-08-04T15-01-41-019fcbca-eaed-74d1-bf45-177cdb3f3491.jsonl;rollout-2026-08-04T15-07-44-019fcbd0-75f1-73c3-a828-838aa341eb82.jsonl;rollout-2026-08-04T16-25-55-019fcc18-0915-78d0-ba2c-e6b7a07eb9f1.jsonl;rollout-2026-08-04T20-47-31-019fcd07-8c5b-7af3-b9ec-87cb36d7a952.jsonl,resources\views\returns\index.blade.php
resources\views\returns\show.blade.php,True,22,232,rollout-2026-07-31T11-06-09-019fb659-d8c8-7971-aa5f-6125546bafd1.jsonl;rollout-2026-08-02T17-29-48-019fc205-cd55-7a50-950b-2f6a196b5dee.jsonl;rollout-2026-08-03T11-06-38-019fc5cd-5f39-7863-a5b2-93a372b3a4ab.jsonl;rollout-2026-08-04T08-35-38-019fca69-7aad-7c81-a41b-21d9b9b7a3a6.jsonl;rollout-2026-08-04T09-20-33-019fca92-996a-7fb0-beea-942596ee66ef.jsonl;rollout-2026-08-04T10-12-03-019fcac1-c2c1-7fa1-9025-75f407e5c17d.jsonl;rollout-2026-08-04T10-15-17-019fcac4-b895-7d41-8678-b7e083a63a7c.jsonl;rollout-2026-08-04T10-19-37-019fcac8-aef6-7891-b93f-98ea184a621a.jsonl;rollout-2026-08-04T10-21-58-019fcaca-d45c-71e2-b106-bf99705f2352.jsonl;rollout-2026-08-04T10-34-18-019fcad6-1ecd-7850-99bb-3c6de4e50875.jsonl;rollout-2026-08-04T10-48-23-019fcae3-056d-75d1-92ad-eb777da35982.jsonl;rollout-2026-08-04T11-16-01-019fcafc-52a7-7192-8947-b6108df3e0a0.jsonl;rollout-2026-08-04T11-30-54-019fcb09-f095-73f0-a684-f990ae1268d9.jsonl;rollout-2026-08-04T12-04-05-019fcb28-5502-7851-a2a2-04d6af5ebca0.jsonl;rollout-2026-08-04T12-06-35-019fcb2a-9ce7-77a0-883d-13f05394caa9.jsonl;rollout-2026-08-04T13-25-53-019fcb73-38aa-7dc1-a0e8-ba0bbda0b211.jsonl;rollout-2026-08-04T13-46-54-019fcb86-7621-7113-8c34-e9e4bbbbcec9.jsonl;rollout-2026-08-04T14-54-53-019fcbc4-b3f2-77f3-b7c1-a06a5366e820.jsonl;rollout-2026-08-04T15-01-41-019fcbca-eaed-74d1-bf45-177cdb3f3491.jsonl;rollout-2026-08-04T15-07-44-019fcbd0-75f1-73c3-a828-838aa341eb82.jsonl;rollout-2026-08-04T16-25-55-019fcc18-0915-78d0-ba2c-e6b7a07eb9f1.jsonl;rollout-2026-08-04T20-47-31-019fcd07-8c5b-7af3-b9ec-87cb36d7a952.jsonl,resources\views\returns\show.blade.php
resources\views\terms.blade.php,True,14,20,rollout-2026-07-31T11-06-09-019fb659-d8c8-7971-aa5f-6125546bafd1.jsonl;rollout-2026-08-02T17-29-48-019fc205-cd55-7a50-950b-2f6a196b5dee.jsonl;rollout-2026-08-04T09-20-33-019fca92-996a-7fb0-beea-942596ee66ef.jsonl;rollout-2026-08-04T10-12-03-019fcac1-c2c1-7fa1-9025-75f407e5c17d.jsonl;rollout-2026-08-04T10-21-58-019fcaca-d45c-71e2-b106-bf99705f2352.jsonl;rollout-2026-08-04T10-34-18-019fcad6-1ecd-7850-99bb-3c6de4e50875.jsonl;rollout-2026-08-04T10-48-23-019fcae3-056d-75d1-92ad-eb777da35982.jsonl;rollout-2026-08-04T11-16-01-019fcafc-52a7-7192-8947-b6108df3e0a0.jsonl;rollout-2026-08-04T12-06-35-019fcb2a-9ce7-77a0-883d-13f05394caa9.jsonl;rollout-2026-08-04T13-25-53-019fcb73-38aa-7dc1-a0e8-ba0bbda0b211.jsonl;rollout-2026-08-04T14-54-53-019fcbc4-b3f2-77f3-b7c1-a06a5366e820.jsonl;rollout-2026-08-04T15-07-44-019fcbd0-75f1-73c3-a828-838aa341eb82.jsonl;rollout-2026-08-04T16-25-55-019fcc18-0915-78d0-ba2c-e6b7a07eb9f1.jsonl;rollout-2026-08-04T20-47-31-019fcd07-8c5b-7af3-b9ec-87cb36d7a952.jsonl,resources\views\terms.blade.php
resources\views\tryon-ai.blade.php,True,22,339,rollout-2026-07-31T11-06-09-019fb659-d8c8-7971-aa5f-6125546bafd1.jsonl;rollout-2026-08-02T17-29-48-019fc205-cd55-7a50-950b-2f6a196b5dee.jsonl;rollout-2026-08-04T08-03-01-019fca4b-9f33-7ca2-beed-c0a735c6d12c.jsonl;rollout-2026-08-04T08-35-38-019fca69-7aad-7c81-a41b-21d9b9b7a3a6.jsonl;rollout-2026-08-04T09-20-33-019fca92-996a-7fb0-beea-942596ee66ef.jsonl;rollout-2026-08-04T10-12-03-019fcac1-c2c1-7fa1-9025-75f407e5c17d.jsonl;rollout-2026-08-04T10-15-17-019fcac4-b895-7d41-8678-b7e083a63a7c.jsonl;rollout-2026-08-04T10-19-37-019fcac8-aef6-7891-b93f-98ea184a621a.jsonl;rollout-2026-08-04T10-21-58-019fcaca-d45c-71e2-b106-bf99705f2352.jsonl;rollout-2026-08-04T10-34-18-019fcad6-1ecd-7850-99bb-3c6de4e50875.jsonl;rollout-2026-08-04T10-48-23-019fcae3-056d-75d1-92ad-eb777da35982.jsonl;rollout-2026-08-04T11-16-01-019fcafc-52a7-7192-8947-b6108df3e0a0.jsonl;rollout-2026-08-04T11-30-54-019fcb09-f095-73f0-a684-f990ae1268d9.jsonl;rollout-2026-08-04T12-04-05-019fcb28-5502-7851-a2a2-04d6af5ebca0.jsonl;rollout-2026-08-04T12-06-35-019fcb2a-9ce7-77a0-883d-13f05394caa9.jsonl;rollout-2026-08-04T13-25-53-019fcb73-38aa-7dc1-a0e8-ba0bbda0b211.jsonl;rollout-2026-08-04T13-46-54-019fcb86-7621-7113-8c34-e9e4bbbbcec9.jsonl;rollout-2026-08-04T14-54-53-019fcbc4-b3f2-77f3-b7c1-a06a5366e820.jsonl;rollout-2026-08-04T15-01-41-019fcbca-eaed-74d1-bf45-177cdb3f3491.jsonl;rollout-2026-08-04T15-07-44-019fcbd0-75f1-73c3-a828-838aa341eb82.jsonl;rollout-2026-08-04T16-25-55-019fcc18-0915-78d0-ba2c-e6b7a07eb9f1.jsonl;rollout-2026-08-04T20-47-31-019fcd07-8c5b-7af3-b9ec-87cb36d7a952.jsonl,resources\views\tryon-ai.blade.php
routes\admin.php,True,23,448,rollout-2026-07-31T11-06-09-019fb659-d8c8-7971-aa5f-6125546bafd1.jsonl;rollout-2026-08-02T17-29-48-019fc205-cd55-7a50-950b-2f6a196b5dee.jsonl;rollout-2026-08-03T11-06-38-019fc5cd-5f39-7863-a5b2-93a372b3a4ab.jsonl;rollout-2026-08-04T08-03-01-019fca4b-9f33-7ca2-beed-c0a735c6d12c.jsonl;rollout-2026-08-04T08-35-38-019fca69-7aad-7c81-a41b-21d9b9b7a3a6.jsonl;rollout-2026-08-04T09-20-33-019fca92-996a-7fb0-beea-942596ee66ef.jsonl;rollout-2026-08-04T10-12-03-019fcac1-c2c1-7fa1-9025-75f407e5c17d.jsonl;rollout-2026-08-04T10-15-17-019fcac4-b895-7d41-8678-b7e083a63a7c.jsonl;rollout-2026-08-04T10-19-37-019fcac8-aef6-7891-b93f-98ea184a621a.jsonl;rollout-2026-08-04T10-21-58-019fcaca-d45c-71e2-b106-bf99705f2352.jsonl;rollout-2026-08-04T10-34-18-019fcad6-1ecd-7850-99bb-3c6de4e50875.jsonl;rollout-2026-08-04T10-48-23-019fcae3-056d-75d1-92ad-eb777da35982.jsonl;rollout-2026-08-04T11-16-01-019fcafc-52a7-7192-8947-b6108df3e0a0.jsonl;rollout-2026-08-04T11-30-54-019fcb09-f095-73f0-a684-f990ae1268d9.jsonl;rollout-2026-08-04T12-04-05-019fcb28-5502-7851-a2a2-04d6af5ebca0.jsonl;rollout-2026-08-04T12-06-35-019fcb2a-9ce7-77a0-883d-13f05394caa9.jsonl;rollout-2026-08-04T13-25-53-019fcb73-38aa-7dc1-a0e8-ba0bbda0b211.jsonl;rollout-2026-08-04T13-46-54-019fcb86-7621-7113-8c34-e9e4bbbbcec9.jsonl;rollout-2026-08-04T14-54-53-019fcbc4-b3f2-77f3-b7c1-a06a5366e820.jsonl;rollout-2026-08-04T15-01-41-019fcbca-eaed-74d1-bf45-177cdb3f3491.jsonl;rollout-2026-08-04T15-07-44-019fcbd0-75f1-73c3-a828-838aa341eb82.jsonl;rollout-2026-08-04T16-25-55-019fcc18-0915-78d0-ba2c-e6b7a07eb9f1.jsonl;rollout-2026-08-04T20-47-31-019fcd07-8c5b-7af3-b9ec-87cb36d7a952.jsonl,routes\admin.php
routes\api.php,True,21,60,rollout-2026-07-31T11-06-09-019fb659-d8c8-7971-aa5f-6125546bafd1.jsonl;rollout-2026-08-03T11-06-38-019fc5cd-5f39-7863-a5b2-93a372b3a4ab.jsonl;rollout-2026-08-04T08-35-38-019fca69-7aad-7c81-a41b-21d9b9b7a3a6.jsonl;rollout-2026-08-04T09-20-33-019fca92-996a-7fb0-beea-942596ee66ef.jsonl;rollout-2026-08-04T10-12-03-019fcac1-c2c1-7fa1-9025-75f407e5c17d.jsonl;rollout-2026-08-04T10-15-17-019fcac4-b895-7d41-8678-b7e083a63a7c.jsonl;rollout-2026-08-04T10-19-37-019fcac8-aef6-7891-b93f-98ea184a621a.jsonl;rollout-2026-08-04T10-21-58-019fcaca-d45c-71e2-b106-bf99705f2352.jsonl;rollout-2026-08-04T10-34-18-019fcad6-1ecd-7850-99bb-3c6de4e50875.jsonl;rollout-2026-08-04T10-48-23-019fcae3-056d-75d1-92ad-eb777da35982.jsonl;rollout-2026-08-04T11-16-01-019fcafc-52a7-7192-8947-b6108df3e0a0.jsonl;rollout-2026-08-04T11-30-54-019fcb09-f095-73f0-a684-f990ae1268d9.jsonl;rollout-2026-08-04T12-04-05-019fcb28-5502-7851-a2a2-04d6af5ebca0.jsonl;rollout-2026-08-04T12-06-35-019fcb2a-9ce7-77a0-883d-13f05394caa9.jsonl;rollout-2026-08-04T13-25-53-019fcb73-38aa-7dc1-a0e8-ba0bbda0b211.jsonl;rollout-2026-08-04T13-46-54-019fcb86-7621-7113-8c34-e9e4bbbbcec9.jsonl;rollout-2026-08-04T14-54-53-019fcbc4-b3f2-77f3-b7c1-a06a5366e820.jsonl;rollout-2026-08-04T15-01-41-019fcbca-eaed-74d1-bf45-177cdb3f3491.jsonl;rollout-2026-08-04T15-07-44-019fcbd0-75f1-73c3-a828-838aa341eb82.jsonl;rollout-2026-08-04T16-25-55-019fcc18-0915-78d0-ba2c-e6b7a07eb9f1.jsonl;rollout-2026-08-04T20-47-31-019fcd07-8c5b-7af3-b9ec-87cb36d7a952.jsonl,routes\api.php
routes\console.php,True,21,48,rollout-2026-07-31T11-06-09-019fb659-d8c8-7971-aa5f-6125546bafd1.jsonl;rollout-2026-08-03T11-06-38-019fc5cd-5f39-7863-a5b2-93a372b3a4ab.jsonl;rollout-2026-08-04T08-35-38-019fca69-7aad-7c81-a41b-21d9b9b7a3a6.jsonl;rollout-2026-08-04T09-20-33-019fca92-996a-7fb0-beea-942596ee66ef.jsonl;rollout-2026-08-04T10-12-03-019fcac1-c2c1-7fa1-9025-75f407e5c17d.jsonl;rollout-2026-08-04T10-15-17-019fcac4-b895-7d41-8678-b7e083a63a7c.jsonl;rollout-2026-08-04T10-19-37-019fcac8-aef6-7891-b93f-98ea184a621a.jsonl;rollout-2026-08-04T10-21-58-019fcaca-d45c-71e2-b106-bf99705f2352.jsonl;rollout-2026-08-04T10-34-18-019fcad6-1ecd-7850-99bb-3c6de4e50875.jsonl;rollout-2026-08-04T10-48-23-019fcae3-056d-75d1-92ad-eb777da35982.jsonl;rollout-2026-08-04T11-16-01-019fcafc-52a7-7192-8947-b6108df3e0a0.jsonl;rollout-2026-08-04T11-30-54-019fcb09-f095-73f0-a684-f990ae1268d9.jsonl;rollout-2026-08-04T12-04-05-019fcb28-5502-7851-a2a2-04d6af5ebca0.jsonl;rollout-2026-08-04T12-06-35-019fcb2a-9ce7-77a0-883d-13f05394caa9.jsonl;rollout-2026-08-04T13-25-53-019fcb73-38aa-7dc1-a0e8-ba0bbda0b211.jsonl;rollout-2026-08-04T13-46-54-019fcb86-7621-7113-8c34-e9e4bbbbcec9.jsonl;rollout-2026-08-04T14-54-53-019fcbc4-b3f2-77f3-b7c1-a06a5366e820.jsonl;rollout-2026-08-04T15-01-41-019fcbca-eaed-74d1-bf45-177cdb3f3491.jsonl;rollout-2026-08-04T15-07-44-019fcbd0-75f1-73c3-a828-838aa341eb82.jsonl;rollout-2026-08-04T16-25-55-019fcc18-0915-78d0-ba2c-e6b7a07eb9f1.jsonl;rollout-2026-08-04T20-47-31-019fcd07-8c5b-7af3-b9ec-87cb36d7a952.jsonl,routes\console.php
routes\web.php,True,23,681,rollout-2026-07-31T11-06-09-019fb659-d8c8-7971-aa5f-6125546bafd1.jsonl;rollout-2026-08-02T17-29-48-019fc205-cd55-7a50-950b-2f6a196b5dee.jsonl;rollout-2026-08-03T11-06-38-019fc5cd-5f39-7863-a5b2-93a372b3a4ab.jsonl;rollout-2026-08-04T08-03-01-019fca4b-9f33-7ca2-beed-c0a735c6d12c.jsonl;rollout-2026-08-04T08-35-38-019fca69-7aad-7c81-a41b-21d9b9b7a3a6.jsonl;rollout-2026-08-04T09-20-33-019fca92-996a-7fb0-beea-942596ee66ef.jsonl;rollout-2026-08-04T10-12-03-019fcac1-c2c1-7fa1-9025-75f407e5c17d.jsonl;rollout-2026-08-04T10-15-17-019fcac4-b895-7d41-8678-b7e083a63a7c.jsonl;rollout-2026-08-04T10-19-37-019fcac8-aef6-7891-b93f-98ea184a621a.jsonl;rollout-2026-08-04T10-21-58-019fcaca-d45c-71e2-b106-bf99705f2352.jsonl;rollout-2026-08-04T10-34-18-019fcad6-1ecd-7850-99bb-3c6de4e50875.jsonl;rollout-2026-08-04T10-48-23-019fcae3-056d-75d1-92ad-eb777da35982.jsonl;rollout-2026-08-04T11-16-01-019fcafc-52a7-7192-8947-b6108df3e0a0.jsonl;rollout-2026-08-04T11-30-54-019fcb09-f095-73f0-a684-f990ae1268d9.jsonl;rollout-2026-08-04T12-04-05-019fcb28-5502-7851-a2a2-04d6af5ebca0.jsonl;rollout-2026-08-04T12-06-35-019fcb2a-9ce7-77a0-883d-13f05394caa9.jsonl;rollout-2026-08-04T13-25-53-019fcb73-38aa-7dc1-a0e8-ba0bbda0b211.jsonl;rollout-2026-08-04T13-46-54-019fcb86-7621-7113-8c34-e9e4bbbbcec9.jsonl;rollout-2026-08-04T14-54-53-019fcbc4-b3f2-77f3-b7c1-a06a5366e820.jsonl;rollout-2026-08-04T15-01-41-019fcbca-eaed-74d1-bf45-177cdb3f3491.jsonl;rollout-2026-08-04T15-07-44-019fcbd0-75f1-73c3-a828-838aa341eb82.jsonl;rollout-2026-08-04T16-25-55-019fcc18-0915-78d0-ba2c-e6b7a07eb9f1.jsonl;rollout-2026-08-04T20-47-31-019fcd07-8c5b-7af3-b9ec-87cb36d7a952.jsonl,routes\web.php
storage\app\backups\luanvan_ban_mat_kinh_before_cleanup_20260711_120224.sql,False,1,7,rollout-2026-07-31T11-06-09-019fb659-d8c8-7971-aa5f-6125546bafd1.jsonl,D:\luanvancuoiky\storage\app\backups\luanvan_ban_mat_kinh_before_cleanup_20260711_120224.sql 303325 7/11/2026 12:02:...
storage\app\backups\luanvan_ban_mat_kinh_before_drop_framework_unused_20260711_121139.sql,False,1,5,rollout-2026-07-31T11-06-09-019fb659-d8c8-7971-aa5f-6125546bafd1.jsonl,D:\luanvancuoiky\storage\app\backups\luanvan_ban_mat_kinh_before_drop_framework_unused_20260711_121139.sql:1133: CREATE TABLE `roles` (
storage\app\backups\luanvan_ban_mat_kinh_before_drop_suppliers_20260711_120758.sql,False,1,5,rollout-2026-07-31T11-06-09-019fb659-d8c8-7971-aa5f-6125546bafd1.jsonl,D:\luanvancuoiky\storage\app\backups\luanvan_ban_mat_kinh_before_drop_suppliers_20260711_120758.sql:1136: CREATE TABLE `roles` (
storage\app\backups\railway-deploy-20260713-163609.sql,False,1,1,rollout-2026-07-31T11-06-09-019fb659-d8c8-7971-aa5f-6125546bafd1.jsonl,D:\luanvancuoiky\storage\app\backups\railway-deploy-20260713-163609.sql                           0 7/13/2026 16:36:...
storage\app\backups\railway-deploy-20260713-163714.sql,False,1,6,rollout-2026-07-31T11-06-09-019fb659-d8c8-7971-aa5f-6125546bafd1.jsonl,D:\luanvancuoiky\storage\app\backups\railway-deploy-20260713-163714.sql                      266126 7/13/2026 16:37:...
storage\app\codex-screens\admin-banner.png,False,1,2,rollout-2026-08-04T20-47-31-019fcd07-8c5b-7af3-b9ec-87cb36d7a952.jsonl,"¯                                            ¼+‚þ%history.entries[{""editor"":{""resource"":""file:///d%3A/luanvancuoiky/public/upload/logo/logo-kinh.png"",""options"":{""override"":""imagePreview.previewEditor""}}},{""editor"":{""resource"":""file:///d%3A/luanvancuoiky/reso"
storage\app\codex-screens\admin-customers-pagination-fixed-full.png,False,1,2,rollout-2026-08-04T20-47-31-019fcd07-8c5b-7af3-b9ec-87cb36d7a952.jsonl,"¯                                            ¼+‚þ%history.entries[{""editor"":{""resource"":""file:///d%3A/luanvancuoiky/public/upload/logo/logo-kinh.png"",""options"":{""override"":""imagePreview.previewEditor""}}},{""editor"":{""resource"":""file:///d%3A/luanvancuoiky/reso"
storage\app\codex-screens\admin-full-menu.png,False,1,2,rollout-2026-08-04T20-47-31-019fcd07-8c5b-7af3-b9ec-87cb36d7a952.jsonl,"¯                                            ¼+‚þ%history.entries[{""editor"":{""resource"":""file:///d%3A/luanvancuoiky/public/upload/logo/logo-kinh.png"",""options"":{""override"":""imagePreview.previewEditor""}}},{""editor"":{""resource"":""file:///d%3A/luanvancuoiky/reso"
storage\app\codex-screens\admin-orders.png,False,1,2,rollout-2026-08-04T20-47-31-019fcd07-8c5b-7af3-b9ec-87cb36d7a952.jsonl,"¯                                            ¼+‚þ%history.entries[{""editor"":{""resource"":""file:///d%3A/luanvancuoiky/public/upload/logo/logo-kinh.png"",""options"":{""override"":""imagePreview.previewEditor""}}},{""editor"":{""resource"":""file:///d%3A/luanvancuoiky/reso"
storage\app\public\tryons\2026\08\7c67041b-539c-45b7-9c70-84ea4bec37d5.jpg,False,1,2,rollout-2026-08-04T20-47-31-019fcd07-8c5b-7af3-b9ec-87cb36d7a952.jsonl,"¯                                            ¼+‚þ%history.entries[{""editor"":{""resource"":""file:///d%3A/luanvancuoiky/public/upload/logo/logo-kinh.png"",""options"":{""override"":""imagePreview.previewEditor""}}},{""editor"":{""resource"":""file:///d%3A/luanvancuoiky/reso"
storage\app\public\tryons\2026\08\8b72bde7-0032-4016-8d8e-e222a85430e6.jpg,False,1,2,rollout-2026-08-04T20-47-31-019fcd07-8c5b-7af3-b9ec-87cb36d7a952.jsonl,"¯                                            ¼+‚þ%history.entries[{""editor"":{""resource"":""file:///d%3A/luanvancuoiky/public/upload/logo/logo-kinh.png"",""options"":{""override"":""imagePreview.previewEditor""}}},{""editor"":{""resource"":""file:///d%3A/luanvancuoiky/reso"
storage\app\public\tryons\2026\08\b69971d8-1444-4f3d-af8b-7a52170246ea.jpg,False,1,2,rollout-2026-08-04T20-47-31-019fcd07-8c5b-7af3-b9ec-87cb36d7a952.jsonl,"¯                                            ¼+‚þ%history.entries[{""editor"":{""resource"":""file:///d%3A/luanvancuoiky/public/upload/logo/logo-kinh.png"",""options"":{""override"":""imagePreview.previewEditor""}}},{""editor"":{""resource"":""file:///d%3A/luanvancuoiky/reso"
tests\Feature\ApiTokenPermissionsTest.php,True,14,14,rollout-2026-07-31T11-06-09-019fb659-d8c8-7971-aa5f-6125546bafd1.jsonl;rollout-2026-08-02T17-29-48-019fc205-cd55-7a50-950b-2f6a196b5dee.jsonl;rollout-2026-08-04T09-20-33-019fca92-996a-7fb0-beea-942596ee66ef.jsonl;rollout-2026-08-04T10-12-03-019fcac1-c2c1-7fa1-9025-75f407e5c17d.jsonl;rollout-2026-08-04T10-15-17-019fcac4-b895-7d41-8678-b7e083a63a7c.jsonl;rollout-2026-08-04T10-21-58-019fcaca-d45c-71e2-b106-bf99705f2352.jsonl;rollout-2026-08-04T10-34-18-019fcad6-1ecd-7850-99bb-3c6de4e50875.jsonl;rollout-2026-08-04T10-48-23-019fcae3-056d-75d1-92ad-eb777da35982.jsonl;rollout-2026-08-04T11-16-01-019fcafc-52a7-7192-8947-b6108df3e0a0.jsonl;rollout-2026-08-04T12-06-35-019fcb2a-9ce7-77a0-883d-13f05394caa9.jsonl;rollout-2026-08-04T13-25-53-019fcb73-38aa-7dc1-a0e8-ba0bbda0b211.jsonl;rollout-2026-08-04T13-46-54-019fcb86-7621-7113-8c34-e9e4bbbbcec9.jsonl;rollout-2026-08-04T14-54-53-019fcbc4-b3f2-77f3-b7c1-a06a5366e820.jsonl;rollout-2026-08-04T16-25-55-019fcc18-0915-78d0-ba2c-e6b7a07eb9f1.jsonl,tests\Feature\ApiTokenPermissionsTest.php
tests\Feature\AuthenticationTest.php,True,15,16,rollout-2026-07-31T11-06-09-019fb659-d8c8-7971-aa5f-6125546bafd1.jsonl;rollout-2026-08-02T17-29-48-019fc205-cd55-7a50-950b-2f6a196b5dee.jsonl;rollout-2026-08-04T09-20-33-019fca92-996a-7fb0-beea-942596ee66ef.jsonl;rollout-2026-08-04T10-12-03-019fcac1-c2c1-7fa1-9025-75f407e5c17d.jsonl;rollout-2026-08-04T10-15-17-019fcac4-b895-7d41-8678-b7e083a63a7c.jsonl;rollout-2026-08-04T10-21-58-019fcaca-d45c-71e2-b106-bf99705f2352.jsonl;rollout-2026-08-04T10-34-18-019fcad6-1ecd-7850-99bb-3c6de4e50875.jsonl;rollout-2026-08-04T10-48-23-019fcae3-056d-75d1-92ad-eb777da35982.jsonl;rollout-2026-08-04T11-16-01-019fcafc-52a7-7192-8947-b6108df3e0a0.jsonl;rollout-2026-08-04T12-06-35-019fcb2a-9ce7-77a0-883d-13f05394caa9.jsonl;rollout-2026-08-04T13-25-53-019fcb73-38aa-7dc1-a0e8-ba0bbda0b211.jsonl;rollout-2026-08-04T13-46-54-019fcb86-7621-7113-8c34-e9e4bbbbcec9.jsonl;rollout-2026-08-04T14-54-53-019fcbc4-b3f2-77f3-b7c1-a06a5366e820.jsonl;rollout-2026-08-04T15-07-44-019fcbd0-75f1-73c3-a828-838aa341eb82.jsonl;rollout-2026-08-04T16-25-55-019fcc18-0915-78d0-ba2c-e6b7a07eb9f1.jsonl,tests\Feature\AuthenticationTest.php
tests\Feature\BrowserSessionsTest.php,True,15,19,rollout-2026-07-31T11-06-09-019fb659-d8c8-7971-aa5f-6125546bafd1.jsonl;rollout-2026-08-02T17-29-48-019fc205-cd55-7a50-950b-2f6a196b5dee.jsonl;rollout-2026-08-04T09-20-33-019fca92-996a-7fb0-beea-942596ee66ef.jsonl;rollout-2026-08-04T10-12-03-019fcac1-c2c1-7fa1-9025-75f407e5c17d.jsonl;rollout-2026-08-04T10-15-17-019fcac4-b895-7d41-8678-b7e083a63a7c.jsonl;rollout-2026-08-04T10-21-58-019fcaca-d45c-71e2-b106-bf99705f2352.jsonl;rollout-2026-08-04T10-34-18-019fcad6-1ecd-7850-99bb-3c6de4e50875.jsonl;rollout-2026-08-04T10-48-23-019fcae3-056d-75d1-92ad-eb777da35982.jsonl;rollout-2026-08-04T11-16-01-019fcafc-52a7-7192-8947-b6108df3e0a0.jsonl;rollout-2026-08-04T12-06-35-019fcb2a-9ce7-77a0-883d-13f05394caa9.jsonl;rollout-2026-08-04T13-25-53-019fcb73-38aa-7dc1-a0e8-ba0bbda0b211.jsonl;rollout-2026-08-04T13-46-54-019fcb86-7621-7113-8c34-e9e4bbbbcec9.jsonl;rollout-2026-08-04T14-54-53-019fcbc4-b3f2-77f3-b7c1-a06a5366e820.jsonl;rollout-2026-08-04T16-25-55-019fcc18-0915-78d0-ba2c-e6b7a07eb9f1.jsonl;rollout-2026-08-04T20-47-31-019fcd07-8c5b-7af3-b9ec-87cb36d7a952.jsonl,tests\Feature\BrowserSessionsTest.php
tests\Feature\CreateApiTokenTest.php,True,14,14,rollout-2026-07-31T11-06-09-019fb659-d8c8-7971-aa5f-6125546bafd1.jsonl;rollout-2026-08-02T17-29-48-019fc205-cd55-7a50-950b-2f6a196b5dee.jsonl;rollout-2026-08-04T09-20-33-019fca92-996a-7fb0-beea-942596ee66ef.jsonl;rollout-2026-08-04T10-12-03-019fcac1-c2c1-7fa1-9025-75f407e5c17d.jsonl;rollout-2026-08-04T10-15-17-019fcac4-b895-7d41-8678-b7e083a63a7c.jsonl;rollout-2026-08-04T10-21-58-019fcaca-d45c-71e2-b106-bf99705f2352.jsonl;rollout-2026-08-04T10-34-18-019fcad6-1ecd-7850-99bb-3c6de4e50875.jsonl;rollout-2026-08-04T10-48-23-019fcae3-056d-75d1-92ad-eb777da35982.jsonl;rollout-2026-08-04T11-16-01-019fcafc-52a7-7192-8947-b6108df3e0a0.jsonl;rollout-2026-08-04T12-06-35-019fcb2a-9ce7-77a0-883d-13f05394caa9.jsonl;rollout-2026-08-04T13-25-53-019fcb73-38aa-7dc1-a0e8-ba0bbda0b211.jsonl;rollout-2026-08-04T13-46-54-019fcb86-7621-7113-8c34-e9e4bbbbcec9.jsonl;rollout-2026-08-04T14-54-53-019fcbc4-b3f2-77f3-b7c1-a06a5366e820.jsonl;rollout-2026-08-04T16-25-55-019fcc18-0915-78d0-ba2c-e6b7a07eb9f1.jsonl,tests\Feature\CreateApiTokenTest.php
tests\Feature\DeleteAccountTest.php,True,14,14,rollout-2026-07-31T11-06-09-019fb659-d8c8-7971-aa5f-6125546bafd1.jsonl;rollout-2026-08-02T17-29-48-019fc205-cd55-7a50-950b-2f6a196b5dee.jsonl;rollout-2026-08-04T09-20-33-019fca92-996a-7fb0-beea-942596ee66ef.jsonl;rollout-2026-08-04T10-12-03-019fcac1-c2c1-7fa1-9025-75f407e5c17d.jsonl;rollout-2026-08-04T10-15-17-019fcac4-b895-7d41-8678-b7e083a63a7c.jsonl;rollout-2026-08-04T10-21-58-019fcaca-d45c-71e2-b106-bf99705f2352.jsonl;rollout-2026-08-04T10-34-18-019fcad6-1ecd-7850-99bb-3c6de4e50875.jsonl;rollout-2026-08-04T10-48-23-019fcae3-056d-75d1-92ad-eb777da35982.jsonl;rollout-2026-08-04T11-16-01-019fcafc-52a7-7192-8947-b6108df3e0a0.jsonl;rollout-2026-08-04T12-06-35-019fcb2a-9ce7-77a0-883d-13f05394caa9.jsonl;rollout-2026-08-04T13-25-53-019fcb73-38aa-7dc1-a0e8-ba0bbda0b211.jsonl;rollout-2026-08-04T13-46-54-019fcb86-7621-7113-8c34-e9e4bbbbcec9.jsonl;rollout-2026-08-04T14-54-53-019fcbc4-b3f2-77f3-b7c1-a06a5366e820.jsonl;rollout-2026-08-04T16-25-55-019fcc18-0915-78d0-ba2c-e6b7a07eb9f1.jsonl,tests\Feature\DeleteAccountTest.php
tests\Feature\DeleteApiTokenTest.php,True,14,14,rollout-2026-07-31T11-06-09-019fb659-d8c8-7971-aa5f-6125546bafd1.jsonl;rollout-2026-08-02T17-29-48-019fc205-cd55-7a50-950b-2f6a196b5dee.jsonl;rollout-2026-08-04T09-20-33-019fca92-996a-7fb0-beea-942596ee66ef.jsonl;rollout-2026-08-04T10-12-03-019fcac1-c2c1-7fa1-9025-75f407e5c17d.jsonl;rollout-2026-08-04T10-15-17-019fcac4-b895-7d41-8678-b7e083a63a7c.jsonl;rollout-2026-08-04T10-21-58-019fcaca-d45c-71e2-b106-bf99705f2352.jsonl;rollout-2026-08-04T10-34-18-019fcad6-1ecd-7850-99bb-3c6de4e50875.jsonl;rollout-2026-08-04T10-48-23-019fcae3-056d-75d1-92ad-eb777da35982.jsonl;rollout-2026-08-04T11-16-01-019fcafc-52a7-7192-8947-b6108df3e0a0.jsonl;rollout-2026-08-04T12-06-35-019fcb2a-9ce7-77a0-883d-13f05394caa9.jsonl;rollout-2026-08-04T13-25-53-019fcb73-38aa-7dc1-a0e8-ba0bbda0b211.jsonl;rollout-2026-08-04T13-46-54-019fcb86-7621-7113-8c34-e9e4bbbbcec9.jsonl;rollout-2026-08-04T14-54-53-019fcbc4-b3f2-77f3-b7c1-a06a5366e820.jsonl;rollout-2026-08-04T16-25-55-019fcc18-0915-78d0-ba2c-e6b7a07eb9f1.jsonl,tests\Feature\DeleteApiTokenTest.php
tests\Feature\EmailVerificationTest.php,True,15,24,rollout-2026-07-31T11-06-09-019fb659-d8c8-7971-aa5f-6125546bafd1.jsonl;rollout-2026-08-02T17-29-48-019fc205-cd55-7a50-950b-2f6a196b5dee.jsonl;rollout-2026-08-04T09-20-33-019fca92-996a-7fb0-beea-942596ee66ef.jsonl;rollout-2026-08-04T10-12-03-019fcac1-c2c1-7fa1-9025-75f407e5c17d.jsonl;rollout-2026-08-04T10-15-17-019fcac4-b895-7d41-8678-b7e083a63a7c.jsonl;rollout-2026-08-04T10-21-58-019fcaca-d45c-71e2-b106-bf99705f2352.jsonl;rollout-2026-08-04T10-34-18-019fcad6-1ecd-7850-99bb-3c6de4e50875.jsonl;rollout-2026-08-04T10-48-23-019fcae3-056d-75d1-92ad-eb777da35982.jsonl;rollout-2026-08-04T11-16-01-019fcafc-52a7-7192-8947-b6108df3e0a0.jsonl;rollout-2026-08-04T12-06-35-019fcb2a-9ce7-77a0-883d-13f05394caa9.jsonl;rollout-2026-08-04T13-25-53-019fcb73-38aa-7dc1-a0e8-ba0bbda0b211.jsonl;rollout-2026-08-04T13-46-54-019fcb86-7621-7113-8c34-e9e4bbbbcec9.jsonl;rollout-2026-08-04T14-54-53-019fcbc4-b3f2-77f3-b7c1-a06a5366e820.jsonl;rollout-2026-08-04T15-07-44-019fcbd0-75f1-73c3-a828-838aa341eb82.jsonl;rollout-2026-08-04T16-25-55-019fcc18-0915-78d0-ba2c-e6b7a07eb9f1.jsonl,tests\Feature\EmailVerificationTest.php
tests\Feature\ExampleTest.php,True,14,16,rollout-2026-07-31T11-06-09-019fb659-d8c8-7971-aa5f-6125546bafd1.jsonl;rollout-2026-08-02T17-29-48-019fc205-cd55-7a50-950b-2f6a196b5dee.jsonl;rollout-2026-08-04T09-20-33-019fca92-996a-7fb0-beea-942596ee66ef.jsonl;rollout-2026-08-04T10-12-03-019fcac1-c2c1-7fa1-9025-75f407e5c17d.jsonl;rollout-2026-08-04T10-15-17-019fcac4-b895-7d41-8678-b7e083a63a7c.jsonl;rollout-2026-08-04T10-21-58-019fcaca-d45c-71e2-b106-bf99705f2352.jsonl;rollout-2026-08-04T10-34-18-019fcad6-1ecd-7850-99bb-3c6de4e50875.jsonl;rollout-2026-08-04T10-48-23-019fcae3-056d-75d1-92ad-eb777da35982.jsonl;rollout-2026-08-04T11-16-01-019fcafc-52a7-7192-8947-b6108df3e0a0.jsonl;rollout-2026-08-04T12-06-35-019fcb2a-9ce7-77a0-883d-13f05394caa9.jsonl;rollout-2026-08-04T13-25-53-019fcb73-38aa-7dc1-a0e8-ba0bbda0b211.jsonl;rollout-2026-08-04T13-46-54-019fcb86-7621-7113-8c34-e9e4bbbbcec9.jsonl;rollout-2026-08-04T14-54-53-019fcbc4-b3f2-77f3-b7c1-a06a5366e820.jsonl;rollout-2026-08-04T16-25-55-019fcc18-0915-78d0-ba2c-e6b7a07eb9f1.jsonl,tests\Feature\ExampleTest.php
tests\Feature\PasswordConfirmationTest.php,True,14,14,rollout-2026-07-31T11-06-09-019fb659-d8c8-7971-aa5f-6125546bafd1.jsonl;rollout-2026-08-02T17-29-48-019fc205-cd55-7a50-950b-2f6a196b5dee.jsonl;rollout-2026-08-04T09-20-33-019fca92-996a-7fb0-beea-942596ee66ef.jsonl;rollout-2026-08-04T10-12-03-019fcac1-c2c1-7fa1-9025-75f407e5c17d.jsonl;rollout-2026-08-04T10-15-17-019fcac4-b895-7d41-8678-b7e083a63a7c.jsonl;rollout-2026-08-04T10-21-58-019fcaca-d45c-71e2-b106-bf99705f2352.jsonl;rollout-2026-08-04T10-34-18-019fcad6-1ecd-7850-99bb-3c6de4e50875.jsonl;rollout-2026-08-04T10-48-23-019fcae3-056d-75d1-92ad-eb777da35982.jsonl;rollout-2026-08-04T11-16-01-019fcafc-52a7-7192-8947-b6108df3e0a0.jsonl;rollout-2026-08-04T12-06-35-019fcb2a-9ce7-77a0-883d-13f05394caa9.jsonl;rollout-2026-08-04T13-25-53-019fcb73-38aa-7dc1-a0e8-ba0bbda0b211.jsonl;rollout-2026-08-04T13-46-54-019fcb86-7621-7113-8c34-e9e4bbbbcec9.jsonl;rollout-2026-08-04T14-54-53-019fcbc4-b3f2-77f3-b7c1-a06a5366e820.jsonl;rollout-2026-08-04T16-25-55-019fcc18-0915-78d0-ba2c-e6b7a07eb9f1.jsonl,tests\Feature\PasswordConfirmationTest.php
tests\Feature\PasswordResetTest.php,True,15,16,rollout-2026-07-31T11-06-09-019fb659-d8c8-7971-aa5f-6125546bafd1.jsonl;rollout-2026-08-02T17-29-48-019fc205-cd55-7a50-950b-2f6a196b5dee.jsonl;rollout-2026-08-04T09-20-33-019fca92-996a-7fb0-beea-942596ee66ef.jsonl;rollout-2026-08-04T10-12-03-019fcac1-c2c1-7fa1-9025-75f407e5c17d.jsonl;rollout-2026-08-04T10-15-17-019fcac4-b895-7d41-8678-b7e083a63a7c.jsonl;rollout-2026-08-04T10-21-58-019fcaca-d45c-71e2-b106-bf99705f2352.jsonl;rollout-2026-08-04T10-34-18-019fcad6-1ecd-7850-99bb-3c6de4e50875.jsonl;rollout-2026-08-04T10-48-23-019fcae3-056d-75d1-92ad-eb777da35982.jsonl;rollout-2026-08-04T11-16-01-019fcafc-52a7-7192-8947-b6108df3e0a0.jsonl;rollout-2026-08-04T12-04-05-019fcb28-5502-7851-a2a2-04d6af5ebca0.jsonl;rollout-2026-08-04T12-06-35-019fcb2a-9ce7-77a0-883d-13f05394caa9.jsonl;rollout-2026-08-04T13-25-53-019fcb73-38aa-7dc1-a0e8-ba0bbda0b211.jsonl;rollout-2026-08-04T13-46-54-019fcb86-7621-7113-8c34-e9e4bbbbcec9.jsonl;rollout-2026-08-04T14-54-53-019fcbc4-b3f2-77f3-b7c1-a06a5366e820.jsonl;rollout-2026-08-04T16-25-55-019fcc18-0915-78d0-ba2c-e6b7a07eb9f1.jsonl,tests\Feature\PasswordResetTest.php
tests\Feature\ProfileInformationTest.php,True,14,14,rollout-2026-07-31T11-06-09-019fb659-d8c8-7971-aa5f-6125546bafd1.jsonl;rollout-2026-08-02T17-29-48-019fc205-cd55-7a50-950b-2f6a196b5dee.jsonl;rollout-2026-08-04T09-20-33-019fca92-996a-7fb0-beea-942596ee66ef.jsonl;rollout-2026-08-04T10-12-03-019fcac1-c2c1-7fa1-9025-75f407e5c17d.jsonl;rollout-2026-08-04T10-15-17-019fcac4-b895-7d41-8678-b7e083a63a7c.jsonl;rollout-2026-08-04T10-21-58-019fcaca-d45c-71e2-b106-bf99705f2352.jsonl;rollout-2026-08-04T10-34-18-019fcad6-1ecd-7850-99bb-3c6de4e50875.jsonl;rollout-2026-08-04T10-48-23-019fcae3-056d-75d1-92ad-eb777da35982.jsonl;rollout-2026-08-04T11-16-01-019fcafc-52a7-7192-8947-b6108df3e0a0.jsonl;rollout-2026-08-04T12-06-35-019fcb2a-9ce7-77a0-883d-13f05394caa9.jsonl;rollout-2026-08-04T13-25-53-019fcb73-38aa-7dc1-a0e8-ba0bbda0b211.jsonl;rollout-2026-08-04T13-46-54-019fcb86-7621-7113-8c34-e9e4bbbbcec9.jsonl;rollout-2026-08-04T14-54-53-019fcbc4-b3f2-77f3-b7c1-a06a5366e820.jsonl;rollout-2026-08-04T16-25-55-019fcc18-0915-78d0-ba2c-e6b7a07eb9f1.jsonl,tests\Feature\ProfileInformationTest.php
tests\Feature\RegistrationTest.php,True,16,27,rollout-2026-07-31T11-06-09-019fb659-d8c8-7971-aa5f-6125546bafd1.jsonl;rollout-2026-08-02T17-29-48-019fc205-cd55-7a50-950b-2f6a196b5dee.jsonl;rollout-2026-08-04T08-35-38-019fca69-7aad-7c81-a41b-21d9b9b7a3a6.jsonl;rollout-2026-08-04T09-20-33-019fca92-996a-7fb0-beea-942596ee66ef.jsonl;rollout-2026-08-04T10-12-03-019fcac1-c2c1-7fa1-9025-75f407e5c17d.jsonl;rollout-2026-08-04T10-15-17-019fcac4-b895-7d41-8678-b7e083a63a7c.jsonl;rollout-2026-08-04T10-21-58-019fcaca-d45c-71e2-b106-bf99705f2352.jsonl;rollout-2026-08-04T10-34-18-019fcad6-1ecd-7850-99bb-3c6de4e50875.jsonl;rollout-2026-08-04T10-48-23-019fcae3-056d-75d1-92ad-eb777da35982.jsonl;rollout-2026-08-04T11-16-01-019fcafc-52a7-7192-8947-b6108df3e0a0.jsonl;rollout-2026-08-04T12-06-35-019fcb2a-9ce7-77a0-883d-13f05394caa9.jsonl;rollout-2026-08-04T13-25-53-019fcb73-38aa-7dc1-a0e8-ba0bbda0b211.jsonl;rollout-2026-08-04T13-46-54-019fcb86-7621-7113-8c34-e9e4bbbbcec9.jsonl;rollout-2026-08-04T14-54-53-019fcbc4-b3f2-77f3-b7c1-a06a5366e820.jsonl;rollout-2026-08-04T15-07-44-019fcbd0-75f1-73c3-a828-838aa341eb82.jsonl;rollout-2026-08-04T16-25-55-019fcc18-0915-78d0-ba2c-e6b7a07eb9f1.jsonl,tests\Feature\RegistrationTest.php
tests\Feature\TwoFactorAuthenticationSettingsTest.php,True,14,14,rollout-2026-07-31T11-06-09-019fb659-d8c8-7971-aa5f-6125546bafd1.jsonl;rollout-2026-08-02T17-29-48-019fc205-cd55-7a50-950b-2f6a196b5dee.jsonl;rollout-2026-08-04T09-20-33-019fca92-996a-7fb0-beea-942596ee66ef.jsonl;rollout-2026-08-04T10-12-03-019fcac1-c2c1-7fa1-9025-75f407e5c17d.jsonl;rollout-2026-08-04T10-15-17-019fcac4-b895-7d41-8678-b7e083a63a7c.jsonl;rollout-2026-08-04T10-21-58-019fcaca-d45c-71e2-b106-bf99705f2352.jsonl;rollout-2026-08-04T10-34-18-019fcad6-1ecd-7850-99bb-3c6de4e50875.jsonl;rollout-2026-08-04T10-48-23-019fcae3-056d-75d1-92ad-eb777da35982.jsonl;rollout-2026-08-04T11-16-01-019fcafc-52a7-7192-8947-b6108df3e0a0.jsonl;rollout-2026-08-04T12-06-35-019fcb2a-9ce7-77a0-883d-13f05394caa9.jsonl;rollout-2026-08-04T13-25-53-019fcb73-38aa-7dc1-a0e8-ba0bbda0b211.jsonl;rollout-2026-08-04T13-46-54-019fcb86-7621-7113-8c34-e9e4bbbbcec9.jsonl;rollout-2026-08-04T14-54-53-019fcbc4-b3f2-77f3-b7c1-a06a5366e820.jsonl;rollout-2026-08-04T16-25-55-019fcc18-0915-78d0-ba2c-e6b7a07eb9f1.jsonl,tests\Feature\TwoFactorAuthenticationSettingsTest.php
tests\Feature\UpdatePasswordTest.php,True,14,14,rollout-2026-07-31T11-06-09-019fb659-d8c8-7971-aa5f-6125546bafd1.jsonl;rollout-2026-08-02T17-29-48-019fc205-cd55-7a50-950b-2f6a196b5dee.jsonl;rollout-2026-08-04T09-20-33-019fca92-996a-7fb0-beea-942596ee66ef.jsonl;rollout-2026-08-04T10-12-03-019fcac1-c2c1-7fa1-9025-75f407e5c17d.jsonl;rollout-2026-08-04T10-15-17-019fcac4-b895-7d41-8678-b7e083a63a7c.jsonl;rollout-2026-08-04T10-21-58-019fcaca-d45c-71e2-b106-bf99705f2352.jsonl;rollout-2026-08-04T10-34-18-019fcad6-1ecd-7850-99bb-3c6de4e50875.jsonl;rollout-2026-08-04T10-48-23-019fcae3-056d-75d1-92ad-eb777da35982.jsonl;rollout-2026-08-04T11-16-01-019fcafc-52a7-7192-8947-b6108df3e0a0.jsonl;rollout-2026-08-04T12-06-35-019fcb2a-9ce7-77a0-883d-13f05394caa9.jsonl;rollout-2026-08-04T13-25-53-019fcb73-38aa-7dc1-a0e8-ba0bbda0b211.jsonl;rollout-2026-08-04T13-46-54-019fcb86-7621-7113-8c34-e9e4bbbbcec9.jsonl;rollout-2026-08-04T14-54-53-019fcbc4-b3f2-77f3-b7c1-a06a5366e820.jsonl;rollout-2026-08-04T16-25-55-019fcc18-0915-78d0-ba2c-e6b7a07eb9f1.jsonl,tests\Feature\UpdatePasswordTest.php
tests\TestCase.php,True,14,14,rollout-2026-07-31T11-06-09-019fb659-d8c8-7971-aa5f-6125546bafd1.jsonl;rollout-2026-08-02T17-29-48-019fc205-cd55-7a50-950b-2f6a196b5dee.jsonl;rollout-2026-08-04T09-20-33-019fca92-996a-7fb0-beea-942596ee66ef.jsonl;rollout-2026-08-04T10-12-03-019fcac1-c2c1-7fa1-9025-75f407e5c17d.jsonl;rollout-2026-08-04T10-15-17-019fcac4-b895-7d41-8678-b7e083a63a7c.jsonl;rollout-2026-08-04T10-21-58-019fcaca-d45c-71e2-b106-bf99705f2352.jsonl;rollout-2026-08-04T10-34-18-019fcad6-1ecd-7850-99bb-3c6de4e50875.jsonl;rollout-2026-08-04T10-48-23-019fcae3-056d-75d1-92ad-eb777da35982.jsonl;rollout-2026-08-04T11-16-01-019fcafc-52a7-7192-8947-b6108df3e0a0.jsonl;rollout-2026-08-04T12-06-35-019fcb2a-9ce7-77a0-883d-13f05394caa9.jsonl;rollout-2026-08-04T13-25-53-019fcb73-38aa-7dc1-a0e8-ba0bbda0b211.jsonl;rollout-2026-08-04T13-46-54-019fcb86-7621-7113-8c34-e9e4bbbbcec9.jsonl;rollout-2026-08-04T14-54-53-019fcbc4-b3f2-77f3-b7c1-a06a5366e820.jsonl;rollout-2026-08-04T16-25-55-019fcc18-0915-78d0-ba2c-e6b7a07eb9f1.jsonl,tests\TestCase.php
tests\Unit\ExampleTest.php,True,14,14,rollout-2026-07-31T11-06-09-019fb659-d8c8-7971-aa5f-6125546bafd1.jsonl;rollout-2026-08-02T17-29-48-019fc205-cd55-7a50-950b-2f6a196b5dee.jsonl;rollout-2026-08-04T09-20-33-019fca92-996a-7fb0-beea-942596ee66ef.jsonl;rollout-2026-08-04T10-12-03-019fcac1-c2c1-7fa1-9025-75f407e5c17d.jsonl;rollout-2026-08-04T10-15-17-019fcac4-b895-7d41-8678-b7e083a63a7c.jsonl;rollout-2026-08-04T10-21-58-019fcaca-d45c-71e2-b106-bf99705f2352.jsonl;rollout-2026-08-04T10-34-18-019fcad6-1ecd-7850-99bb-3c6de4e50875.jsonl;rollout-2026-08-04T10-48-23-019fcae3-056d-75d1-92ad-eb777da35982.jsonl;rollout-2026-08-04T11-16-01-019fcafc-52a7-7192-8947-b6108df3e0a0.jsonl;rollout-2026-08-04T12-06-35-019fcb2a-9ce7-77a0-883d-13f05394caa9.jsonl;rollout-2026-08-04T13-25-53-019fcb73-38aa-7dc1-a0e8-ba0bbda0b211.jsonl;rollout-2026-08-04T13-46-54-019fcb86-7621-7113-8c34-e9e4bbbbcec9.jsonl;rollout-2026-08-04T14-54-53-019fcbc4-b3f2-77f3-b7c1-a06a5366e820.jsonl;rollout-2026-08-04T16-25-55-019fcc18-0915-78d0-ba2c-e6b7a07eb9f1.jsonl,tests\Unit\ExampleTest.php
tools\fix_sale_out_transactions.php,False,2,20,rollout-2026-08-04T11-30-54-019fcb09-f095-73f0-a684-f990ae1268d9.jsonl;rollout-2026-08-04T20-47-31-019fcd07-8c5b-7af3-b9ec-87cb36d7a952.jsonl,*** Add File: tools/fix_sale_out_transactions.php
vite.config.js,True,23,42,rollout-2026-07-31T11-06-09-019fb659-d8c8-7971-aa5f-6125546bafd1.jsonl;rollout-2026-08-02T17-29-48-019fc205-cd55-7a50-950b-2f6a196b5dee.jsonl;rollout-2026-08-03T11-06-38-019fc5cd-5f39-7863-a5b2-93a372b3a4ab.jsonl;rollout-2026-08-04T08-03-01-019fca4b-9f33-7ca2-beed-c0a735c6d12c.jsonl;rollout-2026-08-04T08-35-38-019fca69-7aad-7c81-a41b-21d9b9b7a3a6.jsonl;rollout-2026-08-04T09-20-33-019fca92-996a-7fb0-beea-942596ee66ef.jsonl;rollout-2026-08-04T10-12-03-019fcac1-c2c1-7fa1-9025-75f407e5c17d.jsonl;rollout-2026-08-04T10-15-17-019fcac4-b895-7d41-8678-b7e083a63a7c.jsonl;rollout-2026-08-04T10-19-37-019fcac8-aef6-7891-b93f-98ea184a621a.jsonl;rollout-2026-08-04T10-21-58-019fcaca-d45c-71e2-b106-bf99705f2352.jsonl;rollout-2026-08-04T10-34-18-019fcad6-1ecd-7850-99bb-3c6de4e50875.jsonl;rollout-2026-08-04T10-48-23-019fcae3-056d-75d1-92ad-eb777da35982.jsonl;rollout-2026-08-04T11-16-01-019fcafc-52a7-7192-8947-b6108df3e0a0.jsonl;rollout-2026-08-04T11-30-54-019fcb09-f095-73f0-a684-f990ae1268d9.jsonl;rollout-2026-08-04T12-04-05-019fcb28-5502-7851-a2a2-04d6af5ebca0.jsonl;rollout-2026-08-04T12-06-35-019fcb2a-9ce7-77a0-883d-13f05394caa9.jsonl;rollout-2026-08-04T13-25-53-019fcb73-38aa-7dc1-a0e8-ba0bbda0b211.jsonl;rollout-2026-08-04T13-46-54-019fcb86-7621-7113-8c34-e9e4bbbbcec9.jsonl;rollout-2026-08-04T14-54-53-019fcbc4-b3f2-77f3-b7c1-a06a5366e820.jsonl;rollout-2026-08-04T15-01-41-019fcbca-eaed-74d1-bf45-177cdb3f3491.jsonl;rollout-2026-08-04T15-07-44-019fcbd0-75f1-73c3-a828-838aa341eb82.jsonl;rollout-2026-08-04T16-25-55-019fcc18-0915-78d0-ba2c-e6b7a07eb9f1.jsonl;rollout-2026-08-04T20-47-31-019fcd07-8c5b-7af3-b9ec-87cb36d7a952.jsonl,-a----         7/10/2026  08:36 AM            263 vite.config.js                                                       
